Name,Title,Domain,BreachDate,AddedDate,ModifiedDate,PwnCount,Description,LogoPath,DataClasses,IsVerified,IsFabricated,IsSensitive,IsRetired,IsSpamList,IsMalware,IsSubscriptionFree
000webhost,000webhost,000webhost.com,2015-03-01,2015-10-26 23:35:45+00:00,2017-12-10 21:44:27+00:00,14936670,"in approximately march 2015, the free web hosting provider <a href=""http://www.troyhunt.com/2015/10/breaches-traders-plain-text-passwords.html"" target=""_blank"" rel=""noopener"">000webhost suffered a major data breach</a> that exposed almost 15 million customer records. the data was sold and traded before 000webhost was alerted in october. the breach included names, email addresses and plain text passwords.",https://haveibeenpwned.com/content/images/pwnedlogos/000webhost.png,"['email addresses', 'ip addresses', 'names', 'passwords']",True,False,False,False,False,False,False
123rf,123rf,123rf.com,2020-03-22,2020-11-15 00:59:50+00:00,2020-11-15 01:07:10+00:00,8661578,"in march 2020, the stock photo site <a href=""https://www.bleepingcomputer.com/news/security/popular-stock-photo-service-hit-by-data-breach-83m-records-for-sale/"" target=""_blank"" rel=""noopener"">123rf suffered a data breach</a> which impacted over 8 million subscribers and was subsequently sold online. the breach included email, ip and physical addresses, names, phone numbers and passwords stored as md5 hashes. the data was provided to hibp by <a href=""https://dehashed.com/"" target=""_blank"" rel=""noopener"">dehashed.com</a>.",https://haveibeenpwned.com/content/images/pwnedlogos/123rf.png,"['email addresses', 'ip addresses', 'names', 'passwords', 'phone numbers', 'physical addresses', 'usernames']",True,False,False,False,False,False,False
126,126,126.com,2012-01-01,2016-10-08 07:46:05+00:00,2016-10-08 07:46:05+00:00,6414191,"in approximately 2012, it's alleged that the chinese email service known as <a href=""http://126.com"" target=""_blank"" rel=""noopener"">126</a> suffered a data breach that impacted 6.4 million subscribers. whilst there is evidence that the data is legitimate, due to the difficulty of emphatically verifying the chinese breach it has been flagged as &quot;unverified&quot;. the data in the breach contains email addresses and plain text passwords. <a href=""https://www.troyhunt.com/handling-chinese-data-breaches-in-have-i-been-pwned/"" target=""_blank"" rel=""noopener"">read more about chinese data breaches in have i been pwned.</a>",https://haveibeenpwned.com/content/images/pwnedlogos/126.png,"['email addresses', 'passwords']",False,False,False,False,False,False,False
17media,17,17app.co,2016-04-19,2016-07-08 01:55:03+00:00,2016-07-08 01:55:03+00:00,4009640,"in april 2016, customer data obtained from the streaming app known as &quot;17&quot; <a href=""http://motherboard.vice.com/read/another-day-another-hack-millions-of-user-accounts-for-streaming-app-17"" target=""_blank"" rel=""noopener"">appeared listed for sale on a tor hidden service marketplace</a>. the data contained over 4 million unique email addresses along with ip addresses, usernames and passwords stored as unsalted md5 hashes.",https://haveibeenpwned.com/content/images/pwnedlogos/17media.png,"['device information', 'email addresses', 'ip addresses', 'passwords', 'usernames']",True,False,False,False,False,False,False
17173,17173,17173.com,2011-12-28,2018-04-28 04:53:15+00:00,2018-04-28 04:53:15+00:00,7485802,"in late 2011, <a href=""https://news.softpedia.com/news/china-investigates-hacking-operations-that-exposed-100-million-users-244312.shtml"" target=""_blank"" rel=""noopener"">a series of data breaches in china affected up to 100 million users</a>, including 7.5 million from the gaming site known as 17173. whilst there is evidence that the data is legitimate, due to the difficulty of emphatically verifying the chinese breach it has been flagged as &quot;unverified&quot;. the data in the breach contains usernames, email addresses and salted md5 password hashes and was provided with support from <a href=""https://dehashed.com/"" target=""_blank"" rel=""noopener"">dehashed.com</a>. <a href=""https://www.troyhunt.com/handling-chinese-data-breaches-in-have-i-been-pwned/"" target=""_blank"" rel=""noopener"">read more about chinese data breaches in have i been pwned.</a>",https://haveibeenpwned.com/content/images/pwnedlogos/17173.png,"['email addresses', 'passwords', 'usernames']",False,False,False,False,False,False,False
2844breaches,"2,844 separate data breaches",,2018-02-19,2018-02-26 10:06:02+00:00,2018-02-26 10:06:02+00:00,80115532,"in february 2018, <a href=""https://www.troyhunt.com/ive-just-added-2844-new-data-breaches-with-80m-records-to-have-i-been-pwned/"" target=""_blank"" rel=""noopener"">a massive collection of almost 3,000 alleged data breaches was found online</a>. whilst some of the data had previously been seen in have i been pwned, 2,844 of the files consisting of more than 80 million unique email addresses had not previously been seen. each file contained both an email address and plain text password and were consequently loaded as a single &quot;unverified&quot; data breach.",https://haveibeenpwned.com/content/images/pwnedlogos/list.png,"['email addresses', 'passwords']",False,False,False,False,False,False,False
2fast4u,2fast4u,2fast4u.be,2017-12-20,2018-01-07 08:19:39+00:00,2018-01-07 08:19:39+00:00,17706,"in december 2017, the belgian motorcycle forum <a href=""https://www.2fast4u.be"" target=""_blank"" rel=""noopener"">2fast4u</a> discovered a data breach of their system. the breach of the vbulletin message board impacted over 17k individual users and exposed email addresses, usersnames and salted md5 passwords.",https://haveibeenpwned.com/content/images/pwnedlogos/2fast4u.png,"['email addresses', 'passwords', 'usernames']",True,False,False,False,False,False,False
500px,500px,500px.com,2018-07-05,2019-03-25 08:01:09+00:00,2019-03-25 08:01:09+00:00,14867999,"in mid-2018, the online photography community <a href=""https://support.500px.com/hc/en-us/articles/360017752493-security-issue-february-2019-faq"" target=""_blank"" rel=""noopener"">500px suffered a data breach</a>. the incident exposed almost 15 million unique email addresses alongside names, usernames, genders, dates of birth and either an md5 or bcrypt password hash. in 2019, <a href=""https://www.theregister.co.uk/2019/02/11/620_million_hacked_accounts_dark_web/"" target=""_blank"" rel=""noopener"">the data appeared listed for sale on a dark web marketplace</a> (along with several other large breaches) and subsequently began circulating more broadly. the data was provided to hibp by a source who requested it to be attributed to &quot;benjaminblue@exploit.im&quot;.",https://haveibeenpwned.com/content/images/pwnedlogos/500px.png,"['dates of birth', 'email addresses', 'genders', 'geographic locations', 'names', 'passwords', 'usernames']",True,False,False,False,False,False,False
7k7k,7k7k,7k7k.com,2011-01-01,2017-09-26 21:54:01+00:00,2017-09-26 21:54:01+00:00,9121434,"in approximately 2011, it's alleged that the chinese gaming site known as <a href=""http://www.7k7k.com"" target=""_blank"" rel=""noopener"">7k7k</a> suffered a data breach that impacted 9.1 million subscribers. whilst there is evidence that the data is legitimate, due to the difficulty of emphatically verifying the chinese breach it has been flagged as &quot;unverified&quot;. the data in the breach contains usernames, email addresses and plain text passwords. <a href=""https://www.troyhunt.com/handling-chinese-data-breaches-in-have-i-been-pwned/"" target=""_blank"" rel=""noopener"">read more about chinese data breaches in have i been pwned.</a>",https://haveibeenpwned.com/content/images/pwnedlogos/7k7k.png,"['email addresses', 'passwords', 'usernames']",False,False,False,False,False,False,False
8fit,8fit,8fit.com,2018-07-01,2019-03-21 18:50:00+00:00,2019-03-21 18:50:00+00:00,15025407,"in july 2018, the health and fitness service <a href=""https://8fit.zendesk.com/hc/en-us/articles/360017746394-notice"" target=""_blank"" rel=""noopener"">8fit suffered a data breach</a>. the data subsequently appeared for sale on a dark web marketplace in february 2019 and included over 15m unique email addresses alongside names, genders, ip addresses and passwords stored as bcrypt hashes. the data was provided to hibp by <a href=""https://dehashed.com/"" target=""_blank"" rel=""noopener"">dehashed.com</a>.",https://haveibeenpwned.com/content/images/pwnedlogos/8fit.png,"['email addresses', 'genders', 'geographic locations', 'ip addresses', 'names', 'passwords']",True,False,False,False,False,False,False
8tracks,8tracks,8tracks.com,2017-06-27,2018-02-16 07:09:30+00:00,2019-08-25 08:52:21+00:00,17979961,"in june 2017, the online playlists service known as <a href=""https://blog.8tracks.com/2017/06/27/password-security-alert/"" target=""_blank"" rel=""noopener"">8tracks suffered a data breach</a> which impacted 18 million accounts. in their disclosure, 8tracks advised that &quot;the vector for the attack was an employee’s github account, which was not secured using two-factor authentication&quot;. salted sha-1 password hashes for users who <em>didn't</em> sign up with either google or facebook authentication were also included. the data was provided to hibp by whitehat security researcher and data analyst adam davies and contained almost 8 million unique email addresses. the complete set of 18m records was later provided by jimscott.sec@protonmail.com and updated in hibp accordingly.",https://haveibeenpwned.com/content/images/pwnedlogos/8tracks.png,"['email addresses', 'passwords']",True,False,False,False,False,False,False
abandonia,abandonia (2015),abandonia.com,2015-11-01,2017-06-05 05:56:47+00:00,2022-12-07 05:56:07+00:00,776125,"in november 2015, the gaming website dedicated to classic dos games <a href=""http://www.abandonia.com"" target=""_blank"" rel=""noopener"">abandonia</a> suffered a data breach resulting in the exposure of 776k unique user records. the data contained email and ip addresses, usernames and salted md5 hashes of passwords.",https://haveibeenpwned.com/content/images/pwnedlogos/abandonia.png,"['email addresses', 'ip addresses', 'passwords', 'usernames']",True,False,False,False,False,False,False
abandonia2022,abandonia (2022),abandonia.com,2022-11-15,2022-12-07 06:04:17+00:00,2022-12-11 12:25:07+00:00,919790,"in november 2022, the gaming website dedicated to classic dos games <a href=""https://twitter.com/falconfeedsio/status/1594670215471792130"" target=""_blank"" rel=""noopener"">abandonia</a> suffered a data breach resulting in the exposure of 920k unique user records. this breach was in addition to another one 7 years earlier in 2015. the data contained email and ip addresses, usernames and salted md5 hashes of passwords.",https://haveibeenpwned.com/content/images/pwnedlogos/abandonia.png,"['email addresses', 'ip addresses', 'passwords', 'usernames']",True,False,False,False,False,False,False
abusewithus,abusewith.us,abusewith.us,2016-07-01,2017-10-09 11:08:45+00:00,2017-10-09 11:08:45+00:00,1372550,"in 2016, the site dedicated to helping people hack email and online gaming accounts known as abusewith.us suffered multiple data breaches. the site <a href=""https://krebsonsecurity.com/2017/02/who-ran-leakedsource-com/"" target=""_blank"" rel=""noopener"">allegedly had an administrator in common with the nefarious leakedsource site</a>, both of which have since been shut down. the exposed data included more than 1.3 million unique email addresses, often accompanied by usernames, ip addresses and plain text or hashed passwords retrieved from various sources and intended to be used to compromise the victims' accounts.",https://haveibeenpwned.com/content/images/pwnedlogos/abusewithus.png,"['email addresses', 'ip addresses', 'passwords', 'usernames']",True,False,False,False,False,False,False
acneorg,acne.org,acne.org,2014-11-25,2016-03-06 11:07:41+00:00,2016-03-06 11:07:41+00:00,432943,"in november 2014, the acne website <a href=""http://www.acne.org/"" target=""_blank"" rel=""noopener"">acne.org</a> suffered a data breach that exposed over 430k forum members' accounts. the data was being actively traded on underground forums and included email addresses, birth dates and passwords.",https://haveibeenpwned.com/content/images/pwnedlogos/acneorg.png,"['dates of birth', 'email addresses', 'ip addresses', 'passwords', 'usernames']",True,False,False,False,False,False,False
activision,activision,activision.com,2022-12-04,2023-10-03 07:09:49+00:00,2023-10-03 07:09:49+00:00,16006,"in december 2022, <a href=""https://www.bleepingcomputer.com/news/security/hacker-leaks-alleged-activision-employee-data-on-cybercrime-forum/"" target=""_blank"" rel=""noopener"">attackers socially engineered an activision hr employee into disclosing information which led to the breach of almost 20k employee records</a>. the data contained 16k unique email addresses along with names, phone numbers, job titles and the office location of the employee. activision advised that no sensitive employee information was included in the breach.",https://haveibeenpwned.com/content/images/pwnedlogos/activision.png,"['email addresses', 'geographic locations', 'job titles', 'names', 'phone numbers']",True,False,False,False,False,False,False
actmobile,actmobile,actmobile.com,2021-10-08,2021-11-09 07:55:03+00:00,2021-11-09 07:55:03+00:00,1583193,"in october 2021, <a href=""https://www.comparitech.com/blog/information-security/vpn-database-leak/"" target=""_blank"" rel=""noopener"">security researcher bob diachenko discovered an exposed database he attributed to actmobile, the operators of dash vpn and freevpn</a>. the exposed data included 1.6 million unique email addresses along with ip addresses and password hashes, all of which were subsequently leaked on a popular hacking forum. although usage of the service was verified by hibp subscribers, <a href=""https://www.databreaches.net/shoot-the-messenger-monday-edition-actmobile-threatens-researcher-whose-only-sin-was-trying-to-let-them-know-they-are-leaking-data/"" target=""_blank"" rel=""noopener"">actmobile denied the data was sourced from them</a> and the breach has subsequently been flagged as &quot;unverified&quot;.",https://haveibeenpwned.com/content/images/pwnedlogos/actmobile.png,"['email addresses', 'ip addresses']",False,False,False,False,False,False,False
acuity,acuity,,2020-06-18,2023-11-15 07:16:23+00:00,2023-11-15 07:16:23+00:00,14055729,"in mid-2020, <a href=""https://www.troyhunt.com/acuity-who-attempts-and-failures-to-attribute-437gb-of-breached-data"" target=""_blank"" rel=""noopener"">a 437gb corpus of data attributed to an entity named &quot;acuity&quot; was created and later extensively distributed</a>. however, the source could not be confidently verified as any known companies named acuity. the data totalled over 14m unique email addresses with each row containing extensive personal information across more than 400 columns of data including names, phone numbers, physical addresses, genders and dates of birth.",https://haveibeenpwned.com/content/images/pwnedlogos/list.png,"['dates of birth', 'email addresses', 'genders', 'ip addresses', 'names', 'phone numbers', 'physical addresses', 'salutations']",True,False,False,False,True,False,False
adapt,adapt,adapt.io,2018-11-05,2018-11-22 19:43:06+00:00,2018-11-22 19:43:06+00:00,9363740,"in november 2018, <a href=""https://blog.hackenproof.com/industry-news/another-decision-makers-database-leaked/"" target=""_blank"" rel=""noopener"">security researcher bob diachenko identified an unprotected database hosted by data aggregator &quot;adapt&quot;</a>. a provider of &quot;fresh quality contacts&quot;, the service exposed over 9.3m unique records of individuals and employer information including their names, employers, job titles, contact information and data relating to the employer including organisation description, size and revenue. no response was received from adapt when contacted.",https://haveibeenpwned.com/content/images/pwnedlogos/adapt.png,"['email addresses', 'employers', 'job titles', 'names', 'phone numbers', 'physical addresses', 'social media profiles']",True,False,False,False,False,False,False
adecco,adecco,adecco.com,2021-01-03,2022-05-31 06:33:24+00:00,2022-05-31 06:37:53+00:00,4284538,"in march 2021, <a href=""https://cybernews.com/security/5-million-adecco-com-users-data-leaked/"" target=""_blank"" rel=""noopener"">news broke of a massive data breach impacting millions of adecco customers in south america</a> which was subsequently sold on a popular hacking forum. the breach exposed over 4m unique email addresses as well as genders, dates of birth, marital statuses, phone numbers and passwords stored as bcrypt hashes.",https://haveibeenpwned.com/content/images/pwnedlogos/adecco.png,"['email addresses', 'genders', 'geographic locations', 'marital statuses', 'names', 'passwords', 'phone numbers']",True,False,False,False,False,False,False
abfrl,aditya birla fashion and retail,abfrl.com,2021-12-01,2022-01-15 02:58:39+00:00,2022-01-15 03:02:43+00:00,5470063,"in december 2021, indian retailer <a href=""https://restoreprivacy.com/aditya-birla-fashion-and-retail-ltd-abfrl-hack-2022/"" target=""_blank"" rel=""noopener"">aditya birla fashion and retail ltd was breached and ransomed</a>. the ransom demand was allegedly rejected and data containing 5.4m unique email addresses was subsequently dumped publicly on a popular hacking forum the next month. the data contained extensive personal customer information including names, phone numbers, physical addresses, dobs, order histories and passwords stored as md5 hashes. employee data was also dumped publicly and included salary grades, marital statuses and religions. the data was provided to hibp by a source who requested it be attributed to &quot;white_peacock@riseup.net&quot;.",https://haveibeenpwned.com/content/images/pwnedlogos/abfrl.png,"['email addresses', 'genders', 'income levels', 'job titles', 'marital statuses', 'names', 'passwords', 'phone numbers', 'physical addresses', 'purchases', 'religions', 'salutations']",True,False,False,False,False,False,False
adobe,adobe,adobe.com,2013-10-04,2013-12-04 00:00:00+00:00,2022-05-15 23:52:49+00:00,152445165,"in october 2013, 153 million adobe accounts were breached with each containing an internal id, username, email, <em>encrypted</em> password and a password hint in plain text. the password cryptography was poorly done and many were quickly resolved back to plain text. the unencrypted hints also <a href=""http://www.troyhunt.com/2013/11/adobe-credentials-and-serious.html"" target=""_blank"" rel=""noopener"">disclosed much about the passwords</a> adding further to the risk that hundreds of millions of adobe customers already faced.",https://haveibeenpwned.com/content/images/pwnedlogos/adobe.png,"['email addresses', 'password hints', 'passwords', 'usernames']",True,False,False,False,False,False,False
adultfriendfinder,adult friendfinder (2015),adultfriendfinder.com,2015-05-21,2015-05-22 06:03:44+00:00,2020-02-07 01:11:13+00:00,3867997,"in may 2015, the adult hookup site <a href=""http://www.bbc.com/news/business-32839196"" target=""_blank"" rel=""noopener"">adult friendfinder was hacked</a> and nearly 4 million records dumped publicly. the data dump included extremely sensitive personal information about individuals and their relationship statuses and sexual preferences combined with personally identifiable information.",https://haveibeenpwned.com/content/images/pwnedlogos/adultfriendfinder.png,"['dates of birth', 'email addresses', 'genders', 'geographic locations', 'ip addresses', 'races', 'relationship statuses', 'sexual orientations', 'spoken languages', 'usernames']",True,False,True,False,False,False,False
adultfriendfinder2016,adult friendfinder (2016),adultfriendfinder.com,2016-10-16,2020-02-06 23:53:53+00:00,2020-02-07 01:11:28+00:00,169746810,"in october 2016, the adult entertainment company <a href=""https://www.zdnet.com/article/adultfriendfinder-network-hack-exposes-secrets-of-412-million-users/"" target=""_blank"" rel=""noopener"">friend finder networks suffered a massive data breach</a>. the incident impacted multiple separate online assets owned by the company, the largest of which was the adult friendfinder website alleged to be &quot;the world's largest sex &amp; swinger community&quot;. exposed data included usernames, passwords stored as sha-1 hashes and 170 million unique email addresses. this incident is separate to the 2015 data breach adult friendfinder also suffered. the data was provided to hibp by <a href=""https://dehashed.com/"" target=""_blank"" rel=""noopener"">dehashed.com</a>.",https://haveibeenpwned.com/content/images/pwnedlogos/adultfriendfinder.png,"['email addresses', 'passwords', 'spoken languages', 'usernames']",True,False,True,False,False,False,False
adultfanfiction,adult-fanfiction.org,adult-fanfiction.org,2018-05-30,2018-08-06 08:56:03+00:00,2018-08-06 08:56:03+00:00,186082,"in may 2018, the website for sharing adult-orientated works of fiction known as <a href=""http://www.adult-fanfiction.org"" target=""_blank"" rel=""noopener"">adult-fanfiction.org</a> had 186k records exposed in a data breach. the data contained names, email addresses, dates of birth and passwords stored as <em>both</em> md5 hashes and plain text. aff did not respond when contacted about the breach and the site was previously reported as compromised on the <a href=""https://vigilante.pw/"" target=""_blank"" rel=""noopener"">vigilante.pw</a> breached database directory.",https://haveibeenpwned.com/content/images/pwnedlogos/adultfanfiction.png,"['dates of birth', 'email addresses', 'names', 'passwords']",True,False,True,False,False,False,False
aerserv,aerserv,aerserv.com,2018-04-01,2018-12-06 02:58:12+00:00,2018-12-06 02:58:12+00:00,66308,"in april 2018, the ad management platform known as <a href=""https://www.aerserv.com/"" target=""_blank"" rel=""noopener"">aerserv</a> suffered a data breach. acquired by inmobi earlier in the year, the aerserv breach impacted over 66k unique email addresses and also included contact information and passwords stored as salted sha-512 hashes. the data was publicly posted to twitter later in 2018 after which inmobi was notified and advised they were aware of the incident.",https://haveibeenpwned.com/content/images/pwnedlogos/aerserv.png,"['email addresses', 'employers', 'job titles', 'names', 'passwords', 'phone numbers', 'physical addresses']",True,False,False,False,False,False,False
agusiqtorrents,agusiq-torrents.pl,agusiq-torrents.pl,2019-09-24,2019-12-04 21:54:50+00:00,2019-12-04 21:54:50+00:00,90478,"in september 2019, polish torrent site <a href=""http://agusiq-torrents.pl/"" target=""_blank"" rel=""noopener"">agusiq-torrents.pl</a> suffered a data breach. the incident exposed 90k member records including email and ip addresses, usernames and passwords stored as md5 hashes.",https://haveibeenpwned.com/content/images/pwnedlogos/agusiqtorrents.png,"['email addresses', 'ip addresses', 'passwords', 'usernames']",True,False,False,False,False,False,False
ahashare,ahashare.com,ahashare.com,2013-05-30,2014-11-06 21:47:52+00:00,2014-11-06 21:47:52+00:00,180468,"in may 2013, the torrent site <a href=""http://www.ahashare.com"">ahashare.com</a> suffered a breach which resulted in more than 180k user accounts being published publicly. the breach included a raft of personal information on registered users plus despite assertions of not distributing personally identifiable information, the site also leaked the ip addresses used by the registered identities.",https://haveibeenpwned.com/content/images/pwnedlogos/ahashare.png,"['email addresses', 'genders', 'geographic locations', 'ip addresses', 'partial dates of birth', 'passwords', 'usernames', 'website activity']",True,False,False,False,False,False,False
aitype,ai.type,aitype.com,2017-12-05,2017-12-08 21:31:25+00:00,2017-12-08 21:31:25+00:00,20580060,"in december 2017, the virtual keyboard application <a href=""https://mackeepersecurity.com/post/virtual-keyboard-developer-leaked-31-million-of-client-records"" target=""_blank"" rel=""noopener"">ai.type was found to have left a huge amount of data publicly facing in an unsecured mongodb instance</a>. discovered by researchers at the kromtech security center, the 577gb data set included extensive personal information including over 20 million unique email addresses, social media profiles and address book contacts. the email addresses alone were provided to hibp to enable impacted users to assess their exposure.",https://haveibeenpwned.com/content/images/pwnedlogos/aitype.png,"['address book contacts', 'apps installed on devices', 'cellular network names', 'dates of birth', 'device information', 'email addresses', 'genders', 'geographic locations', 'imei numbers', 'imsi numbers', 'ip addresses', 'names', 'phone numbers', 'profile photos', 'social media profiles']",True,False,False,False,False,False,False
aimware,aimware,aimware.net,2019-04-28,2022-05-02 02:13:41+00:00,2022-05-02 02:23:27+00:00,305470,"in mid-2019, the video game cheats website &quot;aimware&quot; suffered a data breach that exposed hundreds of thousands of subscribers' personal information. data included email and ip addresses, usernames, forum posts, private messages, website activity and passwords stored as salted md5 hashes. the data was provided to hibp by a source who requested it be attributed to &quot;clerk/anthrax/soontoberichh&quot;.",https://haveibeenpwned.com/content/images/pwnedlogos/aimware.png,"['email addresses', 'ip addresses', 'passwords', 'private messages', 'usernames', 'website activity']",True,False,False,False,False,False,False
aipai,aipai.com,aipai.com,2016-09-27,2016-11-07 21:55:29+00:00,2016-11-07 21:55:29+00:00,6496778,"in september 2016, data allegedly obtained from the chinese gaming website known as <a href=""http://aipai.com"" target=""_blank"" rel=""noopener"">aipai.com</a> and containing 6.5m accounts was leaked online. whilst there is evidence that the data is legitimate, due to the difficulty of emphatically verifying the chinese breach it has been flagged as &quot;unverified&quot;. the data in the breach contains email addresses and md5 password hashes. <a href=""https://www.troyhunt.com/handling-chinese-data-breaches-in-have-i-been-pwned/"" target=""_blank"" rel=""noopener"">read more about chinese data breaches in have i been pwned.</a>",https://haveibeenpwned.com/content/images/pwnedlogos/aipai.png,"['email addresses', 'passwords']",False,False,False,False,False,False,False
ajarn,ajarn,ajarn.com,2018-12-13,2021-09-26 03:45:38+00:00,2021-09-26 03:45:38+00:00,266399,"in september 2021, the thai-based english language teaching website <a href=""https://www.ajarn.com/data-breach"" target=""_blank"" rel=""noopener"">ajarn discovered they'd been the victim of a data breach dating back to december 2018</a>. the breach was self-submitted to hibp and included 266k email addresses, names, genders, phone numbers and other personal information. hashed passwords were also impacted in the breach.",https://haveibeenpwned.com/content/images/pwnedlogos/ajarn.png,"['dates of birth', 'education levels', 'email addresses', 'genders', 'geographic locations', 'job applications', 'marital statuses', 'names', 'nationalities', 'passwords', 'phone numbers', 'profile photos']",True,False,False,False,False,False,False
akp,akp emails,akparti.org.tr,2016-07-19,2017-10-01 03:52:37+00:00,2017-10-01 03:52:37+00:00,917461,"in july 2016, a hacker known as phineas fisher <a href=""https://motherboard.vice.com/en_us/article/yp3n55/phineas-fisher-turkish-government-hack"" target=""_blank"" rel=""noopener"">hacked turkey's ruling party (justice and development party or &quot;akp&quot;) and gained access to 300k emails</a>. the full contents of the emails were subsequently <a href=""https://wikileaks.org/akp-emails/"" target=""_blank"" rel=""noopener"">published by wikileaks and made searchable</a>. hibp identified over 917k unique email address patterns in the data set, including message ids and a number of other non-user addresses.",https://haveibeenpwned.com/content/images/pwnedlogos/akp.png,"['email addresses', 'email messages']",True,False,False,False,False,False,False
amartfurniture,amart furniture,amartfurniture.com.au,2022-05-16,2022-05-25 23:43:23+00:00,2022-05-25 23:43:23+00:00,108940,"in may 2022, the australian retailer <a href=""https://www.ozbargain.com.au/node/701231"" target=""_blank"" rel=""noopener"">amart furniture advised that their warranty claims database hosted on amazon web services had been the target of a cyber attack</a>. over 100k records containing email and physical address, names, phone numbers and passwords stored as bcrypt hashes were exposed and shared online by the attacker.",https://haveibeenpwned.com/content/images/pwnedlogos/amartfurniture.png,"['email addresses', 'names', 'passwords', 'phone numbers', 'physical addresses']",True,False,False,False,False,False,False
ancestry,ancestry,ancestry.com,2015-11-07,2017-12-24 04:28:45+00:00,2017-12-24 04:28:45+00:00,297806,"in november 2015, an ancestry service known as <a href=""https://blogs.ancestry.com/ancestry/2017/12/23/rootsweb-security-update/"" target=""_blank"" rel=""noopener"">rootsweb suffered a data breach</a>. the breach was not discovered until late 2017 when a file containing almost 300k email addresses and plain text passwords was identified.",https://haveibeenpwned.com/content/images/pwnedlogos/ancestry.png,"['email addresses', 'passwords']",True,False,False,False,False,False,False
androidforums,android forums,androidforums.com,2011-10-30,2015-12-20 06:47:19+00:00,2020-08-07 23:29:01+00:00,745355,"in october 2011, the android forums website <a href=""http://www.pcworld.com/article/259201/online_android_forum_hacked_user_data_accessed.html"" target=""_blank"" rel=""noopener"">was hacked</a> and 745k user accounts were subsequently leaked publicly. the compromised data included email addresses, user birth dates and passwords stored as a salted md5 hash.",https://haveibeenpwned.com/content/images/pwnedlogos/androidforums.png,"['dates of birth', 'email addresses', 'homepage urls', 'instant messenger identities', 'ip addresses', 'passwords']",True,False,False,False,False,False,False
androidlista,androidlista,androidlista.com,2021-07-28,2023-10-17 21:15:55+00:00,2023-10-17 21:18:24+00:00,6640643,"in july 2021, the android applications and games review site <a href=""https://www.androidlista.com/"" target=""_blank"" rel=""noopener"">androidlista</a> suffered a data breach. the incident exposed 6.6m user records containing email addresses, names, usernames and passwords stored as salted sha-1 hashes, all of which were subsequently posted to a popular hacking forum. androidlista did not respond when contacted about the breach.",https://haveibeenpwned.com/content/images/pwnedlogos/androidlista.png,"['email addresses', 'names', 'passwords', 'usernames']",True,False,False,False,False,False,False
animaljam,animal jam,animaljam.com,2020-10-12,2020-11-12 01:18:50+00:00,2020-11-12 01:18:50+00:00,7104998,"in october 2020, the online game for kids <a href=""https://www.animaljam.com/en/2020databreach"" target=""_blank"" rel=""noopener"">animal jam suffered a data breach</a> which was subsequently shared through online hacking communities the following month. the data contained 46 million user accounts with over 7 million unique email addresses. impacted data also included usernames, ip addresses and for some records, dates of birth (sometimes in partial form), physical addresses, parent names and passwords stored as pbkdf2 hashes.",https://haveibeenpwned.com/content/images/pwnedlogos/animaljam.png,"['dates of birth', 'email addresses', 'genders', 'ip addresses', 'names', 'passwords', 'physical addresses', 'usernames']",True,False,False,False,False,False,False
animegame,animegame,animegame.me,2020-02-27,2020-03-09 05:52:08+00:00,2020-03-09 05:52:08+00:00,1431378,"in february 2020, the gaming website <a href=""http://animegame.me/"" target=""_blank"" rel=""noopener"">animegame</a> suffered a data breach. the incident affected 1.4m subscribers and exposed email addresses, usernames and passwords stored as salted md5 hashes. the data was subsequently shared on a popular hacking forum and was provided to hibp by <a href=""https://dehashed.com/"" target=""_blank"" rel=""noopener"">dehashed.com</a>.",https://haveibeenpwned.com/content/images/pwnedlogos/animegame.png,"['email addresses', 'passwords', 'usernames']",True,False,False,False,False,False,False
animeplanet,anime-planet,anime-planet.com,2016-01-01,2019-07-28 00:35:07+00:00,2019-07-28 00:35:07+00:00,368507,"in approximately 2016, the anime website <a href=""https://www.anime-planet.com/"" target=""_blank"" rel=""noopener"">anime-planet</a> suffered a data breach that impacted 369k subscribers. the exposed data included usernames, ip and email addresses, dates of birth and passwords stored as unsalted md5 hashes and for newer accounts, bcrypt hashes. the data was provided to hibp by <a href=""https://dehashed.com/"" target=""_blank"" rel=""noopener"">dehashed.com</a>.",https://haveibeenpwned.com/content/images/pwnedlogos/animeplanet.png,"['dates of birth', 'email addresses', 'ip addresses', 'passwords', 'usernames']",True,False,False,False,False,False,False
animoto,animoto,animoto.com,2018-07-10,2019-07-18 05:04:08+00:00,2019-07-18 05:04:08+00:00,22437749,"in july 2018, the cloud-based video making service <a href=""https://techcrunch.com/2018/08/20/animoto-hack-exposes-personal-information-geolocation-data/"" target=""_blank"" rel=""noopener"">animoto suffered a data breach</a>. the breach exposed 22 million unique email addresses alongside names, dates of birth, country of origin and salted password hashes. the data was provided to hibp by a source who requested it be attributed to &quot;jimscott.sec@protonmail.com&quot;.",https://haveibeenpwned.com/content/images/pwnedlogos/animoto.png,"['dates of birth', 'email addresses', 'geographic locations', 'names', 'passwords']",True,False,False,False,False,False,False
antipublic,anti public combo list,,2016-12-16,2017-05-04 22:07:38+00:00,2017-05-04 22:07:38+00:00,457962538,"in december 2016, a huge list of email address and password pairs appeared in a &quot;combo list&quot; referred to as &quot;anti public&quot;. the list contained 458 million unique email addresses, many with multiple different passwords hacked from various online systems. the list was broadly circulated and used for &quot;credential stuffing&quot;, that is attackers employ it in an attempt to identify other online systems where the account owner had reused their password. for detailed background on this incident, read <a href=""https://www.troyhunt.com/password-reuse-credential-stuffing-and-another-1-billion-records-in-have-i-been-pwned"" target=""_blank"" rel=""noopener"">password reuse, credential stuffing and another billion records in have i been pwned</a>.",https://haveibeenpwned.com/content/images/pwnedlogos/list.png,"['email addresses', 'passwords']",False,False,False,False,False,False,False
apexsms,apexsms,,2019-04-15,2023-09-21 14:57:43+00:00,2023-09-21 14:57:43+00:00,23246481,"in may 2019, <a href=""https://techcrunch.com/2019/05/09/sms-spammers-doxxed/?guccounter=1"" target=""_blank"" rel=""noopener"">news broke of a massive sms spam operation known as &quot;apexsms&quot; which was discovered after a mongodb instance of the same name was found exposed without a password</a>. the incident leaked over 80m records with 23m unique email addresses alongside names, phone numbers and carriers, geographic locations (state and country), genders and ip addresses.",https://haveibeenpwned.com/content/images/pwnedlogos/list.png,"['email addresses', 'genders', 'geographic locations', 'ip addresses', 'names', 'phone numbers', 'telecommunications carrier']",True,False,False,False,True,False,False
apktw,apk.tw,apk.tw,2022-09-03,2024-03-09 00:17:54+00:00,2024-03-09 00:17:54+00:00,2451197,"in september 2022, the taiwanese android forum apk.tw suffered a data breach <a href=""https://cybernews.com/security/billions-passwords-credentials-leaked-mother-of-all-breaches/"" target=""_blank"" rel=""noopener"">that was later redistributed as part of a larger corpus of data</a>. the breach exposed 2.5m unique email addresses along with ip addresses, usernames and salted md5 password hashes.",https://haveibeenpwned.com/content/images/pwnedlogos/apktw.png,"['email addresses', 'ip addresses', 'passwords', 'usernames']",True,False,False,False,False,False,False
apollo,apollo,apollo.io,2018-07-23,2018-10-05 19:14:11+00:00,2018-10-23 04:01:48+00:00,125929660,"in july 2018, the sales engagement startup <a href=""https://www.wired.com/story/apollo-breach-linkedin-salesforce-data/"" target=""_blank"" rel=""noopener"">apollo left a database containing billions of data points publicly exposed without a password</a>. the data was discovered by security researcher <a href=""http://www.vinnytroia.com/"" target=""_blank"" rel=""noopener"">vinny troia</a> who subsequently sent a subset of the data containing 126 million unique email addresses to have i been pwned. the data left exposed by apollo was used in their &quot;revenue acceleration platform&quot; and included personal information such as names and email addresses as well as professional information including places of employment, the roles people hold and where they're located. apollo stressed that the exposed data did not include sensitive information such as passwords, social security numbers or financial data. <a href=""https://www.apollo.io/contact"" target=""_blank"" rel=""noopener"">the apollo website has a contact form</a> for those looking to get in touch with the organisation.",https://haveibeenpwned.com/content/images/pwnedlogos/apollo.png,"['email addresses', 'employers', 'geographic locations', 'job titles', 'names', 'phone numbers', 'salutations', 'social media profiles']",True,False,False,False,False,False,False
appartoo,appartoo,appartoo.com,2017-03-25,2019-05-02 07:07:24+00:00,2019-05-02 07:07:24+00:00,49681,"in march 2017, the french flatsharing site known as <a href=""https://www.appartoo.com"" target=""_blank"" rel=""noopener"">appartoo</a> suffered a data breach. the incident exposed an extensive amount of personal information on almost 50k members including email addresses, genders, ages, private messages sent between users of the service and passwords stored as sha-256 hashes. appartoo advised that all subscribers were notified of the incident in early 2017.",https://haveibeenpwned.com/content/images/pwnedlogos/appartoo.png,"['ages', 'auth tokens', 'email addresses', 'employment statuses', 'genders', 'ip addresses', 'marital statuses', 'names', 'passwords', 'physical addresses', 'private messages', 'social media profiles']",True,False,False,False,False,False,False
appen,appen,appen.com,2020-06-22,2020-07-30 07:00:21+00:00,2020-07-30 07:00:21+00:00,5888405,"in june 2020, the ai training data company <a href=""https://www.bleepingcomputer.com/news/security/hacker-leaks-386-million-user-records-from-18-companies-for-free/"" target=""_blank"" rel=""noopener"">appen suffered a data breach</a> exposing the details of almost 5.9 million users which were subsequently sold online. included in the breach were names, email addresses and passwords stored as bcrypt hashes. some records also contained phone numbers, employers and ip addresses. the data was provided to hibp by <a href=""https://dehashed.com/"" target=""_blank"" rel=""noopener"">dehashed.com</a>.",https://haveibeenpwned.com/content/images/pwnedlogos/appen.png,"['email addresses', 'employers', 'ip addresses', 'names', 'passwords', 'phone numbers']",True,False,False,False,False,False,False
aptoide,aptoide,aptoide.com,2020-04-13,2020-04-19 03:07:42+00:00,2020-04-19 03:07:42+00:00,20012235,"in april 2020, the independent android app store <a href=""https://blog.aptoide.com/aptoide-credentials-information/"" target=""_blank"" rel=""noopener"">aptoide suffered a data breach</a>. the incident resulted in the exposure of 20m customer records which were subsequently shared online via a popular hacking forum. impacted data included email and ip addresses, names, ip addresses and passwords stored as sha-1 hashes without a salt.",https://haveibeenpwned.com/content/images/pwnedlogos/aptoide.png,"['browser user agent details', 'email addresses', 'ip addresses', 'names', 'passwords']",True,False,False,False,False,False,False
armorgames,armor games,armorgames.com,2019-01-01,2019-07-20 06:03:31+00:00,2021-04-07 06:28:50+00:00,10604307,"in january 2019, the game portal website <a href=""https://techraptor.net/content/armor-games-data-breach-january-2019"" target=""_blank"" rel=""noopener"">armor games suffered a data breach</a>. a total of 10.6 million email addresses were impacted by the breach which also exposed usernames, ip addresses, birthdays of administrator accounts and passwords stored as salted sha-1 hashes. the data was provided to hibp by a source who requested it be attributed to &quot;jimscott.sec@protonmail.com&quot;.",https://haveibeenpwned.com/content/images/pwnedlogos/armorgames.png,"['bios', 'dates of birth', 'email addresses', 'genders', 'geographic locations', 'ip addresses', 'passwords', 'usernames']",True,False,False,False,False,False,False
armyforceonline,army force online,armyforceonline.com,2016-05-18,2016-11-10 03:24:38+00:00,2020-08-07 03:19:40+00:00,1531235,"in may 2016, the online gaming site <a href=""http://armyforceonline.com"" target=""_blank"" rel=""noopener"">army force online</a> suffered a data breach that exposed 1.5m accounts. the breached data was found being regularly traded online and included usernames, email and ip addresses and md5 passwords.",https://haveibeenpwned.com/content/images/pwnedlogos/armyforceonline.png,"['avatars', 'email addresses', 'geographic locations', 'ip addresses', 'names', 'passwords', 'usernames', 'website activity']",True,False,False,False,False,False,False
artsy,artsy,artsy.net,2018-04-01,2020-05-25 20:59:10+00:00,2020-05-25 21:08:08+00:00,1079970,"in april 2018, the online arts database <a href=""https://www.theregister.co.uk/2019/02/11/620_million_hacked_accounts_dark_web/"" target=""_blank"" rel=""noopener"">artsy suffered a data breach which consequently appeared for sale on a dark web marketplace</a>. over 1m accounts were impacted and included ip and email addresses, names and passwords stored as salted sha-512 hashes. the data was provided to hibp by a source who requested it be attributed to &quot;nano@databases.pw&quot;.",https://haveibeenpwned.com/content/images/pwnedlogos/artsy.png,"['email addresses', 'ip addresses', 'names', 'passwords']",True,False,False,False,False,False,False
artvalue,artvalue,artvalue.com,2019-06-19,2019-07-19 13:16:52+00:00,2019-07-19 13:35:22+00:00,157692,"in june 2019, the france-based art valuation website <a href=""http://artvalue.com/"" target=""_blank"" rel=""noopener"">artvalue.com</a> left their 158k member subscriber base publicly exposed in a text file on their website. the exposed data included names, usernames, email addresses and passwords stored as md5 hashes. the site operator did not respond when contacted about the incident, although the exposed file was subsequently removed.",https://haveibeenpwned.com/content/images/pwnedlogos/artvalue.png,"['email addresses', 'names', 'passwords', 'salutations', 'usernames']",True,False,False,False,False,False,False
ashleymadison,ashley madison,ashleymadison.com,2015-07-19,2015-08-18 20:55:05+00:00,2015-08-18 20:55:05+00:00,30811934,"in july 2015, the infidelity website ashley madison <a href=""http://krebsonsecurity.com/2015/07/online-cheating-site-ashleymadison-hacked/"" target=""_blank"" rel=""noopener"">suffered a serious data breach</a>. the attackers threatened ashley madison with the full disclosure of the breach unless the service was shut down. one month later, the database was dumped including more than 30m unique email addresses. this breach has been classed as &quot;sensitive&quot; and is not publicly searchable, although individuals may discover if they've been impacted by <a href=""https://haveibeenpwned.com/notifyme"">registering for notifications</a>. <a href=""http://www.troyhunt.com/2015/07/heres-how-im-going-to-handle-ashley.html"" target=""_blank"" rel=""noopener"">read about this approach in detail</a>.",https://haveibeenpwned.com/content/images/pwnedlogos/ashleymadison.png,"['dates of birth', 'email addresses', 'ethnicities', 'genders', 'names', 'passwords', 'payment histories', 'phone numbers', 'physical addresses', 'security questions and answers', 'sexual orientations', 'usernames', 'website activity']",True,False,True,False,False,False,False
astropid,astropid,astropid.com,2013-12-19,2014-07-06 03:49:45+00:00,2014-07-06 03:49:45+00:00,5788,"in december 2013, the vbulletin forum for the social engineering site known as ""astropid"" was breached and <a href=""https://www.sinister.ly/thread-40-compromised-databases"" target=""_blank"" rel=""noopener"">leaked publicly</a>. the site provided tips on fraudulently obtaining goods and services, often by providing a legitimate ""pid"" or product information description. the breach resulted in nearly 6k user accounts and over 220k private messages between forum members being exposed.",https://haveibeenpwned.com/content/images/pwnedlogos/astropid.png,"['email addresses', 'instant messenger identities', 'ip addresses', 'names', 'passwords', 'private messages', 'usernames', 'website activity']",True,False,False,False,False,False,False
allegedatt,at&t,,2021-08-20,2024-03-19 06:30:49+00:00,2024-03-31 03:04:13+00:00,49102176,"in march 2024, <a href=""https://www.troyhunt.com/inside-the-massive-alleged-att-data-breach"" target=""_blank"" rel=""noopener"">tens of millions of records allegedly breached from at&t were posted to a popular hacking forum</a>. dating back to august 2021, the data was originally posted for sale before later being freely released. at the time, at&t maintained that there had not been a breach of their systems and that the data originated from elsewhere. 12 days later, <a href=""https://about.att.com/story/2024/addressing-data-set-released-on-dark-web.html"" target=""_blank"" rel=""noopener"">at&t acknowledged that data fields specific to them were in the breach and that it was not yet known whether the breach occurred at their end or that of a vendor</a>. <a href=""https://techcrunch.com/2024/03/30/att-reset-account-passcodes-customer-data/"" target=""_blank"" rel=""noopener"">at&t also proceeded to reset customer account passcodes</a>, an indicator that there was sufficient belief passcodes had been compromised. the incident exposed names, email and physical addresses, dates of birth, phone numbers and us social security numbers.",https://haveibeenpwned.com/content/images/pwnedlogos/att.png,"['dates of birth', 'email addresses', 'government issued ids', 'names', 'phone numbers', 'physical addresses']",True,False,False,False,False,False,False
aternos,aternos,aternos.org,2015-12-06,2016-10-01 23:42:56+00:00,2016-10-01 23:42:56+00:00,1436486,"in december 2015, the service for creating and running free minecraft servers known as <a href=""https://twitter.com/aternosstatus/status/696121828360716288"" target=""_blank"" rel=""noopener"">aternos suffered a data breach that impacted 1.4 million subscribers</a>. the data included usernames, email and ip addresses and hashed passwords.",https://haveibeenpwned.com/content/images/pwnedlogos/aternos.png,"['email addresses', 'ip addresses', 'passwords', 'usernames', 'website activity']",True,False,False,False,False,False,False
atlasquantum,atlas quantum,atlasquantum.com,2018-08-25,2018-08-27 01:42:34+00:00,2018-08-28 21:17:47+00:00,261463,"in august 2018, the cryptocurrency investment platform <a href=""https://www.facebook.com/notes/atlas-quantum/comunicado-importante/2196456297259749/"" target=""_blank"" rel=""noopener"">atlas quantum suffered a data breach</a>. the breach leaked the personal data of 261k investors on the platform including their names, phone numbers, email addresses and account balances.",https://haveibeenpwned.com/content/images/pwnedlogos/atlasquantum.png,"['account balances', 'email addresses', 'names', 'phone numbers']",True,False,False,False,False,False,False
atmeltomo,atmeltomo,atmeltomo.com,2021-04-16,2023-08-22 01:29:29+00:00,2023-08-22 01:29:29+00:00,580177,"in april 2021, &quot;japan's largest e-mail friend search site&quot; <a href=""https://socradar.io/the-week-in-dark-web-29-august-2022-access-sales-and-data-leaks/"" target=""_blank"" rel=""noopener"">atmeltomo suffered a data breach that was later sold on a popular hacking forum</a>. the breach exposed 1.3m records with 580k unique email addresses along with usernames, ip addresses and unsalted md5 password hashes.",https://haveibeenpwned.com/content/images/pwnedlogos/atmeltomo.png,"['email addresses', 'ip addresses', 'passwords', 'usernames']",True,False,False,False,False,False,False
audi,audi,audiusa.com,2019-08-14,2021-07-23 06:31:33+00:00,2021-07-23 21:57:33+00:00,2743539,"in august 2019, <a href=""https://techcrunch.com/2021/06/11/volkswagen-says-a-vendors-security-lapse-exposed-3-3-million-drivers-details/"" target=""_blank"" rel=""noopener"">audi usa suffered a data breach after a vendor left data unsecured and exposed on the internet</a>. the data contained 2.7m unique email addresses along with names, phone numbers, physical addresses and vehicle information including vin. in <a href=""https://techcrunch.com/2021/06/11/volkswagen-says-a-vendors-security-lapse-exposed-3-3-million-drivers-details/"" target=""_blank"" rel=""noopener"">a disclosure statement from audi</a>, they also advised some customers had driver's licenses, dates of birth, social security numbers and other personal information exposed.",https://haveibeenpwned.com/content/images/pwnedlogos/audi.png,"['dates of birth', ""driver's licenses"", 'email addresses', 'names', 'phone numbers', 'physical addresses', 'social security numbers', 'vehicle details']",True,False,False,False,False,False,False
autocentrum,autocentrum.pl,autocentrum.pl,2018-02-04,2018-02-09 00:55:26+00:00,2018-02-09 00:55:26+00:00,143717,"in february 2018, <a href=""https://niebezpiecznik.pl/post/wyciek-hasel-144-000-uzytkownikow-autocentrum-pl/"" target=""_blank"" rel=""noopener"">data belonging to the polish motoring website autocentrum.pl was found online</a>. the data contained 144k email addresses and plain text passwords.",https://haveibeenpwned.com/content/images/pwnedlogos/autocentrum.png,"['email addresses', 'passwords']",True,False,False,False,False,False,False
autotrader,autotrader,autotrader.com,2023-01-06,2023-01-23 06:24:21+00:00,2023-01-23 06:24:21+00:00,20032,"in january 2023, <a href=""https://thecyberexpress.com/data1-4-million-autotrader-user-exposed/"" target=""_blank"" rel=""noopener"">1.4m records from the autotrader online vehicle marketplace appeared on a popular hacking forum</a>. autotrader stated that the &quot;data in question relates to aged listing data that was generally publicly available on our site at the time and open to automated collection methods&quot;. the data contained 20k unique email addresses alongside physical addresses and phone numbers of dealers and vehicle details including vin numbers. the data was provided to hibp by a source who requested it be attributed to &quot;intelbroker&quot;.",https://haveibeenpwned.com/content/images/pwnedlogos/autotrader.png,"['email addresses', 'phone numbers', 'physical addresses', 'vehicle details', 'vehicle identification numbers (vins)']",True,False,False,False,False,False,False
avast,avast,avast.com,2014-05-26,2016-03-12 22:08:58+00:00,2016-03-12 22:08:58+00:00,422959,"in may 2014, <a href=""https://www.grahamcluley.com/2014/05/avast-forum-hacked/"" target=""_blank"" rel=""noopener"">the avast anti-virus forum was hacked</a> and 423k member records were exposed. the simple machines based forum included usernames, emails and password hashes.",https://haveibeenpwned.com/content/images/pwnedlogos/avast.png,"['email addresses', 'passwords', 'usernames']",True,False,False,False,False,False,False
avito,avito,avito.ma,2022-11-18,2023-11-14 06:51:25+00:00,2023-11-14 06:51:25+00:00,2721835,"in november 2022, the moroccan e-commerce service <a href=""https://ledesk.ma/2022/12/20/avito-sexplique-sur-le-data-breach-ayant-touche-27-millions-dutilisateurs-de-sa-plateforme/"" target=""_blank"" rel=""noopener"">avito suffered a data breach that exposed the personal information of 2.7m customers</a>. the data included name, email, phone, ip address and geographic location.",https://haveibeenpwned.com/content/images/pwnedlogos/avito.png,"['email addresses', 'geographic locations', 'ip addresses', 'names', 'phone numbers']",True,False,False,False,False,False,False
avvo,avvo,avvo.com,2019-12-17,2022-04-15 03:39:42+00:00,2022-04-15 03:45:01+00:00,4101101,"in approximately december 2019, an alleged data breach of the lawyer directory service avvo was published to an online hacking forum and used in an extortion scam (it's possible the exposure dates back earlier than that). the data contained 4.1m unique email addresses alongside sha-1 hashes, most likely representing user passwords. <a href=""https://troyhunt.com/breach-disclosure-blow-by-blow-heres-why-its-so-hard"" target=""_blank"" rel=""noopener"">multiple attempts at contacting avvo over the course of a week were unsuccessful and the authenticity of the data was eventually verified with common avvo and hibp subscribers.</a>",https://haveibeenpwned.com/content/images/pwnedlogos/avvo.png,"['email addresses', 'passwords']",True,False,False,False,False,False,False
b2busabusinesses,b2b usa businesses,,2017-07-18,2017-07-18 07:38:04+00:00,2017-07-18 07:38:04+00:00,105059554,"in mid-2017, a spam list of over 105 million individuals in corporate america was discovered online. referred to as &quot;b2b usa businesses&quot;, the list categorised email addresses by employer, providing information on individuals' job titles plus their work phone numbers and physical addresses. <a href=""https://www.troyhunt.com/have-i-been-pwned-and-spam-lists-of-personal-information"" target=""_blank"" rel=""noopener"">read more about spam lists in hibp.</a>",https://haveibeenpwned.com/content/images/pwnedlogos/email.png,"['email addresses', 'employers', 'job titles', 'names', 'phone numbers', 'physical addresses']",True,False,False,False,True,False,False
babynames,baby names,babynames.com,2008-10-24,2018-10-24 06:27:03+00:00,2018-10-24 06:27:30+00:00,846742,"in approximately 2008, the site to help parents name their children known as <a href=""https://www.babynames.com/"" target=""_blank"" rel=""noopener"">baby names</a> suffered a data breach. the incident exposed 846k email addresses and passwords stored as salted md5 hashes. when contacted in october 2018, baby names advised that &quot;the breach happened at least ten years ago&quot; and that members were notified at the time.",https://haveibeenpwned.com/content/images/pwnedlogos/babynames.png,"['email addresses', 'passwords']",True,False,False,False,False,False,False
badoo,badoo,badoo.com,2013-06-01,2016-07-06 08:16:03+00:00,2016-07-06 08:16:03+00:00,112005531,"in june 2016, <a href=""http://motherboard.vice.com/read/another-day-another-hack-user-accounts-of-dating-site-badoo"" target=""_blank"" rel=""noopener"">a data breach allegedly originating from the social website badoo was found to be circulating amongst traders</a>. likely obtained several years earlier, the data contained 112 million unique email addresses with personal data including names, birthdates and passwords stored as md5 hashes. whilst there are many indicators suggesting badoo did indeed suffer a data breach, <a href=""https://www.troyhunt.com/introducing-unverified-breaches-to-have-i-been-pwned"" target=""_blank"" rel=""noopener"">the legitimacy of the data could not be emphatically proven</a> so this breach has been categorised as &quot;unverified&quot;.",https://haveibeenpwned.com/content/images/pwnedlogos/badoo.png,"['dates of birth', 'email addresses', 'genders', 'names', 'passwords', 'usernames']",False,False,True,False,False,False,False
bannerbit,bannerbit,bannerbit.com,2018-12-29,2019-01-08 10:56:34+00:00,2019-01-08 10:56:34+00:00,213415,"in approximately december 2018, the online ad platform <a href=""https://bannerbit.com/"" target=""_blank"" rel=""noopener"">bannerbit</a> suffered a data breach. containing 213k unique email addresses and plain text passwords, the data was provided to hibp by a third party. multiple attempts were made to contact bannerbit, but no response was received.",https://haveibeenpwned.com/content/images/pwnedlogos/bannerbit.png,"['email addresses', 'passwords']",True,False,False,False,False,False,False
banorte,banorte,banorte.com,2014-08-18,2022-08-18 23:36:24+00:00,2022-08-18 23:36:24+00:00,2107000,"in august 2022, <a href=""https://krebsonsecurity.com/2022/08/when-efforts-to-contain-a-data-breach-backfire/"" target=""_blank"" rel=""noopener"">millions of records from mexican bank &quot;banorte&quot; were publicly dumped on a popular hacking forum</a> including 2.1m unique email addresses, physical addresses, names, phone numbers, rfc (tax) numbers, genders and bank balances. banorte have stated that the data is &quot;outdated&quot;, although have not yet indicated how far back it dates to. anecdotal feedback from hibp subscribers suggests the data may date back 8 years to 2014.",https://haveibeenpwned.com/content/images/pwnedlogos/banorte.png,"['account balances', 'email addresses', 'genders', 'government issued ids', 'names', 'phone numbers', 'physical addresses']",True,False,False,False,False,False,False
battlefieldheroes,battlefield heroes,battlefieldheroes.com,2011-06-26,2014-01-23 13:10:29+00:00,2014-01-23 13:10:29+00:00,530270,"in june 2011 as part of a final breached data dump, the hacker collective &quot;lulzsec&quot; <a href=""http://www.rockpapershotgun.com/2011/06/26/lulzsec-over-release-battlefield-heroes-data"" target=""_blank"" rel=""noopener"">obtained and released over half a million usernames and passwords from the game battlefield heroes</a>. the passwords were stored as md5 hashes with no salt and many were easily converted back to their plain text versions.",https://haveibeenpwned.com/content/images/pwnedlogos/battlefieldheroes.png,"['passwords', 'usernames']",True,False,False,False,False,False,False
battlefy,battlefy,battlefy.com,2016-01-11,2022-07-29 00:24:33+00:00,2022-07-29 00:24:33+00:00,83610,"in january 2016, the esports website <a href=""https://dotesports.com/general/news/battlefy-hack-data-breach-user-credentials-2800"" target=""_blank"" rel=""noopener"">battlefy suffered a data breach that exposed 83k customer records</a>. the impacted data included email addresses, usernames and passwords stored as bcrypt hashes.",https://haveibeenpwned.com/content/images/pwnedlogos/battlefy.png,"['email addresses', 'passwords', 'usernames']",True,False,False,False,False,False,False
beautifulpeople,beautiful people,beautifulpeople.com,2015-11-11,2016-04-25 10:05:34+00:00,2016-04-25 10:05:34+00:00,1100089,"in november 2015, the dating website <a href=""http://www.forbes.com/sites/thomasbrewster/2016/04/25/beautiful-people-hack-sexual-preference-location-addresses/#26a2cdf7559f"" target=""_blank"" rel=""noopener"">beautiful people was hacked</a> and over 1.1m accounts were leaked. the data was being traded in underground circles and included a huge amount of personal information related to dating.",https://haveibeenpwned.com/content/images/pwnedlogos/beautifulpeople.png,"['beauty ratings', 'car ownership statuses', 'dates of birth', 'drinking habits', 'education levels', 'email addresses', 'genders', 'geographic locations', 'home ownership statuses', 'income levels', 'ip addresses', 'job titles', 'names', 'passwords', 'personal descriptions', 'personal interests', 'physical attributes', 'sexual orientations', 'smoking habits', 'website activity']",True,False,True,False,False,False,False
bell,bell (2014 breach),bell.ca,2014-02-01,2014-02-01 23:57:10+00:00,2014-02-01 23:57:10+00:00,20902,"in february 2014, <a href=""http://news.softpedia.com/news/hackers-claim-to-have-breached-bell-canada-s-systems-422952.shtml?utm_medium=twitter&utm_source=fredtoadster"" target=""_blank"" rel=""noopener"">bell canada suffered a data breach via the hacker collective known as nullcrew</a>. the breach included data from multiple locations within bell and exposed email addresses, usernames, user preferences and a number of unencrypted passwords and credit card data from 40,000 records containing just over 20,000 unique email addresses and usernames.",https://haveibeenpwned.com/content/images/pwnedlogos/bell.png,"['credit cards', 'genders', 'passwords', 'usernames']",True,False,False,False,False,False,False
bell2017,bell (2017 breach),bell.ca,2017-05-15,2017-05-16 01:49:31+00:00,2017-05-16 01:49:31+00:00,2231256,"in may 2017, <a href=""http://www.cbc.ca/beta/news/technology/bell-data-breach-customer-names-phone-numbers-emails-leak-1.4116608"" target=""_blank"" rel=""noopener"">the bell telecommunications company in canada suffered a data breach</a> resulting in the exposure of millions of customer records. the data was consequently leaked online with a message from the attacker stating that they were &quot;releasing a significant portion of bell.ca's data due to the fact that they have failed to cooperate with us&quot; and included a threat to leak more. the impacted data included over 2 million unique email addresses and 153k survey results dating back to 2011 and 2012. there were also 162 bell employee records with more comprehensive personal data including names, phone numbers and plain text &quot;passcodes&quot;. bell suffered another breach in 2014 which exposed 40k records.",https://haveibeenpwned.com/content/images/pwnedlogos/bell.png,"['email addresses', 'geographic locations', 'ip addresses', 'job titles', 'names', 'passwords', 'phone numbers', 'spoken languages', 'survey results', 'usernames']",True,False,False,False,False,False,False
benchmark,benchmark,benchmark.rs,2019-11-01,2023-01-01 01:50:43+00:00,2023-01-01 01:52:21+00:00,93343,"in november 2019, the serbian technology news website <a href=""https://forum.benchmark.rs/threads/benchmark-forum-kompromitovan.489760/"" target=""_blank"" rel=""noopener"">benchmark suffered a breach of its forum</a> that exposed 93k customer records. the breach exposed ip and email addresses, usernames and passwords stored as salted md5 hashes. <a href=""https://forum.benchmark.rs/threads/benchmark-forum-kompromitovan.489760/#post-6758095"" target=""_blank"" rel=""noopener"">a forum administrator subsequently advised that the breach was due to the forum previously running on an outdated vbulletin instance</a>. the data was provided to hibp by a source who requested it be attributed to &quot;zan @ bf&quot;.",https://haveibeenpwned.com/content/images/pwnedlogos/benchmark.png,"['email addresses', 'ip addresses', 'passwords', 'usernames']",True,False,False,False,False,False,False
bestialitysextaboo,bestialitysextaboo,bestialitysextaboo.com,2018-03-19,2018-03-29 06:10:06+00:00,2018-03-29 06:10:06+00:00,3204,"in march 2018, the animal bestiality website known as <a href=""https://motherboard.vice.com/en_us/article/evqvpz/bestiality-website-hacked-troy-hunt-have-i-been-pwned"" target=""_blank"" rel=""noopener"">bestialitysextaboo was hacked</a>. a collection of various sites running on the same service were also compromised and details of the hack (including links to the data) were posted on a popular forum. in all, more than 3.2k unique email addresses were included alongside usernames, ip addresses, dates of birth, genders and bcrypt hashes of passwords.",https://haveibeenpwned.com/content/images/pwnedlogos/bestialitysextaboo.png,"['dates of birth', 'email addresses', 'genders', 'geographic locations', 'ip addresses', 'passwords', 'private messages', 'usernames']",True,False,True,False,False,False,False
bhinneka,bhinneka,bhinneka.com,2020-01-27,2022-10-06 05:11:47+00:00,2022-10-06 05:11:47+00:00,1274340,"in early 2020, the indonesian consumer electronics website <a href=""https://www.thejakartapost.com/news/2020/05/13/e-commerce-platform-bhinneka-com-reported-to-be-latest-target-of-data-theft.html"" target=""_blank"" rel=""noopener"">bhinneka suffered a data breach that exposed almost 1.3m customer records</a>. the data included email and physical addresses, names, genders, dates of birth, phone numbers and salted password hashes.",https://haveibeenpwned.com/content/images/pwnedlogos/bhinneka.png,"['dates of birth', 'email addresses', 'genders', 'names', 'passwords', 'phone numbers', 'physical addresses']",True,False,False,False,False,False,False
bigbasket,bigbasket,bigbasket.com,2020-10-14,2021-04-26 04:00:10+00:00,2021-04-26 06:15:01+00:00,24500011,"in october 2020, the indian grocery platform <a href=""https://indianexpress.com/article/business/business-others/bigbasket-data-breach-user-details-leaked-dark-web-cyber-crime-7009578/"" target=""_blank"" rel=""noopener"">bigbasket suffered a data breach that exposed over 20 million customer records</a>. the data was originally sold before being leaked publicly in april the following year and included email, ip and physical addresses, names, phones numbers, dates of birth passwords stored as django(sha-1) hashes.",https://haveibeenpwned.com/content/images/pwnedlogos/bigbasket.png,"['dates of birth', 'email addresses', 'ip addresses', 'names', 'passwords', 'phone numbers', 'physical addresses']",True,False,False,False,False,False,False
bigmoneyjobs,bigmoneyjobs,bigmoneyjobs.com,2014-04-03,2014-04-08 05:44:10+00:00,2014-04-08 05:44:10+00:00,36789,"in april 2014, the job site <a href=""http://www.bigmoneyjobs.com"">bigmoneyjobs.com</a> was <a href=""https://twitter.com/probablyonion2/status/451477310319779841"" target=""_blank"" rel=""noopener"">hacked by an attacker known as &quot;probablyonion&quot;</a>. the attack resulted in the <a href=""http://news.softpedia.com/news/bigmoneyjobs-hacked-details-of-36-000-users-leaked-online-436250.shtml?utm_source=twitterfeed&utm_medium=twitter&utm_campaign=information_security"" target=""_blank"" rel=""noopener"">exposure of over 36,000 user accounts</a> including email addresses, usernames and passwords which were stored in plain text. the attack was allegedly mounted by exploiting a sql injection vulnerability.",https://haveibeenpwned.com/content/images/pwnedlogos/bigmoneyjobs.png,"['career levels', 'education levels', 'email addresses', 'names', 'passwords', 'phone numbers', 'physical addresses', 'salutations', 'user website urls', 'website activity']",True,False,False,False,False,False,False
binweevils,bin weevils,binweevils.com,2014-09-01,2017-08-18 07:10:57+00:00,2017-08-18 07:10:57+00:00,1287073,"in september 2014, the online game <a href=""http://blog.binweevils.com/2014/09/important-security-update/"" target=""_blank"" rel=""noopener"">bin weevils suffered a data breach</a>. whilst originally stating that only usernames and passwords had been exposed, <a href=""https://www.databreaches.net/data-from-2014-hack-of-childrens-online-game-bin-weevils-leaked-online-hacker-claims-20m-records/"" target=""_blank"" rel=""noopener"">a subsequent story on databreaches.net indicated that a more extensive set of personal attributes were impacted</a> (comments there also suggest the data may have come from a later breach). data matching that pattern was later provided to have i been pwned by <a href=""https://twitter.com/akshayindia6"" target=""_blank"" rel=""noopener"">@akshayindia6</a> and included almost 1.3m unique email addresses, genders, ages and plain text passwords.",https://haveibeenpwned.com/content/images/pwnedlogos/binweevils.png,"['ages', 'email addresses', 'genders', 'ip addresses', 'passwords', 'usernames']",True,False,False,False,False,False,False
biohackme,biohack.me,biohack.me,2016-12-02,2017-08-23 20:47:39+00:00,2017-08-23 20:47:39+00:00,3402,"in december 2016, the forum for the biohacking website <a href=""https://forum.biohack.me/index.php?p=/discussion/2101/critical-website-server-compromised-read-this-action-needed"" target=""_blank"" rel=""noopener"">biohack.me suffered a data breach</a> that exposed 3.4k accounts. the data included usernames, email addresses and hashed passwords along with the private messages of forum members. the data was self-submitted to hibp by the biohack.me operators.",https://haveibeenpwned.com/content/images/pwnedlogos/biohackme.png,"['email addresses', 'passwords', 'private messages', 'usernames']",True,False,False,False,False,False,False
btsec,bitcoin security forum gmail dump,forum.btcsec.com,2014-01-09,2014-09-10 20:30:11+00:00,2014-09-10 20:30:11+00:00,4789599,"in september 2014, a large dump of nearly 5m usernames and passwords was <a href=""https://forum.btcsec.com/index.php?/topic/9426-gmail-meniai-parol/"" target=""_blank"" rel=""noopener"">posted to a russian bitcoin forum</a>. whilst commonly reported as 5m &quot;gmail passwords&quot;, the dump also contained 123k yandex.ru addresses. whilst the origin of the breach remains unclear, the breached credentials were <a href=""http://web.archive.org/web/20140910190920/http://www.reddit.com/r/netsec/comments/2fz13q/5_millions_of_gmail_passwords_leaked_rus_most/"" target=""_blank"" rel=""noopener"">confirmed by multiple source as correct</a>, albeit a number of years old.",https://haveibeenpwned.com/content/images/pwnedlogos/btsec.png,"['email addresses', 'passwords']",True,False,False,False,False,False,False
bitcointalk,bitcoin talk,bitcointalk.org,2015-05-22,2017-03-27 23:45:41+00:00,2017-03-27 23:45:41+00:00,501407,"in may 2015, the bitcoin forum <a href=""https://www.cryptocoinsnews.com/bitcoin-exchange-btc-e-bitcointalk-forum-breaches-details-revealed/"" target=""_blank"" rel=""noopener"">bitcoin talk was hacked</a> and over 500k unique email addresses were exposed. the attack led to the exposure of a raft of personal data including usernames, email and ip addresses, genders, birth dates, security questions and md5 hashes of their answers plus hashes of the passwords themselves.",https://haveibeenpwned.com/content/images/pwnedlogos/bitcointalk.png,"['dates of birth', 'email addresses', 'genders', 'ip addresses', 'passwords', 'security questions and answers', 'usernames', 'website activity']",True,False,False,False,False,False,False
bitly,bitly,bitly.com,2014-05-08,2017-10-06 06:31:50+00:00,2017-10-06 08:05:10+00:00,9313136,"in may 2014, the link management company <a href=""https://bitly.com/blog/urgent-security-update-regarding-your-bitly-account/"" target=""_blank"" rel=""noopener"">bitly announced they'd suffered a data breach</a>. the breach contained over 9.3 million unique email addresses, usernames and hashed passwords, most using sha1 with a small number using bcrypt.",https://haveibeenpwned.com/content/images/pwnedlogos/bitly.png,"['email addresses', 'passwords', 'usernames']",True,False,False,False,False,False,False
bittorrent,bittorrent,bittorrent.com,2016-01-01,2016-06-08 10:49:24+00:00,2016-06-08 10:49:24+00:00,34235,"in january 2016, the forum for the popular torrent software <a href=""https://motherboard.vice.com/read/another-day-another-hack-user-accounts-for-bittorrents-forum-hacking"" target=""_blank"" rel=""noopener"">bittorrent was hacked</a>. the ip.board based forum stored passwords as weak sha1 salted hashes and the breached data also included usernames, email and ip addresses.",https://haveibeenpwned.com/content/images/pwnedlogos/bittorrent.png,"['email addresses', 'ip addresses', 'passwords', 'usernames']",True,False,False,False,False,False,False
blackhatworld,black hat world,blackhatworld.com,2014-06-23,2015-11-03 22:20:17+00:00,2015-11-03 22:20:17+00:00,777387,"in june 2014, the search engine optimisation forum <a href=""http://www.blackhatworld.com"" target=""_blank"" rel=""noopener"">black hat world</a> had three quarters of a million accounts breached from their system. the breach included various personally identifiable attributes which were publicly released in a mysql database script.",https://haveibeenpwned.com/content/images/pwnedlogos/blackhatworld.png,"['dates of birth', 'email addresses', 'instant messenger identities', 'ip addresses', 'passwords', 'usernames', 'website activity']",True,False,False,False,False,False,False
blackberryfans,blackberry fans,blackberryfans.org,2022-05-06,2022-05-16 02:15:13+00:00,2022-05-16 02:16:15+00:00,174168,"in may 2022, the chinese blackberry enthusiasts website <a href=""http://blackberryfans.org/"" target=""_blank"" rel=""noopener"">blackberry fans</a> suffered a data breach that exposed 174k member records. the impacted data included usernames, email and ip addresses and passwords stored as salted md5 hashes.",https://haveibeenpwned.com/content/images/pwnedlogos/blackberryfans.png,"['email addresses', 'ip addresses', 'passwords', 'usernames']",True,False,False,False,False,False,False
blackspigotmc,blackspigotmc,blackspigot.com,2019-07-14,2019-07-17 18:44:17+00:00,2019-07-17 18:44:17+00:00,140029,"in july 2019, the hacking website <a href=""https://blackspigot.com/"" target=""_blank"" rel=""noopener"">blackspigotmc suffered a data breach</a>. the xenforo forum based site was allegedly compromised by a rival hacking website and resulted in 8.5gb of data being leaked including the database and website itself. the exposed data included 140k unique email addresses, usernames, ip addresses, genders, geographic locations and passwords stored as bcrypt hashes.",https://haveibeenpwned.com/content/images/pwnedlogos/blackspigotmc.png,"['device information', 'email addresses', 'genders', 'geographic locations', 'ip addresses', 'passwords', 'usernames']",True,False,False,False,False,False,False
blankmediagames,blankmediagames,blankmediagames.com,2018-12-28,2019-01-02 05:52:56+00:00,2019-01-02 06:03:19+00:00,7633234,"in december 2018, the town of salem website produced by <a href=""https://blog.dehashed.com/town-of-salem-blankmediagames-hacked/"" target=""_blank"" rel=""noopener"">blankmediagames suffered a data breach</a>. reported to hibp by <a href=""https://dehashed.com/"" target=""_blank"" rel=""noopener"">dehashed</a>, the data contained 7.6m unique user email addresses alongside usernames, ip addresses, purchase histories and passwords stored as phpass hashes. dehashed made multiple attempts to contact blankmediagames over various channels and many days but had yet to receive a response at the time of publishing.",https://haveibeenpwned.com/content/images/pwnedlogos/blankmediagames.png,"['browser user agent details', 'email addresses', 'ip addresses', 'passwords', 'purchases', 'usernames', 'website activity']",True,False,False,False,False,False,False
bleachanime,bleach anime forum,bleachanime.org,2015-01-01,2023-11-29 06:22:50+00:00,2023-11-29 06:22:50+00:00,143711,"in 2015, the now defunct independent forum for the bleach anime series suffered a data breach that exposed 144k user records. the impacted data included usernames, email addresses and salted md5 password hashes.",https://haveibeenpwned.com/content/images/pwnedlogos/bleachanime.png,"['email addresses', 'passwords', 'usernames']",True,False,False,False,False,False,False
boat,boat,boat-lifestyle.com,2024-03-25,2024-04-08 08:33:44+00:00,2024-04-09 04:17:09+00:00,7528985,"in march 2024, the indian audio and wearables brand <a href=""https://www.forbesindia.com/article/news/hit-with-massive-data-breach-boat-loses-data-of-75-million-customers/92483/1"" target=""_blank"" rel=""noopener"">boat suffered a data breach that exposed 7.5m customer records</a>. the data included physical and email address, names and phone numbers, all of which were subsequently published to a popular clear web hacking forum.",https://haveibeenpwned.com/content/images/pwnedlogos/boat.png,"['email addresses', 'names', 'phone numbers', 'physical addresses']",True,False,False,False,False,False,False
bolt,bolt,bolt.cd,2017-03-01,2017-11-24 08:15:24+00:00,2017-11-24 08:16:45+00:00,995274,"in approximately march 2017, the file sharing website <a href=""http://bolt.cd/"" target=""_blank"" rel=""noopener"">bolt</a> suffered a data breach resulting in the exposure of 995k unique user records. the data was sourced from their vbulletin forum and contained email and ip addresses, usernames and salted md5 password hashes. the site was previously reported as compromised on the <a href=""https://vigilante.pw/"" target=""_blank"" rel=""noopener"">vigilante.pw</a> breached database directory.",https://haveibeenpwned.com/content/images/pwnedlogos/bolt.png,"['email addresses', 'ip addresses', 'passwords', 'usernames']",True,False,False,False,False,False,False
bombujeu,bombuj.eu,bombuj.eu,2018-12-07,2018-12-10 14:04:47+00:00,2018-12-10 14:04:47+00:00,575437,"in december 2018, the slovak website for watching movies online for free <a href=""https://www.bombuj.eu"" target=""_blank"" rel=""noopener"">bombuj.eu</a> suffered a data breach. the incident exposed over 575k unique email addresses and passwords stored as unsalted md5 hashes. no response was received from bombuj.eu when contacted about the incident.",https://haveibeenpwned.com/content/images/pwnedlogos/bombujeu.png,"['email addresses', 'passwords']",True,False,False,False,False,False,False
bonobos,bonobos,bonobos.com,2020-08-14,2021-01-31 00:09:25+00:00,2021-01-31 00:12:58+00:00,2811929,"in august 2020, the clothing store <a href=""https://www.bleepingcomputer.com/news/security/bonobos-clothing-store-suffers-a-data-breach-hacker-leaks-70gb-database/"" target=""_blank"" rel=""noopener"">bonobos suffered a data breach</a> that exposed almost 70gb of data containing 2.8 million unique email addresses. the breach also exposed names, physical and ip addresses, phone numbers, order histories and passwords stored as salted sha-512 hashes, including historical passwords. the breach also exposed partial credit card data including card type, the name on the card, expiry date and the last 4 digits of the card. the data was provided to hibp by <a href=""https://dehashed.com/"" target=""_blank"" rel=""noopener"">dehashed.com</a>.",https://haveibeenpwned.com/content/images/pwnedlogos/bonobos.png,"['email addresses', 'historical passwords', 'ip addresses', 'names', 'partial credit card data', 'passwords', 'phone numbers', 'physical addresses', 'purchases']",True,False,False,False,False,False,False
bookchor,bookchor,bookchor.com,2021-01-28,2022-07-03 23:41:38+00:00,2022-07-03 23:41:38+00:00,498297,"in january 2021, the indian book trading website <a href=""https://www.opindia.com/2021/04/bookchor-data-breach-information-of-over-5-lakh-users-leaked-what-we-know-so-far/"" target=""_blank"" rel=""noopener"">bookchor suffered a data breach that exposed half a million customer records</a>. the exposed data included email and ip addresses, names, genders, dates of birth, phone numbers and passwords stored as unsalted md5 hashes. the data was subsequently traded on a popular hacking forum.",https://haveibeenpwned.com/content/images/pwnedlogos/bookchor.png,"['dates of birth', 'email addresses', 'genders', 'ip addresses', 'names', 'passwords', 'phone numbers', 'social media profiles']",True,False,False,False,False,False,False
bookcrossing,bookcrossing,bookcrossing.com,2012-11-05,2023-07-25 02:24:52+00:00,2023-07-25 03:53:37+00:00,1582323,"in august 2022, the book social networking site <a href=""https://www.bookcrossing.com/forum/9/584194"" target=""_blank"" rel=""noopener"">bookcrossing disclosed a data breach that dated back to a database backup from november 2012</a>. the incident exposed almost 1.6m records including names, usernames, email and ip addresses, dates of birth and plain text passwords.",https://haveibeenpwned.com/content/images/pwnedlogos/bookcrossing.png,"['dates of birth', 'email addresses', 'geographic locations', 'ip addresses', 'names', 'passwords', 'usernames']",True,False,False,False,False,False,False
bookmate,bookmate,bookmate.com,2018-07-08,2019-03-22 16:25:58+00:00,2019-03-22 16:25:58+00:00,3830916,"in mid-2018, the social ebook subscription service <a href=""https://www.theregister.co.uk/2019/02/11/620_million_hacked_accounts_dark_web/"" target=""_blank"" rel=""noopener"">bookmate was among a raft of sites that were breached and their data then sold in early-2019</a>. the data included almost 4 million unique email addresses alongside names, genders, dates of birth and passwords stored as salted sha-512 hashes. the data was provided to hibp by a source who requested it to be attributed to &quot;benjaminblue@exploit.im&quot;.",https://haveibeenpwned.com/content/images/pwnedlogos/bookmate.png,"['dates of birth', 'email addresses', 'genders', 'geographic locations', 'names', 'passwords', 'usernames']",True,False,False,False,False,False,False
botoflegends,bot of legends,botoflegends.com,2014-11-13,2016-12-27 08:24:52+00:00,2016-12-27 08:24:52+00:00,238373,"in november 2014, the forum for <a href=""http://botoflegends.com"" target=""_blank"" rel=""noopener"">bot of legends</a> suffered a data breach. the ip.board forum contained 238k accounts including usernames, email and ip addresses and passwords stored as salted md5 hashes.",https://haveibeenpwned.com/content/images/pwnedlogos/botoflegends.png,"['email addresses', 'ip addresses', 'passwords', 'usernames', 'website activity']",True,False,False,False,False,False,False
boursedesvols,bourse des vols,bourse-des-vols.com,2021-01-12,2022-07-03 05:17:56+00:00,2022-07-03 05:17:56+00:00,1460130,"in january 2021, the french travel company <a href=""https://www.riskbasedsecurity.com/2021/02/19/dark-web-roundup-january-2021/"" target=""_blank"" rel=""noopener"">bourse des vols suffered a data breach that exposed 1.46m unique email addresses</a> across more than 1.2k .sql files and over 9gb of data. the impacted data exposed personal information and travel histories including names, phone numbers, ip and physical addresses, dates of birth along with flights taken and purchases.",https://haveibeenpwned.com/content/images/pwnedlogos/boursedesvols.png,"['dates of birth', 'email addresses', 'flights taken', 'ip addresses', 'names', 'phone numbers', 'physical addresses', 'purchases']",True,False,False,False,False,False,False
boxee,boxee,forums.boxee.com,2014-03-29,2014-03-30 13:07:16+00:00,2014-03-30 13:07:16+00:00,158093,"in march 2014, the home theatre pc software maker boxee had their forums compromised in an attack. the attackers obtained the entire vbulletin mysql database and promptly posted it for download on the boxee forum itself. the data included 160k users, password histories, private messages and a variety of other data exposed across nearly 200 publicly exposed tables.",https://haveibeenpwned.com/content/images/pwnedlogos/boxee.png,"['dates of birth', 'email addresses', 'geographic locations', 'historical passwords', 'instant messenger identities', 'ip addresses', 'passwords', 'private messages', 'user website urls', 'usernames']",True,False,False,False,False,False,False
brandnewtube,brand new tube,brandnewtube.com,2022-08-14,2022-09-08 08:00:37+00:00,2022-09-08 08:00:37+00:00,349627,"in august 2022, the streaming website <a href=""https://unitynewsnetwork.co.uk/streaming-site-brand-new-tube-sees-massive-data-breach-with-ip-addresses-and-names-of-users-revealed/"" target=""_blank"" rel=""noopener"">brand new tube suffered a data breach that exposed the personal information of almost 350k subscribers</a>. the impacted data included email and ip addresses, usernames, genders,  passwords stored as unsalted sha-1 hashes and private messages.",https://haveibeenpwned.com/content/images/pwnedlogos/brandnewtube.png,"['email addresses', 'genders', 'ip addresses', 'passwords', 'private messages', 'usernames']",True,False,False,False,False,False,False
brazzers,brazzers,brazzers.com,2013-04-01,2016-09-05 10:02:23+00:00,2016-09-05 10:02:23+00:00,790724,"in april 2013, the adult website known as <a href=""https://motherboard.vice.com/read/nearly-800000-brazzers-porn-site-accounts-exposed-in-forum-hack"" target=""_blank"" rel=""noopener"">brazzers was hacked</a> and 790k accounts were exposed publicly. each record included a username, email address and password stored in plain text. the breach was brought to light by the <a href=""https://vigilante.pw"" target=""_blank"" rel=""noopener"">vigilante.pw</a> data breach reporting site in september 2016.",https://haveibeenpwned.com/content/images/pwnedlogos/brazzers.png,"['email addresses', 'passwords', 'usernames']",True,False,True,False,False,False,False
breachforums,breachforums,breached.vc,2022-11-29,2023-07-26 21:08:55+00:00,2023-07-26 21:08:55+00:00,212156,"in november 2022, the well-known hacking forum &quot;breachforums&quot; was itself, breached. later the following year, <a href=""https://www.bleepingcomputer.com/news/security/fbi-seizes-breachforums-after-arresting-its-owner-pompompurin-in-march/"" target=""_blank"" rel=""noopener"">the operator of the website was arrested and the site seized by law enforcement agencies</a>. the breach exposed 212k records including usernames, ip and email addresses, private messages between site members and passwords stored as argon2 hashes. the data was provided to hibp by a source who requested it be attributed to <a href=""http://t.me/breached_db_person"" target=""_blank"" rel=""noopener"">&quot;breached_db_person&quot;</a>.",https://haveibeenpwned.com/content/images/pwnedlogos/breachforums.png,"['email addresses', 'ip addresses', 'passwords', 'private messages', 'usernames']",True,False,False,False,False,False,False
breachforumsclone,breachforums clone,breachforums.vc,2023-06-17,2023-06-25 05:47:36+00:00,2023-06-25 05:52:08+00:00,4204,"in june 2023, <a href=""https://www.hackread.com/breachforums-data-breach-members-data-leak/"" target=""_blank"" rel=""noopener"">a clone of the previously shuttered popular hacking forum &quot;breachforums&quot; suffered a data breach that exposed over 4k records</a>. the breach was due to an exposed backup of the mybb database which included email and ip addresses, usernames and argon2 password hashes.",https://haveibeenpwned.com/content/images/pwnedlogos/breachforums.png,"['email addresses', 'ip addresses', 'passwords', 'usernames']",True,False,False,False,False,False,False
btcalpha,btc-alpha,btc-alpha.com,2021-11-02,2022-01-27 23:39:18+00:00,2022-01-27 23:39:18+00:00,362426,"in november 2021, the crypto exchange platform <a href=""https://www.techtarget.com/searchsecurity/news/252509877/cryptocurrency-exchange-btc-alpha-confirms-ransomware-attack"" target=""_blank"" rel=""noopener"">btc-alpha suffered a ransomware attack data breach</a> after which customer data was publicly dumped. the impacted data included 362k email and ip addresses, usernames and passwords stored as pbkdf2 hashes. the data was provided to hibp by a source who requested it be attributed to &quot;white_peacock@riseup.net&quot;.",https://haveibeenpwned.com/content/images/pwnedlogos/btcalpha.png,"['email addresses', 'ip addresses', 'passwords', 'usernames']",True,False,False,False,False,False,False
btce,btc-e,btc-e.com,2014-10-01,2017-03-12 03:21:52+00:00,2017-03-12 03:21:52+00:00,568340,"in october 2014, <a href=""https://www.databreaches.net/bitcoin-exchange-btc-e-and-bitcointalk-forum-breaches/"" target=""_blank"" rel=""noopener"">the bitcoin exchange btc-e was hacked</a> and 568k accounts were exposed. the data included email and ip addresses, wallet balances and hashed passwords.",https://haveibeenpwned.com/content/images/pwnedlogos/btce.png,"['account balances', 'email addresses', 'ip addresses', 'passwords', 'usernames', 'website activity']",True,False,False,False,False,False,False
btobet,btobet,btobet.com,2019-12-26,2020-01-11 20:16:42+00:00,2020-01-11 20:28:06+00:00,444241,"in december 2019, <a href=""https://www.troyhunt.com/the-difficulty-of-disclosure-surebet247-and-the-streisand-effect/"" target=""_blank"" rel=""noopener"">a large collection of data from nigerian gambling company surebet247 was sent to hibp</a>. alongside the surebet247, database backups from gambling sites betalfa, betway, bongobongo and topbet was also included. further investigation <a href=""https://www.iafrikan.com/2020/01/09/btobet-sports-betting-technology-software-neuron-platform-surebet247-gambling-data-security-breach/"" target=""_blank"" rel=""noopener"">implicated betting platform provider btobet as being the common source of the data</a>. impacted data included user records and extensive information on gambling histories.",https://haveibeenpwned.com/content/images/pwnedlogos/btobet.png,"['dates of birth', 'email addresses', 'financial transactions', 'geographic locations', 'ip addresses', 'names', 'usernames']",True,False,False,False,False,False,False
bukalapak,bukalapak,bukalapak.com,2017-10-23,2019-04-18 01:57:35+00:00,2019-04-18 02:10:15+00:00,13369666,"in march 2019, the indonesian e-commerce website <a href=""https://www.bukalapak.com/blog/feature-updates/petunjuk-teknis-105502"" target=""_blank"" rel=""noopener"">bukalapak discovered a data breach of the organisation's backups dating back to october 2017</a>. the incident exposed approximately 13 million unique email addresses alongside ip addresses, names and passwords stored as bcrypt and salted sha-512 hashes. the data was provided to hibp by a source who requested it to be attributed to &quot;maxime thalet&quot;.",https://haveibeenpwned.com/content/images/pwnedlogos/bukalapak.png,"['email addresses', 'ip addresses', 'names', 'passwords', 'usernames']",True,False,False,False,False,False,False
bulgariannationalrevenueagency,bulgarian national revenue agency,nap.bg,2019-07-15,2019-07-18 18:38:49+00:00,2019-07-18 18:38:49+00:00,471167,"in july 2019, <a href=""https://thenextweb.com/security/2019/07/16/bulgaria-tax-agency-data-leak-hack/"" target=""_blank"" rel=""noopener"">a massive data breach of the bulgarian national revenue agency began circulating with data on 5 million people</a>. allegedly obtained in june, the data was broadly shared online and included taxation information alongside names, phone numbers, physical addresses and 471 thousand unique email addresses. the breach is said to have affected &quot;nearly all adults in bulgaria&quot;.",https://haveibeenpwned.com/content/images/pwnedlogos/bulgariannationalrevenueagency.png,"['email addresses', 'names', 'phone numbers', 'physical addresses', 'taxation records']",True,False,False,False,False,False,False
businessacumen,business acumen magazine,businessacumen.biz,2014-04-25,2014-05-11 04:25:48+00:00,2014-05-11 04:25:48+00:00,26596,"in april 2014, the australian ""business acumen magazine"" website was <a href=""http://1337mir.com/cracked/2014/04/businessacumen-biz-hacked-26000-user-password-leaked/"" target=""_blank"" rel=""noopener"">hacked by an attacker known as 1337mir</a>. the breach resulted in over 26,000 accounts being exposed including usernames, email addresses and password stored with a weak cryptographic hashing algorithm (md5 with no salt).",https://haveibeenpwned.com/content/images/pwnedlogos/businessacumen.png,"['email addresses', 'names', 'passwords', 'usernames', 'website activity']",True,False,False,False,False,False,False
cafemom,cafemom,cafemom.com,2014-04-10,2017-11-09 19:54:20+00:00,2017-11-09 19:55:00+00:00,2628148,"in 2014, the social network for mothers <a href=""http://www.cafemom.com"" target=""_blank"" rel=""noopener"">cafemom</a> suffered a data breach. the data surfaced alongside a number of other historical breaches including kickstarter, bitly and disqus and contained 2.6 million email addresses and plain text passwords.",https://haveibeenpwned.com/content/images/pwnedlogos/cafemom.png,"['email addresses', 'passwords']",True,False,False,False,False,False,False
cafepress,cafepress,cafepress.com,2019-02-20,2019-08-05 01:18:43+00:00,2019-08-05 20:02:32+00:00,23205290,"in february 2019, the custom merchandise retailer <a href=""https://www.cafepress.com/"" target=""_blank"" rel=""noopener"">cafepress</a> suffered a data breach. the exposed data included 23 million unique email addresses with some records also containing names, physical addresses, phone numbers and passwords stored as sha-1 hashes. the data was provided to hibp by a source who requested it be attributed to ""jimscott.sec@protonmail.com"".",https://haveibeenpwned.com/content/images/pwnedlogos/cafepress.png,"['email addresses', 'names', 'passwords', 'phone numbers', 'physical addresses']",True,False,False,False,False,False,False
cannabisforum,cannabis.com,cannabis.com,2014-02-05,2014-06-01 07:55:24+00:00,2014-06-01 07:55:24+00:00,227746,"in february 2014, the vbulletin forum for the marijuana site cannabis.com was breached and <a href=""https://www.google.com/search?q=%22cannabisforum.tar%22"" target=""_blank"" rel=""noopener"">leaked publicly</a>. whilst there has been no public attribution of the breach, the leaked data included over 227k accounts and nearly 10k private messages between users of the forum.",https://haveibeenpwned.com/content/images/pwnedlogos/cannabisforum.png,"['dates of birth', 'email addresses', 'geographic locations', 'historical passwords', 'instant messenger identities', 'ip addresses', 'passwords', 'private messages', 'usernames', 'website activity']",True,False,False,False,False,False,False
canva,canva,canva.com,2019-05-24,2019-08-09 14:24:01+00:00,2019-08-09 14:24:01+00:00,137272116,"in may 2019, the graphic design tool website <a href=""https://support.canva.com/contact/customer-support/may-24-security-incident-faqs/"" target=""_blank"" rel=""noopener"">canva suffered a data breach</a> that impacted 137 million subscribers. the exposed data included email addresses, usernames, names, cities of residence and passwords stored as bcrypt hashes for users not using social logins. the data was provided to hibp by a source who requested it be attributed to ""jimscott.sec@protonmail.com"".",https://haveibeenpwned.com/content/images/pwnedlogos/canva.png,"['email addresses', 'geographic locations', 'names', 'passwords', 'usernames']",True,False,False,False,False,False,False
capialeconomics,capital economics,capitaleconomics.com,2020-12-12,2022-07-04 08:16:36+00:00,2022-07-04 08:16:36+00:00,263829,"in december 2020, the economic research company <a href=""https://securityaffairs.co/wordpress/113581/deep-web/capital-economics-data-leak.html"" target=""_blank"" rel=""noopener"">capital economics suffered a data breach that exposed 263k customer records</a>. the exposed data included email and physical addresses, names, phone numbers, job titles and the employer of impacted customers.",https://haveibeenpwned.com/content/images/pwnedlogos/capialeconomics.png,"['email addresses', 'employers', 'job titles', 'names', 'phone numbers', 'physical addresses']",True,False,False,False,False,False,False
cardingmafiadec2021,carding mafia (december 2021),cardmafia.cc,2021-12-28,2022-01-16 00:04:04+00:00,2022-01-16 00:04:04+00:00,303877,"in december 2021, the carding mafia forum suffered a data breach that exposed over 300k members' email addresses. dedicated to the theft and trading of stolen credit cards, the forum breach also exposed usernames, ip addresses and passwords stored as salted md5 hashes. this breach came only 9 months after another breach of the forum in march 2021.",https://haveibeenpwned.com/content/images/pwnedlogos/cardingmafia.png,"['email addresses', 'ip addresses', 'passwords', 'usernames']",True,False,True,False,False,False,False
cardingmafia,carding mafia (march 2021),cardmafia.cc,2021-03-18,2021-03-23 05:00:29+00:00,2022-01-15 23:30:24+00:00,297744,"in march 2021, the carding mafia forum suffered a data breach that exposed almost 300k members' email addresses. dedicated to the theft and trading of stolen credit cards, the forum breach also exposed usernames, ip addresses and passwords stored as salted md5 hashes.",https://haveibeenpwned.com/content/images/pwnedlogos/cardingmafia.png,"['email addresses', 'ip addresses', 'passwords', 'usernames']",True,False,True,False,False,False,False
cashcrate,cashcrate,cashcrate.com,2016-11-17,2018-04-20 21:40:38+00:00,2018-04-20 21:40:38+00:00,6844490,"in june 2017, news broke that <a href=""https://motherboard.vice.com/en_us/article/bj8pvq/hackers-steal-6-million-user-accounts-for-cash-for-surveys-site"" target=""_blank"" rel=""noopener"">cashcrate had suffered a data breach exposing 6.8 million records</a>. the breach of the cash-for-surveys site dated back to november 2016 and exposed names, physical addresses, email addresses and passwords stored in plain text for older accounts along with weak md5 hashes for newer ones.",https://haveibeenpwned.com/content/images/pwnedlogos/cashcrate.png,"['email addresses', 'names', 'passwords', 'physical addresses']",True,False,False,False,False,False,False
catho,catho,catho.com.br,2020-03-01,2020-08-18 22:52:39+00:00,2020-08-18 22:52:39+00:00,1173012,"in approximately march 2020, the brazilian recruitment website <a href=""https://www.binarydefense.com/threat_watch/shinyhunters-serving-up-21-new-compromised-databases/"" target=""_blank"" rel=""noopener"">catho was compromised and subsequently appeared alongside 20 other breached websites</a> listed for sale on a dark web marketplace. the breach included almost 11 million records with 1.2 million unique email addresses. names, usernames and plain text passwords were also exposed. the data was provided to hibp by <a href=""https://breachbase.pw/"" target=""_blank"" rel=""noopener"">breachbase.pw</a>.",https://haveibeenpwned.com/content/images/pwnedlogos/catho.png,"['email addresses', 'names', 'passwords', 'usernames']",True,False,False,False,False,False,False
cdprojektred,cd projekt red,cdprojektred.com,2016-03-01,2017-01-31 06:40:09+00:00,2017-01-31 06:40:09+00:00,1871373,"in march 2016, <a href=""http://forums.cdprojektred.com/forum/en/the-witcher-series/news-aa/7248610-important-potential-unauthorized-access-to-the-forums%e2%80%99-data"" target=""_blank"" rel=""noopener"">polish game developer cd projekt red suffered a data breach</a>. the hack of their forum led to the exposure of almost 1.9 million accounts along with usernames, email addresses and salted sha1 passwords.",https://haveibeenpwned.com/content/images/pwnedlogos/cdprojektred.png,"['email addresses', 'passwords', 'usernames']",True,False,False,False,False,False,False
cdek,cdek,cdek.ru,2022-03-09,2022-03-17 06:19:02+00:00,2022-03-17 06:19:02+00:00,19218203,"in early 2022, a collective known as <a href=""https://www.bleepingcomputer.com/news/security/ukraine-recruits-it-army-to-hack-russian-entities-lists-31-targets/"" target=""_blank"" rel=""noopener"">it army whose stated goal is to &quot;completely de-anonymise most russian users by leaking hundreds of gigabytes of databases&quot;</a> published over 30gb of data allegedly sourced from russian courier service cdek. the data contained over 19m unique email addresses along with names and phone numbers. the authenticity of the breach could not be independently established and has been flagged as &quot;unverfieid&quot;.",https://haveibeenpwned.com/content/images/pwnedlogos/cdek.png,"['email addresses', 'names', 'phone numbers']",False,False,False,False,False,False,False
chatbooks,chatbooks,chatbooks.com,2020-03-26,2020-07-29 21:21:46+00:00,2020-07-29 21:21:46+00:00,2520441,"in march 2020, the photo print service <a href=""https://www.bleepingcomputer.com/news/security/chatbooks-discloses-data-breach-after-data-sold-on-dark-web/"" target=""_blank"" rel=""noopener"">chatbooks suffered a data breach</a> which was subsequently put up for sale on a dark web marketplace. the breach contained 15 million user records with 2.5 million unique email addresses alongside names, phone numbers, social media profiles and salted sha-512 password hashes. the data was provided to hibp by <a href=""https://dehashed.com/"" target=""_blank"" rel=""noopener"">dehashed.com</a>.",https://haveibeenpwned.com/content/images/pwnedlogos/chatbooks.png,"['email addresses', 'names', 'passwords', 'phone numbers', 'social media profiles']",True,False,False,False,False,False,False
cheapassgamer,cheapassgamer.com,cheapassgamer.com,2015-07-01,2016-11-08 01:58:39+00:00,2016-11-08 01:58:39+00:00,444767,"in approximately mid-2015, the forum for <a href=""https://www.cheapassgamer.com"" target=""_blank"" rel=""noopener"">cheapassgamer.com</a> suffered a data breach. the database from the ip.board based forum contained 445k accounts including usernames, email and ip addresses and salted md5 password hashes.",https://haveibeenpwned.com/content/images/pwnedlogos/cheapassgamer.png,"['email addresses', 'ip addresses', 'passwords', 'usernames']",True,False,False,False,False,False,False
chegg,chegg,chegg.com,2018-04-28,2019-08-16 07:24:58+00:00,2024-04-27 05:34:09+00:00,39721127,"in april 2018, the textbook rental service <a href=""https://techcrunch.com/2018/09/26/chegg-resets-40-million-user-passwords-after-data-breach/"" target=""_blank"" rel=""noopener"">chegg suffered a data breach</a> that impacted 40 million subscribers. the exposed data included email addresses, usernames, names and passwords stored as unsalted md5 hashes. a small number of records also contained physical address or phone number. the data was provided to hibp by a source who requested it be attributed to ""jimscott.sec@protonmail.com"".",https://haveibeenpwned.com/content/images/pwnedlogos/chegg.png,"['email addresses', 'names', 'passwords', 'phone numbers', 'physical addresses', 'usernames']",True,False,False,False,False,False,False
chess,chess,chess.com,2023-11-08,2023-11-10 02:02:26+00:00,2023-11-10 02:02:26+00:00,827620,"in november 2023, <a href=""https://www.hackread.com/hacker-leaks-scraped-chess-com-user-records/"" target=""_blank"" rel=""noopener"">over 800k user records were scraped from the chess website and posted to a popular hacking forum</a>. the data included email address, name, username and the geographic location of the user.",https://haveibeenpwned.com/content/images/pwnedlogos/chess.png,"['email addresses', 'geographic locations', 'names', 'usernames']",True,False,False,False,False,False,False
chowbus,chowbus,chowbus.com,2020-10-05,2020-10-06 06:07:45+00:00,2020-10-06 06:07:45+00:00,444224,"in october 2020, the asian food delivery app <a href=""https://www.reddit.com/r/uiuc/comments/j5fcjp/chowbus_is_hacked_leaks_800000_entries_of/"" target=""_blank"" rel=""noopener"">chowbus suffered a data breach which led to over 800,000 records being emailed to customers</a>. the email contained a link to a csv file with customer data including physical addresses, names, phone numbers and over 444,000 unique email addresses.",https://haveibeenpwned.com/content/images/pwnedlogos/chowbus.png,"['email addresses', 'names', 'phone numbers', 'physical addresses']",True,False,False,False,False,False,False
cit0day,cit0day,cit0day.in,2020-11-04,2020-11-19 08:07:33+00:00,2020-11-19 08:07:33+00:00,226883414,"in november 2020, <a href=""https://www.troyhunt.com/inside-the-cit0day-breach-collection"" target=""_blank"" rel=""noopener"">a collection of more than 23,000 allegedly breached websites known as cit0day were made available for download on several hacking forums</a>. the data consisted of 226m unique email address alongside password pairs, often represented as both password hashes and the cracked, plain text versions. independent verification of the data established it contains many legitimate, previously undisclosed breaches. the data was provided to hibp by <a href=""https://dehashed.com/"" target=""_blank"" rel=""noopener"">dehashed.com</a>.",https://haveibeenpwned.com/content/images/pwnedlogos/list.png,"['email addresses', 'passwords']",False,False,False,False,False,False,False
citybee,citybee,citybee.lt,2021-02-05,2021-02-17 00:52:52+00:00,2021-02-17 00:52:52+00:00,110156,"in february 2021, the lithuanian car-sharing service <a href=""https://www.reuters.com/article/us-baltic-dataprotection-iduskbn2ag2bw"" target=""_blank"" rel=""noopener"">citybee announced they'd suffered a data breach that exposed 110k customers' personal information</a>. the breach exposed names, email addresses, government issued ids and passwords stored as unsalted sha-1 hashes.",https://haveibeenpwned.com/content/images/pwnedlogos/citybee.png,"['email addresses', 'government issued ids', 'names', 'passwords']",True,False,False,False,False,False,False
cityjerks,cityjerks,cityjerks.com,2023-02-27,2023-04-27 21:50:05+00:00,2023-04-27 21:50:05+00:00,177554,"in early 2023, the &quot;mutual masturbation&quot; website <a href=""https://techcrunch.com/2023/04/27/hackers-steal-emails-private-messages-from-hookup-websites/"" target=""_blank"" rel=""noopener"">cityjerks suffered a data breach that exposed 177k unique email addresses</a>. the breach also included data from the truckersucker &quot;dating app for real truckers and real men&quot; with the combined corpus of data also exposing usernames, ip addresses, dates of birth, sexual orientations, geo locations, private messages between members and passwords stored as salted md5 hashes. the data was listed on a public hacking site and provided to hibp by a source who requested it be attributed to &quot;discord.gg/gn9c9em&quot;.",https://haveibeenpwned.com/content/images/pwnedlogos/cityjerks.png,"['bios', 'dates of birth', 'email addresses', 'geographic locations', 'ip addresses', 'passwords', 'private messages', 'profile photos', 'sexual orientations', 'usernames']",True,False,True,False,False,False,False
civilonline,civil online,co188.com,2011-07-10,2016-11-07 20:41:52+00:00,2016-11-07 20:41:52+00:00,7830195,"in mid-2011, data was allegedly obtained from the chinese engineering website known as <a href=""http://www.co188.com/"" target=""_blank"" rel=""noopener"">civil online</a> and contained 7.8m accounts. whilst there is evidence that the data is legitimate, due to the difficulty of emphatically verifying the chinese breach it has been flagged as &quot;unverified&quot;. the data in the breach contains email and ip addresses, user names and md5 password hashes. <a href=""https://www.troyhunt.com/handling-chinese-data-breaches-in-have-i-been-pwned/"" target=""_blank"" rel=""noopener"">read more about chinese data breaches in have i been pwned.</a>",https://haveibeenpwned.com/content/images/pwnedlogos/civilonline.png,"['email addresses', 'ip addresses', 'passwords', 'usernames', 'website activity']",False,False,False,False,False,False,False
clashofkings,clash of kings,f.elex.com,2016-07-14,2019-07-27 22:03:03+00:00,2019-07-27 22:03:03+00:00,1604957,"in july 2016, <a href=""https://www.zdnet.com/article/hacker-steals-forums-of-clash-of-kings-mobile-game/"" target=""_blank"" rel=""noopener"">the forum for the game &quot;clash of kings&quot; suffered a data breach</a> that impacted 1.6 million subscribers. the impacted data included usernames, ip and email addresses and passwords stored as md5 hashes. the data was provided to hibp by <a href=""https://dehashed.com/"" target=""_blank"" rel=""noopener"">dehashed.com</a>.",https://haveibeenpwned.com/content/images/pwnedlogos/clashofkings.png,"['email addresses', 'ip addresses', 'passwords', 'usernames']",True,False,False,False,False,False,False
clearvoicesurveys,clearvoice surveys,clearvoicesurveys.com,2015-08-23,2021-04-23 05:00:19+00:00,2021-04-23 05:00:19+00:00,15074786,"in april 2021, the market research surveys company <a href=""https://www.clearvoicesurveys.com/"" target=""_blank"" rel=""noopener"">clearvoice surveys</a> had a publicly facing database backup from 2015 taken and redistributed on a popular hacking forum. the data included 15m unique email addresses across more than 17m rows of data that also included names, physical and ip addresses, genders, dates of birth and plain text passwords. clearvoice surveys advised they were aware of the breach and confirmed its authenticity.",https://haveibeenpwned.com/content/images/pwnedlogos/clearvoicesurveys.png,"['dates of birth', 'email addresses', 'genders', 'ip addresses', 'names', 'passwords', 'phone numbers', 'physical addresses']",True,False,False,False,False,False,False
clickasnap,clickasnap,clickasnap.com,2022-09-24,2024-03-13 03:47:22+00:00,2024-03-13 03:47:22+00:00,3262980,"in september 2022, the online photo sharing platform <a href=""https://blog.clickasnap.com/2022/10/14/clickasnap-website-breach-24-09-22/"" target=""_blank"" rel=""noopener"">clickasnap suffered a data breach</a>. the incident exposed almost 3.3m personal records including email addresses, usernames and passwords stored as sha-512 hashes. further, a collection of paid subscriptions were also included and contained names, physical addresses and amounts paid.",https://haveibeenpwned.com/content/images/pwnedlogos/clickasnap.png,"['email addresses', 'names', 'passwords', 'physical addresses', 'purchases', 'social media profiles', 'usernames']",True,False,False,False,False,False,False
clixsense,clixsense,clixsense.com,2016-09-04,2016-09-11 06:37:25+00:00,2016-09-11 06:37:25+00:00,2424784,"in september 2016, the paid-to-click site <a href=""http://cybercashworldwide.com/clixsense-has-been-hacked"" target=""_blank"" rel=""noopener"">clixsense suffered a data breach</a> which exposed 2.4 million subscriber identities. the breached data was then posted online by the attackers who claimed it was a subset of a larger data breach totalling 6.6 million records. the leaked data was extensive and included names, physical, email and ip addresses, genders and birth dates, account balances and passwords stored as plain text.",https://haveibeenpwned.com/content/images/pwnedlogos/clixsense.png,"['account balances', 'dates of birth', 'email addresses', 'genders', 'ip addresses', 'names', 'passwords', 'payment histories', 'payment methods', 'physical addresses', 'usernames', 'website activity']",True,False,False,False,False,False,False
cloudpets,cloudpets,cloudpets.com,2017-01-01,2017-02-27 20:57:29+00:00,2017-02-27 20:57:29+00:00,583503,"in january, the maker of teddy bears that record children's voices and sends them to family and friends via the internet <a href=""https://www.troyhunt.com/data-from-connected-cloudpets-teddy-bears-leaked-and-ransomed-exposing-kids-voice-messages"" target=""_blank"" rel=""noopener"">cloudpets left their database publicly exposed and it was subsequently downloaded by external parties</a> (the data was also subject to 3 different ransom demands). 583k records were provided to hibp via a data trader and included email addresses and bcrypt hashes, but the full extent of user data exposed by the system was over 821k records and also included children's names and references to portrait photos and voice recordings.",https://haveibeenpwned.com/content/images/pwnedlogos/cloudpets.png,"['email addresses', ""family members' names"", 'passwords']",True,False,False,False,False,False,False
clubpenguinrewritten,club penguin rewritten (january 2018),cprewritten.net,2018-01-21,2019-04-23 05:05:16+00:00,2019-07-30 14:05:55+00:00,1688176,"in january 2018, the children's gaming site <a href=""https://community.cprewritten.net/"" target=""_blank"" rel=""noopener"">club penguin rewritten</a> (cprewritten) suffered a data breach (note: cprewritten is an independent recreation of disney's club penguin game). the incident exposed almost 1.7 million unique email addresses alongside ip addresses, usernames and passwords stored as bcrypt hashes. when contacted, cprewritten advised they were aware of the breach and had &quot;contacted affected users&quot;.",https://haveibeenpwned.com/content/images/pwnedlogos/clubpenguinrewritten.png,"['email addresses', 'ip addresses', 'passwords', 'usernames']",True,False,False,False,False,False,False
clubpenguinrewrittenjul2019,club penguin rewritten (july 2019),cprewritten.net,2019-07-27,2019-07-30 14:05:10+00:00,2019-07-30 14:05:10+00:00,4007909,"in july 2019, the children's gaming site <a href=""https://community.cprewritten.net/"" target=""_blank"" rel=""noopener"">club penguin rewritten</a> (cprewritten) suffered a data breach (note: cprewritten is an independent recreation of disney's club penguin game). in addition to an earlier data breach that impacted 1.7 million accounts, the subsequent breach exposed 4 million unique email addresses alongside ip addresses, usernames and passwords stored as bcrypt hashes.",https://haveibeenpwned.com/content/images/pwnedlogos/clubpenguinrewritten.png,"['email addresses', 'ip addresses', 'passwords', 'usernames']",True,False,False,False,False,False,False
coachella,coachella,coachella.com,2017-02-22,2017-06-27 10:57:03+00:00,2017-06-27 10:57:03+00:00,599802,"in february 2017, <a href=""https://motherboard.vice.com/en_us/article/mgkzkp/someone-is-selling-coachella-user-accounts-on-the-dark-web"" target=""_blank"" rel=""noopener"">hundreds of thousands of records from the coachella music festival were discovered being sold online</a>. allegedly taken from a combination of the main coachella website and their vbulletin-based message board, the data included almost 600k usernames, ip and email addresses and salted hashes of passwords (md5 in the case of the message board).",https://haveibeenpwned.com/content/images/pwnedlogos/coachella.png,"['email addresses', 'ip addresses', 'passwords', 'usernames']",True,False,False,False,False,False,False
coinmama,coinmama,coinmama.com,2017-08-03,2019-08-30 20:53:29+00:00,2019-08-30 20:53:29+00:00,478824,"in august 2017, the crypto coin brokerage service <a href=""https://cointelegraph.com/news/major-crypto-brokerage-coinmama-reports-450-000-users-affected-by-data-breach"" target=""_blank"" rel=""noopener"">coinmama suffered a data breach</a> that impacted 479k subscribers. the breach was discovered in february 2019 with exposed data including email addresses, usernames and passwords stored as md5 wordpress hashes. the data was provided to hibp by white hat security researcher and data analyst adam davies.",https://haveibeenpwned.com/content/images/pwnedlogos/coinmama.png,"['email addresses', 'passwords', 'usernames']",True,False,False,False,False,False,False
coinmarketcap,coinmarketcap,coinmarketcap.com,2021-10-12,2021-10-22 20:32:53+00:00,2021-10-22 20:32:53+00:00,3117548,"during october 2021, 3.1 million email addresses with accounts on the cryptocurrency market capitalisation website <a href=""https://coinmarketcap.com/"" target=""_blank"" rel=""noopener"">coinmarketcap</a> were discovered being traded on hacking forums. whilst the email addresses were found to correlate with coinmarketcap accounts, it's unclear precisely how they were obtained. coinmarketcap has provided the following statement on the data: &quot;coinmarketcap has become aware that batches of data have shown up online purporting to be a list of user accounts. while the data lists we have seen are only email addresses (no passwords), we have found a correlation with our subscriber base. we have not found any evidence of a data leak from our own servers — we are actively investigating this issue and will update our subscribers as soon as we have any new information.&quot;",https://haveibeenpwned.com/content/images/pwnedlogos/coinmarketcap.png,['email addresses'],True,False,False,False,False,False,False
cointracker,cointracker,cointracker.io,2022-12-01,2022-12-12 08:55:48+00:00,2023-01-01 07:04:48+00:00,1557153,"in december 2022, the crypto & nft taxes service <a href=""https://www.databreaches.net/important-cointracker-security-update/"" target=""_blank"" rel=""noopener"">cointracker reported a data breach that impacted over 1.5m of their customers</a>. the company <a href=""https://www.cointracker.io/blog/sendgrid-data-breach"" target=""_blank"" rel=""noopener"">later attributed the breach to a compromise sendgrid</a> in an attack that targeted multiple customers of the email provider. the breach exposed email addresses and partially redacted phone numbers, with cointracker advising that the later did not originate from their service.",https://haveibeenpwned.com/content/images/pwnedlogos/cointracker.png,"['email addresses', 'partial phone numbers']",True,False,False,False,False,False,False
collection1,collection #1,,2019-01-07,2019-01-16 21:46:07+00:00,2019-01-16 21:50:21+00:00,772904991,"in january 2019, a large collection of credential stuffing lists (combinations of email addresses and passwords used to hijack accounts on other services) was discovered being distributed on a popular hacking forum. the data contained almost 2.7 <em>billion</em> records including 773 million unique email addresses alongside passwords those addresses had used on other breached services. full details on the incident and how to search the breached passwords are provided in the blog post <a href=""https://www.troyhunt.com/the-773-million-record-collection-1-data-reach"" target=""_blank"" rel=""noopener"">the 773 million record ""collection #1"" data breach</a>.",https://haveibeenpwned.com/content/images/pwnedlogos/list.png,"['email addresses', 'passwords']",False,False,False,False,False,False,False
comcast,comcast,comcast.net,2015-11-08,2016-02-08 21:41:43+00:00,2016-02-08 21:41:43+00:00,616882,"in november 2015, the us internet and cable tv provider comcast <a href=""http://www.ibtimes.co.uk/comcast-data-breach-590000-customer-passwords-go-sale-dark-web-1528026"" target=""_blank"" rel=""noopener"">suffered a data breach that exposed 590k customer email addresses and plain text passwords</a>. a further 27k accounts appeared with home addresses with the entire data set being sold on underground forums.",https://haveibeenpwned.com/content/images/pwnedlogos/comcast.png,"['email addresses', 'passwords', 'physical addresses']",True,False,False,False,False,False,False
comelec,comelec (philippines voters),comelec.gov.ph,2016-03-27,2016-04-14 02:24:32+00:00,2016-04-14 02:24:32+00:00,228605,"in march 2016, <a href=""http://www.comelec.gov.ph/"" target=""_blank"" rel=""noopener"">the philippines commission of elections website</a> (comelec) was <a href=""http://www.rappler.com/nation/politics/elections/2016/127256-comelec-website-hacked-anonymous-philippines"" target=""_blank"" rel=""noopener"">attacked and defaced</a>, allegedly by anonymous philippines. shortly after, <a href=""http://www.theregister.co.uk/2016/04/07/philippine_voter_data_breach/"" target=""_blank"" rel=""noopener"">data on 55 million filipino voters was leaked publicly</a> and included sensitive information such as genders, marital statuses, height and weight and biometric fingerprint data. the breach only included 228k email addresses.",https://haveibeenpwned.com/content/images/pwnedlogos/comelec.png,"['biometric data', 'dates of birth', 'email addresses', ""family members' names"", 'genders', 'job titles', 'marital statuses', 'names', 'passport numbers', 'phone numbers', 'physical addresses', 'physical attributes']",True,False,False,False,False,False,False
convex,convex,convex.ru,2023-02-01,2023-02-26 06:51:44+00:00,2023-02-26 06:51:44+00:00,150129,"in february 2023, the russian telecommunications provider <a href=""https://www.hackread.com/anonymous-data-leak-russia-isp-convex/"" target=""_blank"" rel=""noopener"">convex was hacked by &quot;anonymous&quot; who subsequently released 128gb of data publicly</a>, alleging it revealed illegal government surveillance. the leaked data contained 150k unique email, ip and physical addresses, names and phone numbers.",https://haveibeenpwned.com/content/images/pwnedlogos/convex.png,"['email addresses', 'ip addresses', 'names', 'phone numbers']",True,False,False,False,False,False,False
couponmomandarmorgames,coupon mom / armor games,,2014-02-08,2017-11-09 23:46:52+00:00,2020-07-21 08:45:24+00:00,11010525,"in 2014, a file allegedly containing data hacked from <a href=""https://www.couponmom.com"" target=""_blank"" rel=""noopener"">coupon mom</a> was created and included 11 million email addresses and plain text passwords. on further investigation, the file was also found to contain data indicating it had been sourced from <a href=""https://armorgames.com"" target=""_blank"" rel=""noopener"">armor games</a>. subsequent verification with hibp subscribers confirmed the passwords had previously been used and many subscribers had used either coupon mom or armor games in the past. on disclosure to both organisations, each found that the data did not represent their entire customer base and possibly includes records from other sources with common subscribers. the breach has subsequently been flagged as &quot;unverified&quot; as the source cannot be emphatically proven. in july 2020, <a href=""https://www.troyhunt.com/how-beeradvocate-learned-theyd-been-pwned/"" target=""_blank"" rel=""noopener"">the data was also found to contain beeradvocate accounts sourced from a previously unknown breach</a>.",https://haveibeenpwned.com/content/images/pwnedlogos/couponmomandarmorgames.png,"['email addresses', 'passwords']",False,False,False,False,False,False,False
db8151dd,covve,covve.com,2020-02-20,2020-05-15 08:06:11+00:00,2020-05-19 20:25:18+00:00,22802117,"in february 2020, <a href=""https://www.troyhunt.com/the-unattributable-db8151dd-data-breach"" target=""_blank"" rel=""noopener"">a massive trove of personal information referred to as &quot;db8151dd&quot;</a> was provided to hibp after being found left exposed on a publicly facing elasticsearch server. later identified as originating from the covve contacts app, the exposed data included extensive personal information and interactions between covve users and their contacts. the data was provided to hibp by <a href=""https://dehashed.com/"" target=""_blank"" rel=""noopener"">dehashed.com</a>.",https://haveibeenpwned.com/content/images/pwnedlogos/covve.png,"['email addresses', 'job titles', 'names', 'phone numbers', 'physical addresses', 'social media profiles']",True,False,False,False,False,False,False
crackcommunity,crack community,crackcommunity.com,2013-09-09,2015-02-03 06:30:05+00:00,2015-02-03 06:30:05+00:00,19210,"in late 2013, the <a href=""http://crackcommunity.com"" target=""_blank"" rel=""noopener"">crack community</a> forum specialising in cracks for games was compromised and over 19k accounts published online. built on the mybb forum platform, the compromised data included email addresses, ip addresses and salted md5 passwords.",https://haveibeenpwned.com/content/images/pwnedlogos/crackcommunity.png,"['email addresses', 'ip addresses', 'passwords', 'usernames', 'website activity']",True,False,False,False,False,False,False
crackedto,cracked.to,cracked.to,2019-07-21,2019-08-12 11:18:56+00:00,2019-08-12 11:18:56+00:00,749161,"in july 2019, the hacking website <a href=""https://cracked.to"" target=""_blank"" rel=""noopener"">cracked.to</a> suffered a data breach. there were 749k unique email addresses spread across 321k forum users and other tables in the database. a rival hacking website claimed responsibility for breaching the mybb based forum which disclosed email and ip addresses, usernames, private messages and passwords stored as bcrypt hashes.",https://haveibeenpwned.com/content/images/pwnedlogos/crackedto.png,"['email addresses', 'ip addresses', 'passwords', 'private messages', 'usernames']",True,False,False,False,False,False,False
crackingforum,crackingforum,crackingforum.com,2016-07-01,2017-12-10 20:08:30+00:00,2017-12-10 20:08:30+00:00,660305,"in approximately mid-2016, the cracking community forum known as <a href=""http://crackingforum.com"" target=""_blank"" rel=""noopener"">crackingforum</a> suffered a data breach. the vbulletin based forum exposed 660k email and ip addresses, usernames and salted md5 hashes.",https://haveibeenpwned.com/content/images/pwnedlogos/crackingforum.png,"['email addresses', 'ip addresses', 'passwords', 'usernames']",True,False,False,False,False,False,False
craftrise,craftrise,craftrise.com.tr,2022-03-05,2023-08-08 07:57:30+00:00,2023-08-08 08:00:39+00:00,2532527,"in may 2023, <a href=""https://memoryhackers.org/konular/craftrise-verileri-sizdirilmis.270536/"" target=""_blank"" rel=""noopener"">news broke of a data breach of the turkish minecraft server known as craftrise</a>. the data of over 2.5m users was subsequently shared on a popular hacking forum and included email addresses, usernames, geographic locations and plain text passwords. the newest records indicate the data was obtained in march 2022.",https://haveibeenpwned.com/content/images/pwnedlogos/craftrise.png,"['email addresses', 'geographic locations', 'passwords', 'usernames']",True,False,False,False,False,False,False
creative,creative,creative.com,2018-05-01,2018-06-07 21:00:31+00:00,2018-06-07 21:00:31+00:00,483015,"in may 2018, <a href=""http://forums.creative.com/"" target=""_blank"" rel=""noopener"">the forum for singaporean hardware company creative technology</a> suffered a data breach which resulted in the disclosure of 483k unique email addresses. running on an old version of vbulletin, the breach also disclosed usernames, ip addresses and salted md5 password hashes. after being notified of the incident, creative permanently shut down the forum.",https://haveibeenpwned.com/content/images/pwnedlogos/creative.png,"['email addresses', 'ip addresses', 'passwords', 'usernames']",True,False,False,False,False,False,False
crimeagencyvbulletin,crimeagency vbulletin hacks,,2017-01-19,2017-03-21 03:12:40+00:00,2017-03-21 03:12:40+00:00,942044,"in january 2016, <a href=""http://news.softpedia.com/news/vbulletin-hack-exposes-820-000-accounts-from-126-forums-513416.shtml"" target=""_blank"" rel=""noopener"">a large number of unpatched vbulletin forums were compromised by an actor known as &quot;crimeagency&quot;</a>. a total of 140 forums had data including usernames, email addresses and passwords (predominantly stored as salted md5 hashes), extracted and then distributed. refer to <a href=""https://troyhunt.com/i-just-added-another-140-data-breaches-to-have-i-been-pwned"" target=""_blank"" rel=""noopener"">the complete list of the forums</a> for further information on which sites were impacted.",https://haveibeenpwned.com/content/images/pwnedlogos/crimeagencyvbulletin.png,"['email addresses', 'passwords', 'usernames']",True,False,True,False,False,False,False
crossfire,cross fire,cfire.mail.ru,2016-08-08,2016-12-28 00:29:28+00:00,2016-12-28 00:29:28+00:00,12865609,"in august 2016, <a href=""http://www.zdnet.com/article/over-25-million-accounts-stolen-after-mail-ru-forums-raided-by-hackers/"" target=""_blank"" rel=""noopener"">the russian gaming forum known as cross fire (or cfire.mail.ru) was hacked</a> along with a number of other forums on the russian mail provider, mail.ru. the vbulletin forum contained 12.8 million accounts including usernames, email addresses and passwords stored as salted md5 hashes.",https://haveibeenpwned.com/content/images/pwnedlogos/crossfire.png,"['email addresses', 'passwords', 'usernames']",True,False,False,False,False,False,False
ctars,ctars,ctars.com.au,2021-05-21,2022-05-31 22:58:15+00:00,2022-05-31 23:02:54+00:00,12314,"in may 2022, the client management system for the australian government's ndis (national disability insurance scheme) <a href=""https://ctars.com.au/ctars-data-breach"" target=""_blank"" rel=""noopener"">suffered a data breach which was subsequently posted to an online hacking forum</a>. the ctars cloud platform is used by care providers to record information about ndis participants and often contains sensitive medical information. impacted data includes over 12k unique email addresses, physical addresses, names, dates of birth, phone numbers and data related to patient conditions and treatments.",https://haveibeenpwned.com/content/images/pwnedlogos/ctars.png,"['dates of birth', 'email addresses', 'genders', 'names', 'passwords', 'personal health data', 'phone numbers', 'physical addresses', 'salutations', 'usernames']",True,False,True,False,False,False,False
cutoutpro,cutout.pro,cutout.pro,2024-02-26,2024-02-28 22:16:27+00:00,2024-02-28 22:16:27+00:00,19972829,"in february 2024, the ai-powered visual design platform <a href=""https://twitter.com/h4ckmanac/status/1762387053889675658"" target=""_blank"" rel=""noopener"">cutout.pro suffered a data breach that exposed 20m records</a>. the data included email and ip addresses, names and salted md5 password hashes which were subsequently broadly distributed on a popular hacking forum and telegram channels.",https://haveibeenpwned.com/content/images/pwnedlogos/cutoutpro.png,"['email addresses', 'ip addresses', 'names', 'passwords']",True,False,False,False,False,False,False
cyberserve,cyberserve,cyberserve.co.il,2021-10-29,2021-11-04 09:58:03+00:00,2021-11-04 10:28:56+00:00,1107034,"in october 2021, the israeli hosting provider <a href=""https://www.timesofisrael.com/black-shadow-hackers-leak-medical-records-of-290000-israeli-patients/"" target=""_blank"" rel=""noopener"">cyberserve was breached and ransomed before having a substantial amount of their customer data leaked publicly by a group known as &quot;black shadow&quot;</a>. amongst the data was the lgbtq dating site atraf and the machon mor medical institute. due to multiple different sites being compromised, the impacted data is broad and ranges from relationship information to medical data to email addresses and passwords stored in plain text. the data was made available to hibp with support from may brooks-kempler, founder of <a href=""https://www.facebook.com/groups/think.safe.cyber/"" target=""_blank"" rel=""noopener"">the think safe cyber community in israel</a>.",https://haveibeenpwned.com/content/images/pwnedlogos/cyberserve.png,"['dates of birth', 'drinking habits', 'email addresses', 'family structure', 'genders', 'geographic locations', 'hiv statuses', 'ip addresses', 'names', 'passwords', 'personal health data', 'phone numbers', 'physical attributes', 'private messages', 'profile photos', 'religions', 'sexual orientations', 'smoking habits', 'usernames']",True,False,True,False,False,False,False
d3scene,d3scene,d3scene.com,2016-01-01,2019-06-15 15:19:11+00:00,2019-06-15 15:19:11+00:00,568827,"in january 2016, the gaming website d3scene, suffered a data breach. the compromised vbulletin forum exposed 569k million email addresses, ip address, usernames and passwords stored as salted md5 hashes. the data was provided to hibp by <a href=""https://dehashed.com/"" target=""_blank"" rel=""noopener"">dehashed.com</a>.",https://haveibeenpwned.com/content/images/pwnedlogos/d3scene.png,"['email addresses', 'ip addresses', 'passwords', 'usernames']",True,False,False,False,False,False,False
dafont,dafont,dafont.com,2017-05-16,2017-05-18 20:05:28+00:00,2017-05-18 20:05:28+00:00,637340,"in may 2017, <a href=""http://www.zdnet.com/article/font-sharing-site-dafont-hacked-thousands-of-accounts-stolen/"" target=""_blank"" rel=""noopener"">font sharing site dafont suffered a data breach</a> resulting in the exposure of 637k records. allegedly due to a sql injection vulnerability exploited by multiple parties, the exposed data included usernames, email addresses and passwords stored as md5 without a salt.",https://haveibeenpwned.com/content/images/pwnedlogos/dafont.png,"['email addresses', 'passwords', 'usernames']",True,False,False,False,False,False,False
dailyquiz,daily quiz,dailyquiz.me,2021-01-13,2021-05-21 05:15:39+00:00,2021-05-21 11:44:38+00:00,8032404,"in january 2021, the quiz website <a href=""https://dailyquiz.me/"" target=""_blank"" rel=""noopener"">daily quiz</a> suffered a data breach that exposed over 8 million unique email addresses. the data also included usernames, ip addresses and passwords stored in plain text.",https://haveibeenpwned.com/content/images/pwnedlogos/dailyquiz.png,"['email addresses', 'ip addresses', 'passwords', 'usernames']",True,False,False,False,False,False,False
dailymotion,dailymotion,dailymotion.com,2016-10-20,2017-08-07 02:51:12+00:00,2017-08-07 02:51:12+00:00,85176234,"in october 2016, the video sharing platform <a href=""http://thehackernews.com/2016/12/dailymotion-video-hacked.html"" target=""_blank"" rel=""noopener"">dailymotion suffered a data breach</a>. the attack led to the exposure of more than 85 million user accounts and included email addresses, usernames and bcrypt hashes of passwords.",https://haveibeenpwned.com/content/images/pwnedlogos/dailymotion.png,"['email addresses', 'passwords', 'usernames']",True,False,False,False,False,False,False
dailyobjects,dailyobjects,dailyobjects.com,2018-01-01,2020-01-28 10:50:00+00:00,2020-01-28 10:50:00+00:00,464260,"in approximately january 2018, a collection of more than 464k customer records from the indian online retailer <a href=""https://www.dailyobjects.com/"" target=""_blank"" rel=""noopener"">dailyobjects</a> were leaked online. the data included names, physical and email addresses, phone numbers and &quot;pincodes&quot; stored in plain text. after multiple attempts to contact them, dailyobjects responded and received a copy of the data for verification, however failed to respond to multiple contact attempts following that.",https://haveibeenpwned.com/content/images/pwnedlogos/dailyobjects.png,"['email addresses', 'names', 'passwords', 'phone numbers', 'physical addresses']",True,False,False,False,False,False,False
dangdang,dangdang,dangdang.com,2011-06-01,2019-01-10 11:15:51+00:00,2019-01-10 11:24:06+00:00,4848734,"in 2011, the chinese e-commerce site <a href=""https://www.marbridgeconsulting.com/marbridgedaily/2011-12-29/article/52564/rumor_dangdang_alipay_suffer_data_breaches"" target=""_blank"" rel=""noopener"">dangdang suffered a data breach</a>. the incident exposed over 4.8 million unique email addresses which were subsequently traded online over the ensuing years.",https://haveibeenpwned.com/content/images/pwnedlogos/dangdang.png,['email addresses'],True,False,False,False,False,False,False
daniweb,daniweb,daniweb.com,2015-12-01,2016-12-28 23:12:16+00:00,2016-12-28 23:12:16+00:00,1131636,"in late 2015, the technology and social site <a href=""https://www.daniweb.com"" target=""_blank"" rel=""noopener"">daniweb</a> suffered a data breach. the attack resulted in the disclosure of 1.1 million accounts including email and ip addresses which were also accompanied by salted md5 hashes of passwords. however, daniweb have advised that &quot;the breached password hashes and salts are incorrect&quot; and that they have since switched to new infrastructure and software.",https://haveibeenpwned.com/content/images/pwnedlogos/daniweb.png,"['email addresses', 'ip addresses', 'passwords']",True,False,False,False,False,False,False
dataandleads,data & leads,datanleads.com,2018-11-14,2018-11-28 19:32:19+00:00,2018-11-28 19:32:19+00:00,44320330,"in november 2018, <a href=""https://blog.hackenproof.com/industry-news/new-data-breach-exposes-57-million-records"" target=""_blank"" rel=""noopener"">security researcher bob diachenko identified an unprotected database believed to be hosted by a data aggregator</a>. upon further investigation, the data was linked to marketing company <a href=""http://web.archive.org/web/20180925092401/https://www.datanleads.com/"" target=""_blank"" rel=""noopener"">data &amp; leads</a>. the exposed elasticsearch instance contained over 44m unique email addresses along with names, ip and physical addresses, phone numbers and employment information. no response was received from data &amp; leads when contacted by bob and their site subsequently went offline.",https://haveibeenpwned.com/content/images/pwnedlogos/list.png,"['email addresses', 'employers', 'ip addresses', 'job titles', 'names', 'phone numbers', 'physical addresses']",True,False,False,False,False,False,False
pdl,data enrichment exposure from pdl customer,,2019-10-16,2019-11-22 20:13:04+00:00,2019-11-22 20:13:04+00:00,622161052,"in october 2019, <a href=""https://www.troyhunt.com/data-enrichment-people-data-labs-and-another-622m-email-addresses"" target=""_blank"" rel=""noopener"">security researchers vinny troia and bob diachenko identified an unprotected elasticsearch server holding 1.2 billion records of personal data</a>. the exposed data included an index indicating it was sourced from data enrichment company people data labs (pdl) and contained 622 million unique email addresses. the server was not owned by pdl and it's believed a customer failed to properly secure the database. exposed information included email addresses, phone numbers, social media profiles and job history data.",https://haveibeenpwned.com/content/images/pwnedlogos/list.png,"['email addresses', 'employers', 'geographic locations', 'job titles', 'names', 'phone numbers', 'social media profiles']",True,False,False,False,False,False,False
dataenrichment,data enrichment records,,2016-12-23,2017-06-08 16:23:07+00:00,2017-06-08 16:23:07+00:00,8176132,"in december 2016, <a href=""http://www.csoonline.com/article/3149713/security/data-enrichment-records-for-200-million-people-up-for-sale-on-the-darknet.html"" target=""_blank"" rel=""noopener"">more than 200 million &quot;data enrichment profiles&quot; were found for sale on the darknet</a>. the seller claimed the data was sourced from experian and whilst that claim was rejected by the company, the data itself was found to be legitimate suggesting it may have been sourced from other legitimate locations. in total, there were more than 8 million unique email addresses in the data which also contained a raft of other personal attributes including credit ratings, home ownership status, family structure and other fields described in the story linked to above. the email addresses alone were provided to hibp.",https://haveibeenpwned.com/content/images/pwnedlogos/list.png,"['buying preferences', 'charitable donations', 'credit status information', 'dates of birth', 'email addresses', 'family structure', 'financial investments', 'home ownership statuses', 'income levels', 'job titles', 'marital statuses', 'names', 'net worths', 'phone numbers', 'physical addresses', 'political donations']",False,False,False,False,False,False,False
datacamp,datacamp,datacamp.com,2017-01-30,2019-04-09 04:29:55+00:00,2019-04-09 21:12:53+00:00,760561,"in december 2018, the data science website <a href=""https://support.datacamp.com/hc/en-us/articles/360017716074-datacamp-security-update-frequently-asked-questions"" target=""_blank"" rel=""noopener"">datacamp suffered a data breach</a> of records dating back to january 2017. the incident exposed 760k unique email and ip addresses along with names and passwords stored as bcrypt hashes. in 2019, <a href=""https://www.theregister.co.uk/2019/02/11/620_million_hacked_accounts_dark_web/"" target=""_blank"" rel=""noopener"">the data appeared listed for sale on a dark web marketplace</a> (along with several other large breaches) and subsequently began circulating more broadly. the data was provided to hibp by a source who requested it to be attributed to &quot;benjaminblue@exploit.im&quot;.",https://haveibeenpwned.com/content/images/pwnedlogos/datacamp.png,"['email addresses', 'geographic locations', 'ip addresses', 'names', 'passwords']",True,False,False,False,False,False,False
datpiff,datpiff,datpiff.com,2021-08-25,2022-01-04 07:42:27+00:00,2022-01-04 07:42:27+00:00,7476940,"in late 2021, <a href=""https://www.numerama.com/cyberguerre/784965-la-plateforme-de-rap-datpiff-piratee-les-mots-de-passe-dans-la-nature.html"" target=""_blank"" rel=""noopener"">email address and plain text password pairs from the rap mixtape website datpiff appeared for sale on a popular hacking forum</a>. the data allegedly dated back to an earlier breach and in total, contained almost 7.5m email addresses and cracked password pairs. the original data source allegedly contained usernames, security questions and answers and passwords stored as md5 hashes with a static salt.",https://haveibeenpwned.com/content/images/pwnedlogos/datpiff.png,"['email addresses', 'passwords', 'security questions and answers', 'usernames']",True,False,False,False,False,False,False
dave,dave,dave.com,2020-06-28,2020-07-27 02:38:41+00:00,2020-07-27 02:38:41+00:00,2964182,"in june 2020, the digital banking app <a href=""https://www.zdnet.com/article/tech-unicorn-dave-admits-to-security-breach-impacting-7-5-million-users/"" target=""_blank"" rel=""noopener"">dave suffered a data breach</a> which exposed 7.5 million rows of data and subsequently appeared for public download on a hacking forum. the breach exposed extensive personal information including almost 3 million unique email addresses alongside names, dates of birth, encrypted social security numbers and passwords stored as bcrypt hashes. the data was provided to hibp by <a href=""https://dehashed.com/"" target=""_blank"" rel=""noopener"">dehashed.com</a>.",https://haveibeenpwned.com/content/images/pwnedlogos/dave.png,"['dates of birth', 'email addresses', 'names', 'passwords', 'phone numbers', 'physical addresses', 'social security numbers']",True,False,False,False,False,False,False
dbforums,dbforums,dbforums.com,2016-07-04,2023-09-20 07:26:28+00:00,2023-09-20 07:26:28+00:00,363468,"in july 2016, <a href=""https://www.vice.com/en/article/78kwwe/hackers-allegedly-steal-14m-passwords-from-mac-forums-web-hosting-talk"" target=""_blank"" rel=""noopener"">a data breach of the now defunct database forum &quot;dbforums&quot; appeared for sale alongside several others hacked from the parent company, penton</a>. the breach of the vbulletin based forum contained 363k unique email addresses alongside usernames, ip addresses, dates of birth and salted md5 password hashes.",https://haveibeenpwned.com/content/images/pwnedlogos/dbforums.png,"['dates of birth', 'email addresses', 'ip addresses', 'passwords', 'usernames']",True,False,False,False,False,False,False
dchealth,dc health link,dchealthlink.com,2023-03-06,2023-12-14 19:11:43+00:00,2023-12-14 23:34:44+00:00,48145,"in march 2023, <a href=""https://cyberscoop.com/dc-health-link-breach-russia-hacker-congress/"" target=""_blank"" rel=""noopener"">dc health link discovered a data breach</a> that was later publicly posted to a popular data breach forum. the impacted data included 48k unique email addresses alongside names, genders, dates of birth, home addresses, phone numbers and social security numbers. the data was provided to hibp by a source who requested it be attributed to &quot;aegis&quot; and &quot;intelbroker&quot;.",https://haveibeenpwned.com/content/images/pwnedlogos/dchealth.png,"['citizenship statuses', 'dates of birth', 'email addresses', 'employers', 'ethnicities', 'genders', 'names', 'phone numbers', 'physical addresses', 'purchases', 'social security numbers']",True,False,True,False,False,False,False
deezer,deezer,deezer.com,2019-04-22,2023-01-02 03:10:50+00:00,2023-01-02 03:10:50+00:00,229037936,"in late 2022, the music streaming service <a href=""https://restoreprivacy.com/music-service-deezer-data-breach/"" target=""_blank"" rel=""noopener"">deezer disclosed a data breach that impacted over 240m customers</a>. the breach dated back to a mid-2019 backup exposed by a 3rd party partner which was subsequently sold and then broadly redistributed on a popular hacking forum. impacted data included 229m unique email addresses, ip addresses, names, usernames, genders, dobs and the geographic location of the customer.",https://haveibeenpwned.com/content/images/pwnedlogos/deezer.png,"['dates of birth', 'email addresses', 'genders', 'geographic locations', 'ip addresses', 'names', 'spoken languages', 'usernames']",True,False,False,False,False,False,False
demonforums,demon forums,demonforums.net,2019-02-20,2019-04-04 07:14:34+00:00,2019-04-04 07:14:34+00:00,52623,"in february 2019, the hacking forum <a href=""https://demonforums.net/"" target=""_blank"" rel=""noopener"">demon forums</a> suffered a data breach. the compromise of the vbulletin forum exposed 52k unique email addresses alongside usernames and passwords stored as salted md5 hashes.",https://haveibeenpwned.com/content/images/pwnedlogos/demonforums.png,"['email addresses', 'passwords', 'usernames']",True,False,False,False,False,False,False
descomplica,descomplica,descomplica.com.br,2021-03-14,2021-04-28 08:37:04+00:00,2021-04-28 08:37:04+00:00,4845378,"in march 2021, the brazilian edtech company <a href=""https://atendimento.descomplica.com.br/hc/pt-br/articles/1500003993042-faq-ataque-cibern%c3%a9tico-14-03"" target=""_blank"" rel=""noopener"">descomplica suffered a data breach</a> which was subsequently posted to a popular hacking forum. the data included almost 5 million email addresses, names, the first 6 and last 4 digits and the expiry date of credit cards, purchase histories and password hashes.",https://haveibeenpwned.com/content/images/pwnedlogos/descomplica.png,"['email addresses', 'names', 'partial credit card data', 'passwords', 'purchases']",True,False,False,False,False,False,False
deviltorrents,devil-torrents.pl,devil-torrents.pl,2021-01-04,2022-05-01 23:56:34+00:00,2022-05-01 23:56:34+00:00,63451,"in early 2021, the polish torrents website devil-torrents.pl suffered a data breach. a subset of the data including 63k unique email addresses and cracked passwords were subsequently socialised on a popular data breach sharing service.",https://haveibeenpwned.com/content/images/pwnedlogos/deviltorrents.png,"['email addresses', 'passwords']",True,False,False,False,False,False,False
devkitpro,devkitpro,devkitpro.org,2019-02-03,2019-02-11 07:21:44+00:00,2019-02-11 07:21:44+00:00,1508,"in february 2019, <a href=""https://devkitpro.org/viewtopic.php?f=13&t=8846"" target=""_blank"" rel=""noopener"">the devkitpro forum suffered a data breach</a>. the phpbb based forum had 1,508 unique email addresses exposed in the breach alongside forum posts, private messages and passwords stored as weak salted hashes. the data breach was self-submitted to hibp by the forum operator.",https://haveibeenpwned.com/content/images/pwnedlogos/devkitpro.png,"['email addresses', 'passwords', 'private messages']",True,False,False,False,False,False,False
dietcom,diet.com,diet.com,2014-08-10,2017-10-13 21:37:10+00:00,2017-10-13 21:37:10+00:00,1383759,"in august 2014, the diet and nutrition website <a href=""https://diet.com/"" target=""_blank"" rel=""noopener"">diet.com</a> suffered a data breach resulting in the exposure of 1.4 million unique user records dating back as far as 2004. the data contained email and ip addresses, usernames, plain text passwords and dietary information about the site members including eating habits, bmi and birth date. the site was previously reported as compromised on the <a href=""https://vigilante.pw/"" target=""_blank"" rel=""noopener"">vigilante.pw</a> breached database directory.",https://haveibeenpwned.com/content/images/pwnedlogos/dietcom.png,"['dates of birth', 'eating habits', 'email addresses', 'ip addresses', 'names', 'passwords', 'physical attributes', 'usernames']",True,False,False,False,False,False,False
digimon,digimon,digimon.co.in,2016-09-05,2018-09-28 01:34:56+00:00,2018-09-28 01:34:56+00:00,7687679,"in september 2016, over 16gb of logs from a service indicated to be digimon.co.in were obtained, most likely from an unprotected mongo db instance. the service ceased running shortly afterwards and no information remains about the precise nature of it. based on <a href=""https://twitter.com/troyhunt/status/1045178309926051840"" target=""_blank"" rel=""noopener"">enquiries made via twitter</a>, it appears to have been a mail service possibly based on powermta and used for delivering spam. the logs contained information including 7.7m unique email recipients (names and addresses), mail server ip addresses, email subjects and tracking information including mail opens and clicks.",https://haveibeenpwned.com/content/images/pwnedlogos/email.png,"['email addresses', 'email messages', 'ip addresses', 'names']",True,False,False,False,True,False,False
disqus,disqus,disqus.com,2012-07-01,2017-10-06 23:03:51+00:00,2017-10-06 23:03:51+00:00,17551044,"in october 2017, the blog commenting service <a href=""https://blog.disqus.com/security-alert-user-info-breach"" target=""_blank"" rel=""noopener"">disqus announced they'd suffered a data breach</a>. the breach dated back to july 2012 but wasn't identified until years later when the data finally surfaced. the breach contained over 17.5 million unique email addresses and usernames. users who created logins on disqus had salted sha1 hashes of passwords whilst users who logged in via social providers only had references to those accounts.",https://haveibeenpwned.com/content/images/pwnedlogos/disqus.png,"['email addresses', 'passwords', 'usernames']",True,False,False,False,False,False,False
divxsubtitles,divx subtitles,divxsubtitles.net,2010-01-01,2022-06-14 02:57:46+00:00,2022-06-14 04:55:40+00:00,783058,"in approximately 2010, the now defunct website divx subtitles suffered a data breach that exposed 783k user accounts including email addresses, usernames and plain text passwords.",https://haveibeenpwned.com/content/images/pwnedlogos/divxsubtitles.png,"['email addresses', 'passwords', 'usernames']",True,False,False,False,False,False,False
dlh,dlh.net,dlh.net,2016-07-31,2016-09-07 13:29:25+00:00,2016-09-07 13:29:25+00:00,3264710,"in july 2016, the gaming news site <a href=""http://www.zdnet.com/article/millions-of-steam-game-keys-stolen-after-site-hack/"" target=""_blank"" rel=""noopener"">dlh.net suffered a data breach</a> which exposed 3.3m subscriber identities. along with the keys used to redeem and activate games on the steam platform, the breach also resulted in the exposure of email addresses, birth dates and salted md5 password hashes. the data was donated to have i been pwned by data breach monitoring service <a href=""https://vigilante.pw/"" target=""_blank"" rel=""noopener"">vigilante.pw</a>.",https://haveibeenpwned.com/content/images/pwnedlogos/dlh.png,"['dates of birth', 'email addresses', 'names', 'passwords', 'usernames', 'website activity']",True,False,False,False,False,False,False
dodonew,dodonew.com,dodonew.com,2011-12-01,2016-11-10 00:26:01+00:00,2016-11-10 00:26:01+00:00,8718404,"in late 2011, data was allegedly obtained from the chinese website known as <a href=""http://dodonew.com"" target=""_blank"" rel=""noopener"">dodonew.com</a> and contained 8.7m accounts. whilst there is evidence that the data is legitimate, due to the difficulty of emphatically verifying the chinese breach it has been flagged as &quot;unverified&quot;. the data in the breach contains email addresses and user names. <a href=""https://www.troyhunt.com/handling-chinese-data-breaches-in-have-i-been-pwned/"" target=""_blank"" rel=""noopener"">read more about chinese data breaches in have i been pwned.</a>",https://haveibeenpwned.com/content/images/pwnedlogos/dodonew.png,"['email addresses', 'usernames']",False,False,False,False,False,False,False
dominos,domino's,pizza.dominos.be,2014-06-13,2015-01-04 03:03:34+00:00,2015-01-04 03:03:34+00:00,648231,"in june 2014, <a href=""http://www.welivesecurity.com/2014/06/16/dominos-pizza-hacked/"" target=""_blank"" rel=""noopener"">domino's pizza in france and belgium was hacked</a> by a group going by the name &quot;rex mundi&quot; and their customer data held to ransom. domino's refused to pay the ransom and six months later, the attackers <a href=""http://cyberintelligence.in/rex-mundi-hackers-leaked-data-dominos-accord-easypay/"" target=""_blank"" rel=""noopener"">released the data</a> along with troves of other hacked accounts. amongst the customer data was passwords stored with a weak md5 hashing algorithm and no salt.",https://haveibeenpwned.com/content/images/pwnedlogos/dominos.png,"['email addresses', 'names', 'passwords', 'phone numbers', 'physical addresses']",True,False,False,False,False,False,False
dominosindia,domino's india,dominos.co.in,2021-03-24,2021-06-03 02:18:39+00:00,2021-06-20 03:20:56+00:00,22527655,"in april 2021, <a href=""https://www.bleepingcomputer.com/news/security/dominos-india-discloses-data-breach-after-hackers-sell-data-online/"" target=""_blank"" rel=""noopener"">13tb of compromised domino's india appeared for sale on a hacking forum</a> after which the company acknowledged a major data breach they dated back to march. the compromised data included 22.5 million unique email addresses, names, phone numbers, order histories and physical addresses.",https://haveibeenpwned.com/content/images/pwnedlogos/dominos.png,"['email addresses', 'names', 'phone numbers', 'physical addresses', 'purchases']",True,False,False,False,False,False,False
doomworld,doomworld,doomworld.com,2022-10-12,2022-10-24 06:10:24+00:00,2022-10-24 06:10:24+00:00,34478,"in october 2022, <a href=""https://www.doomworld.com/announcement/4-doomworld-probably-got-hacked/"" target=""_blank"" rel=""noopener"">the doomworld fourm suffered a data breach</a> that exposed 34k member records. the data included email and ip addresses, usernames and bcrypt password hashes.",https://haveibeenpwned.com/content/images/pwnedlogos/doomworld.png,"['email addresses', 'ip addresses', 'passwords', 'usernames']",True,False,False,False,False,False,False
doordash,doordash,doordash.com,2022-08-02,2023-01-07 03:59:32+00:00,2023-01-07 03:59:32+00:00,367476,"in august 2022, the food ordering and delivery service <a href=""https://mashable.com/article/doordash-hack-customer-details-exposed"" target=""_blank"" rel=""noopener"">doordash disclosed a data breach that impacted a portion of their customers</a>. doordash attributed the breach to an unnamed &quot;third-party vendor&quot; they stated was the victim of a phishing campaign. the incident exposed 367k unique personal email addresses alongside names, post codes and partial card data, namely the brand, expiry data and last four digits of the card.",https://haveibeenpwned.com/content/images/pwnedlogos/doordash.png,"['email addresses', 'geographic locations', 'names', 'partial credit card data']",True,False,False,False,False,False,False
dota2,dota2,dev.dota2.com,2016-07-10,2024-05-23 06:44:21+00:00,2024-05-23 06:44:21+00:00,1907205,"in july 2016, <a href=""https://news.softpedia.com/news/data-of-nearly-2-million-users-exposed-in-dota2-forum-hack-507162.shtml"" target=""_blank"" rel=""noopener"">the dota2 official developers forum suffered a data breach that exposed almost 2 million users</a>. the hack of the vbulletin forum led to the disclosure of email and ip addresses, usernames and passwords stored as salted md5 hashes.",https://haveibeenpwned.com/content/images/pwnedlogos/dota2.png,"['email addresses', 'ip addresses', 'passwords', 'usernames']",True,False,False,False,False,False,False
doxbin,doxbin,doxbin.com,2022-01-05,2022-01-08 05:51:48+00:00,2022-01-09 06:23:56+00:00,370794,"in january 2022, the &quot;doxing&quot; website designed to disclose the personal information of targeted individuals (&quot;doxes&quot;) <a href=""https://www.flashpoint-intel.com/blog/doxbin-leak/"" target=""_blank"" rel=""noopener"">doxbin suffered a data breach</a>. the breach was subsequently leaked online and included over 370k unique email addresses across user accounts and doxes. user accounts also included usernames, password hashes and browser user agents. the personal information disclosed in the doxes was often extensive including names, physical addresses, phone numbers and more.",https://haveibeenpwned.com/content/images/pwnedlogos/doxbin.png,"['browser user agent details', 'email addresses', 'passwords', 'usernames']",True,False,True,False,False,False,False
drivesure,drivesure,drivesure.com,2020-12-19,2021-05-10 08:02:29+00:00,2021-05-10 08:02:29+00:00,3675099,"in december 2020, the car dealership service provider <a href=""https://www.riskbasedsecurity.com/2021/02/01/personal-data-of-3-million-people-exposed-in-drivesure-hack/"" target=""_blank"" rel=""noopener"">drivesure suffered a data breach</a>. the incident resulted in 26gb of data being downloaded and later shared on a hacking forum. impacted personal information included 3.6 million unique email addresses, names, phone numbers and physical addresses. vehicle data was also exposed and included makes, models, vin numbers and odometer readings. a small number of passwords stored as bcrypt hashes were also included in the data set.",https://haveibeenpwned.com/content/images/pwnedlogos/drivesure.png,"['email addresses', 'names', 'passwords', 'phone numbers', 'physical addresses', 'vehicle details']",True,False,False,False,False,False,False
drizly,drizly,drizly.com,2020-07-02,2020-07-28 21:45:05+00:00,2020-07-28 21:45:05+00:00,2479044,"in approximately july 2020, the us-based online alcohol delivery service <a href=""https://techcrunch.com/2020/07/28/drizly-data-breach/"" target=""_blank"" rel=""noopener"">drizly suffered a data breach</a>. the data was sold online before being extensively redistributed and contained 2.5 million unique email addresses alongside names, physical and ip addresses, phone numbers, dates of birth and passwords stored as bcrypt hashes. the data was provided to hibp by <a href=""https://dehashed.com/"" target=""_blank"" rel=""noopener"">dehashed.com</a>.",https://haveibeenpwned.com/content/images/pwnedlogos/drizly.png,"['dates of birth', 'device information', 'email addresses', 'ip addresses', 'names', 'passwords', 'phone numbers', 'physical addresses']",True,False,False,False,False,False,False
dropbox,dropbox,dropbox.com,2012-07-01,2016-08-31 00:19:19+00:00,2016-08-31 00:19:19+00:00,68648009,"in mid-2012, dropbox suffered a data breach which exposed the stored credentials of tens of millions of their customers. in august 2016, <a href=""https://motherboard.vice.com/read/dropbox-forces-password-resets-after-user-credentials-exposed"" target=""_blank"" rel=""noopener"">they forced password resets for customers they believed may be at risk</a>. a large volume of data totalling over 68 million records <a href=""https://motherboard.vice.com/read/hackers-stole-over-60-million-dropbox-accounts"" target=""_blank"" rel=""noopener"">was subsequently traded online</a> and included email addresses and salted hashes of passwords (half of them sha1, half of them bcrypt).",https://haveibeenpwned.com/content/images/pwnedlogos/dropbox.png,"['email addresses', 'passwords']",True,False,False,False,False,False,False
dubsmash,dubsmash,dubsmash.com,2018-12-01,2019-02-25 08:35:58+00:00,2019-02-25 08:35:58+00:00,161749950,"in december 2018, the video messaging service <a href=""https://www.theregister.co.uk/2019/02/11/620_million_hacked_accounts_dark_web/"" target=""_blank"" rel=""noopener"">dubsmash suffered a data breach</a>. the incident exposed 162 million unique email addresses alongside usernames and pbkdf2 password hashes. in 2019, the data appeared listed for sale on a dark web marketplace (along with several other large breaches) and subsequently began circulating more broadly. the data was provided to hibp by a source who requested it to be attributed to &quot;benjaminblue@exploit.im&quot;.",https://haveibeenpwned.com/content/images/pwnedlogos/dubsmash.png,"['email addresses', 'geographic locations', 'names', 'passwords', 'phone numbers', 'spoken languages', 'usernames']",True,False,False,False,False,False,False
ducksunlimited,ducks unlimited,ducks.org,2021-01-29,2021-11-16 01:24:35+00:00,2021-11-16 05:39:28+00:00,1324364,"in mid-2021, <a href=""https://www.riskbasedsecurity.com/2021/06/14/dark-web-roundup-may-2021/"" target=""_blank"" rel=""noopener"">risk based security reported on a database sourced from ducks unlimited being traded online</a>. the data dated back to january 2021 and contained 1.3m unique email addresses across both a membership list and a list of website users. impacted data included names, phones numbers, physical addresses, dates of birth and passwords stored as unsalted md5 hashes.",https://haveibeenpwned.com/content/images/pwnedlogos/ducksunlimited.png,"['dates of birth', 'email addresses', 'names', 'passwords', 'phone numbers', 'physical addresses']",True,False,False,False,False,False,False
duelingnetwork,dueling network,duelingnetwork.com,2017-03-29,2020-03-30 00:44:49+00:00,2020-03-31 07:18:51+00:00,6486626,"in march 2017, the flash game based on the yu-gi-oh trading card game <a href=""https://www.vice.com/amp/en_us/article/783dkz/hacker-steals-millions-of-accounts-from-yu-gi-oh-fan-project-dueling-network"" target=""_blank"" rel=""noopener"">dueling network suffered a data breach</a>. the site itself was taken offline in 2016 due to a cease-and-desist order but the forum remained online for another year. the data breach exposed usernames, ip and email addresses and passwords stored as md5 hashes. the data was provided to hibp by a source who requested it be attributed to &quot;burger vault&quot;.",https://haveibeenpwned.com/content/images/pwnedlogos/duelingnetwork.png,"['email addresses', 'ip addresses', 'passwords', 'usernames']",True,False,False,False,False,False,False
ddo,dungeons & dragons online,ddo.com,2013-04-02,2016-03-12 10:59:56+00:00,2016-03-12 10:59:56+00:00,1580933,"in april 2013, the interactive video game <a href=""https://www.ddo.com"" target=""_blank"" rel=""noopener"">dungeons &amp; dragons online</a> suffered a data breach that exposed almost 1.6m players' accounts. the data was being actively traded on underground forums and included email addresses, birth dates and password hashes.",https://haveibeenpwned.com/content/images/pwnedlogos/ddo.png,"['dates of birth', 'email addresses', 'ip addresses', 'passwords', 'usernames', 'website activity']",True,False,False,False,False,False,False
dunzo,dunzo,dunzo.com,2020-06-19,2020-07-29 04:38:23+00:00,2020-07-29 04:38:23+00:00,3465259,"in approximately june 2019, the indian delivery service <a href=""https://www.thenewsminute.com/article/dunzo-suffers-data-breach-launches-internal-investigation-128415"" target=""_blank"" rel=""noopener"">dunzo suffered a data breach</a>. exposing 3.5 million unique email addresses, the dunzo breach also included names, phone numbers and ip addresses which were all broadly distributed online via a hacking forum. the data was provided to hibp by <a href=""https://dehashed.com/"" target=""_blank"" rel=""noopener"">dehashed.com</a>.",https://haveibeenpwned.com/content/images/pwnedlogos/dunzo.png,"['device information', 'email addresses', 'geographic locations', 'ip addresses', 'names', 'phone numbers']",True,False,False,False,False,False,False
duolingo,duolingo,duolingo.com,2023-01-24,2023-08-23 04:31:08+00:00,2023-08-23 04:31:08+00:00,2676696,"in august 2023, <a href=""https://www.bleepingcomputer.com/news/security/scraped-data-of-26-million-duolingo-users-released-on-hacking-forum/"" target=""_blank"" rel=""noopener"">2.6m records of data scraped from duolingo were broadly distributed on a popular hacking forum</a>. obtained by enumerating a vulnerable api, the data had earlier appeared for sale in january 2023 and contained email addresses, names, the languages being learned, xp (experience points), and other data related to learning progress on duolingo. whilst some of the data attributes are intentionally public, the ability to map private email addresses to them presents an ongoing risk to user privacy.",https://haveibeenpwned.com/content/images/pwnedlogos/duolingo.png,"['email addresses', 'names', 'spoken languages', 'usernames']",True,False,False,False,False,False,False
duowan,duowan.com,duowan.com,2011-01-01,2016-11-07 12:53:19+00:00,2016-11-07 12:53:19+00:00,2639894,"in approximately 2011, data was allegedly obtained from the chinese gaming website known as <a href=""http://www.duowan.com"" target=""_blank"" rel=""noopener"">duowan.com</a> and contained 2.6m accounts. whilst there is evidence that the data is legitimate, due to the difficulty of emphatically verifying the chinese breach it has been flagged as &quot;unverified&quot;. the data in the breach contains email addresses, user names and plain text passwords. <a href=""https://www.troyhunt.com/handling-chinese-data-breaches-in-have-i-been-pwned/"" target=""_blank"" rel=""noopener"">read more about chinese data breaches in have i been pwned.</a>",https://haveibeenpwned.com/content/images/pwnedlogos/duowan.png,"['email addresses', 'passwords', 'usernames']",False,False,False,False,False,False,False
dvdshopch,dvd-shop.ch,dvd-shop.ch,2017-12-05,2017-12-10 04:58:09+00:00,2017-12-10 04:58:09+00:00,67973,"in december 2017, the online swiss dvd store known as <a href=""https://www.melani.admin.ch/melani/de/home/dokumentation/newsletter/passwoerter-von-70000-e-mail-konten-im-umlauf.html"" target=""_blank"" rel=""noopener"">dvd-shop.ch suffered a data breach</a>. the incident led to the exposure of 68k email addresses and plain text passwords. the site has since been updated to indicate that it is currently closed.",https://haveibeenpwned.com/content/images/pwnedlogos/dvdshopch.png,"['email addresses', 'passwords']",True,False,False,False,False,False,False
dymocks,dymocks,dymocks.com.au,2023-06-20,2023-09-08 07:35:22+00:00,2023-09-08 07:46:30+00:00,836120,"in september 2023, the australian book retailer <a href=""https://www.abc.net.au/news/2023-09-08/dymocks-warns-customers-after-information-leaked-to-dark-web/102833430"" target=""_blank"" rel=""noopener"">dymocks announced a data breach</a>. the data dated back to june 2023 and contained 1.2m records with 836k unique email addresses. the breach also exposed names, dates of birth, genders, phone numbers and physical addresses.",https://haveibeenpwned.com/content/images/pwnedlogos/dymocks.png,"['dates of birth', 'email addresses', 'genders', 'names', 'phone numbers', 'physical addresses']",True,False,False,False,False,False,False
eatigo,eatigo,eatigo.com,2018-10-16,2021-08-25 03:42:31+00:00,2021-08-25 03:42:31+00:00,2789609,"in october 2018, the restaurant reservation service <a href=""https://www.channelnewsasia.com/singapore/eatigo-data-breach-personal-information-millions-account-1307916"" target=""_blank"" rel=""noopener"">eatigo suffered a data breach that exposed 2.8 million accounts</a>. the data included email addresses, names, phone numbers, social media profiles, genders and passwords stored as unsalted md5 hashes.",https://haveibeenpwned.com/content/images/pwnedlogos/eatigo.png,"['email addresses', 'genders', 'names', 'passwords', 'phone numbers', 'social media profiles']",True,False,False,False,False,False,False
eatstreet,eatstreet,eatstreet.com,2019-05-03,2019-07-19 11:29:35+00:00,2019-07-19 11:29:35+00:00,6353564,"in may 2019, the online food ordering service <a href=""https://www.zdnet.com/article/eatstreet-food-ordering-service-discloses-security-breach/"" target=""_blank"" rel=""noopener"">eatstreet suffered a data breach affecting 6.4 million customers</a>. an extensive amount of personal data was obtained including names, phone numbers, addresses, partial credit card data and passwords stored as bcrypt hashes. the data was provided to hibp by a source who requested it be attributed to &quot;jimscott.sec@protonmail.com&quot;.",https://haveibeenpwned.com/content/images/pwnedlogos/eatstreet.png,"['dates of birth', 'email addresses', 'genders', 'names', 'partial credit card data', 'passwords', 'phone numbers', 'physical addresses', 'social media profiles']",True,False,False,False,False,False,False
eccie,eccie,eccie.net,2021-07-01,2023-08-21 23:19:18+00:00,2023-08-21 23:19:18+00:00,536923,"in january 2021, the adult escort forum <a href=""https://www.eccie.net/showthread.php?p=1062479958"" target=""_blank"" rel=""noopener"">eccie suffered a data breach</a> which was later posted to a popular hacking forum. the data included 536k user records with email and ip addresses, usernames, dates of birth and salted md5 password hashes.",https://haveibeenpwned.com/content/images/pwnedlogos/eccie.png,"['dates of birth', 'email addresses', 'ip addresses', 'passwords', 'usernames']",True,False,True,False,False,False,False
edmodo,edmodo,edmodo.com,2017-05-11,2017-06-01 05:59:24+00:00,2017-06-01 05:59:24+00:00,43423561,"in may 2017, the education platform <a href=""https://motherboard.vice.com/en_us/article/hacker-steals-millions-of-user-account-details-from-education-platform-edmodo"" target=""_blank"" rel=""noopener"">edmodo was hacked</a> resulting in the exposure of 77 million records comprised of over 43 million unique customer email addresses. the data was consequently published to a popular hacking forum and made freely available. the records in the breach included usernames, email addresses and bcrypt hashes of passwords.",https://haveibeenpwned.com/content/images/pwnedlogos/edmodo.png,"['email addresses', 'passwords', 'usernames']",True,False,False,False,False,False,False
elance,elance,elance.com,2009-01-01,2017-02-18 02:54:48+00:00,2017-02-18 02:54:48+00:00,1291178,"sometime in 2009, staffing platform <a href=""http://www.ibtimes.co.uk/elance-data-breach-hacker-leaks-1-3-million-accounts-staffing-platform-1605368"" target=""_blank"" rel=""noopener"">elance suffered a data breach that impacted 1.3 million accounts</a>. appearing online 8 years later, the data contained usernames, email addresses, phone numbers and sha1 hashes of passwords, amongst other personal data.",https://haveibeenpwned.com/content/images/pwnedlogos/elance.png,"['email addresses', 'employers', 'geographic locations', 'passwords', 'phone numbers', 'usernames']",True,False,False,False,False,False,False
elanic,elanic,elanic.in,2018-01-01,2020-05-04 23:25:28+00:00,2020-05-04 23:25:28+00:00,2325283,"in january 2020, the indian fashion marketplace <a href=""https://elanic.in/"" target=""_blank"" rel=""noopener"">elanic</a> had 2.8m records with 2.3m unique email addresses posted publicly to a popular hacking forum. elanic confirmed that they had &quot;verified the data and it was pulled from one of our test servers where this data was exposed publicly&quot; and that the data was &quot;old&quot; (the hacking forum reported it as being from 2016-2018). when asked about disclosure to impacted customers, elanic advised that they had &quot;decided to not have as such any communication and public disclosure&quot;.",https://haveibeenpwned.com/content/images/pwnedlogos/elanic.png,"['email addresses', 'geographic locations', 'usernames']",True,False,False,False,False,False,False
elasticsearchsalesleads,elasticsearch instance of sales leads on aws,,2018-10-29,2018-11-17 09:04:54+00:00,2018-11-18 03:30:53+00:00,5788169,"in october 2018, <a href=""https://blog.hacken.io/how-sensitive-is-your-non-sensitive-data"" target=""_blank"" rel=""noopener"">security researcher bob diachenko identified multiple exposed databases with hundreds of millions of records</a>. one of those datasets was an elasticsearch instance on aws containing sales lead data and 5.8m unique email addresses. the data contained information relating to individuals and the companies they worked for including their names, email addresses and company name and contact information. despite best efforts, it was not possible to identify the owner of the data hence this breach as been titled &quot;elasticsearch sales leads&quot;.",https://haveibeenpwned.com/content/images/pwnedlogos/list.png,"['email addresses', 'employers', 'names', 'physical addresses']",True,False,False,False,False,False,False
emotet,emotet,,2021-01-27,2021-04-26 22:25:15+00:00,2022-01-05 04:11:30+00:00,4324770,"in january 2021, <a href=""https://www.troyhunt.com/data-from-the-emotet-malware-is-now-searchable-in-have-i-been-pwned-courtesy-of-the-fbi-and-nhtcu"" target=""_blank"" rel=""noopener"">the fbi in partnership with the dutch nhtcu, german bka and other international law enforcement agencies brought down the world's most dangerous malware: emotet</a>. the agencies obtained data collected by the malware and provided impacted email addresses to hibp so that impacted individuals and domain owners could assess their exposure. <a href=""https://www.troyhunt.com/data-from-the-emotet-malware-is-now-searchable-in-have-i-been-pwned-courtesy-of-the-fbi-and-nhtcu"" target=""_blank"" rel=""noopener"">read more about the takedown and recommended actions</a>.",https://haveibeenpwned.com/content/images/pwnedlogos/list.png,"['email addresses', 'passwords']",True,False,True,False,False,True,True
emuparadise,emuparadise,emuparadise.me,2018-04-01,2019-06-09 06:23:35+00:00,2019-06-15 15:19:53+00:00,1131229,"in april 2018, the self-proclaimed &quot;biggest retro gaming website on earth&quot;, emuparadise, suffered a data breach. the compromised vbulletin forum exposed 1.1 million email addresses, ip address, usernames and passwords stored as salted md5 hashes. the data was provided to hibp by <a href=""https://dehashed.com/"" target=""_blank"" rel=""noopener"">dehashed.com</a>.",https://haveibeenpwned.com/content/images/pwnedlogos/emuparadise.png,"['email addresses', 'ip addresses', 'passwords', 'usernames']",True,False,False,False,False,False,False
ecb,england cricket,ecb.co.uk,2024-03-23,2024-03-29 01:10:19+00:00,2024-03-29 01:15:59+00:00,43299,"in march 2024, <a href=""https://www.thecricketer.com/topics/grassroots/ecb_issue_warning_to_users_of_online_coaching_platform_following_data_breach.html"" target=""_blank"" rel=""noopener"">english cricket's icoachcricket website suffered a data breach that exposed over 40k records</a>. the data included email addresses and passwords stored as either bcrypt hashes, salted md5 hashes or both. the data was provided to hibp by a source who requested it be attributed to &quot;intelbroker&quot;.",https://haveibeenpwned.com/content/images/pwnedlogos/ecb.png,"['email addresses', 'passwords']",True,False,False,False,False,False,False
epal,e-pal,epal.gg,2022-04-15,2022-10-24 04:54:30+00:00,2022-10-24 04:56:02+00:00,108887,"in october 2022, the service dedicated to finding friends on discord known as <a href=""https://twitter.com/pogowasright/status/1578496290534539264"" target=""_blank"" rel=""noopener"">e-pal disclosed a data breach</a>. the compromised data included over 100k unique email addresses and usernames spanning approximately 1m orders. the data was subsequently distributed via a popular hacking forum.",https://haveibeenpwned.com/content/images/pwnedlogos/epal.png,"['email addresses', 'purchases', 'usernames']",True,False,False,False,False,False,False
epicgames,epic games,epicgames.com,2016-08-11,2016-11-07 10:19:34+00:00,2016-11-07 10:19:34+00:00,251661,"in august 2016, <a href=""http://www.zdnet.com/article/epic-games-unreal-engine-forums-hacked-in-latest-data-breach"" target=""_blank"" rel=""noopener"">the epic games forum suffered a data breach</a>, allegedly due to a sql injection vulnerability in vbulletin. the attack resulted in the exposure of 252k accounts including usernames, email addresses and salted md5 hashes of passwords.",https://haveibeenpwned.com/content/images/pwnedlogos/epicgames.png,"['email addresses', 'passwords', 'usernames']",True,False,False,False,False,False,False
epicbot,epicbot,epicbot.com,2019-09-01,2019-11-19 23:29:42+00:00,2019-11-19 23:33:02+00:00,816662,"in september 2019, the runescape bot provider <a href=""https://arstechnica.com/information-technology/2019/11/password-data-dumped-online-for-2-2-million-users-of-currency-and-gaming-sites/"" target=""_blank"" rel=""noopener"">epicbot suffered a data breach that impacted 817k subscribers</a>. data from the breach was subsequently shared on a popular hacking forum and included usernames, email and ip addresses and passwords stored as either salted md5 or bcrypt hashes. epicbot did not respond when contacted about the incident.",https://haveibeenpwned.com/content/images/pwnedlogos/epicbot.png,"['email addresses', 'ip addresses', 'passwords', 'usernames']",True,False,False,False,False,False,False
epicnpc,epicnpc,epicnpc.com,2016-01-02,2019-07-27 23:11:30+00:00,2019-07-27 23:20:02+00:00,408795,"in january 2016, the hacked account reseller <a href=""https://www.epicnpc.com"" target=""_blank"" rel=""noopener"">epicnpc</a> suffered a data breach that impacted 409k subscribers. the impacted data included usernames, ip and email addresses and passwords stored as salted md5 hashes. the data was provided to hibp by <a href=""https://dehashed.com/"" target=""_blank"" rel=""noopener"">dehashed.com</a>.",https://haveibeenpwned.com/content/images/pwnedlogos/epicnpc.png,"['email addresses', 'ip addresses', 'passwords', 'usernames']",True,False,False,False,False,False,False
epik,epik,epik.com,2021-09-13,2021-09-19 21:27:17+00:00,2021-09-19 21:27:17+00:00,15003961,"in september 2021, <a href=""https://arstechnica.com/information-technology/2021/09/anonymous-leaks-gigabytes-of-data-from-epik-web-host-of-gab-and-parler/"" target=""_blank"" rel=""noopener"">the domain registrar and web host epik suffered a significant data breach</a>, allegedly in retaliation for hosting alt-right websites. the breach exposed a huge volume of data not just of epik customers, but also scraped whois records belonging to individuals and organisations who were not epik customers. the data included over 15 million unique email addresses (including anonymised versions for domain privacy), names, phone numbers, physical addresses, purchases and passwords stored in various formats.",https://haveibeenpwned.com/content/images/pwnedlogos/epik.png,"['email addresses', 'names', 'phone numbers', 'physical addresses', 'purchases']",True,False,False,False,False,False,False
eroticy,eroticy,eroticy.com,2015-06-01,2017-01-10 02:19:56+00:00,2017-01-10 02:19:56+00:00,1370175,"in mid-2016, it's alleged that the adult website known as  <a href=""http://eroticy.com"" target=""_blank"" rel=""noopener"">eroticy</a> was hacked. almost 1.4 million unique accounts were found circulating in late 2016 which contained a raft of personal information ranging from email addresses to phone numbers to plain text passwords. whilst many hibp subscribers confirmed their data was legitimate, the actual source of the breach remains inconclusive. <a href=""https://www.troyhunt.com/a-data-breach-investigation-blow-by-blow"" target=""_blank"" rel=""noopener"">a detailed account of the data has been published</a> in the hope of identifying the origin of the breach.",https://haveibeenpwned.com/content/images/pwnedlogos/eroticy.png,"['email addresses', 'ip addresses', 'names', 'passwords', 'payment histories', 'phone numbers', 'physical addresses', 'usernames', 'website activity']",False,False,True,False,False,False,False
eskimi,eskimi,eskimi.com,2020-09-25,2022-07-16 07:51:26+00:00,2022-07-16 07:51:26+00:00,1197620,"in late 2020, the adtech platform <a href=""https://www.riskbasedsecurity.com/2021/01/25/shinyhunters-wave-3-one-hacker-exposes-over-125-million-credentials/"" target=""_blank"" rel=""noopener"">eskimi suffered a data breach that exposed 26m records with 1.2m unique email addresses</a>. the data included usernames, dates of birth, genders and passwords stored as unsalted md5 hashes.",https://haveibeenpwned.com/content/images/pwnedlogos/eskimi.png,"['dates of birth', 'email addresses', 'genders', 'geographic locations', 'passwords', 'usernames']",True,False,False,False,False,False,False
estantevirtual,estante virtual,estantevirtual.com.br,2019-02-28,2023-11-29 22:13:34+00:00,2023-11-29 22:13:34+00:00,5412603,"in february 2019, the brazilian book store <a href=""https://www.zdnet.com/article/round-4-hacker-returns-and-puts-26mil-user-records-for-sale-on-the-dark-web/"" target=""_blank"" rel=""noopener"">estante virtual suffered a data breach that impacted 5.4m customers</a>. the exposed data included names, usernames, email and physical addresses, phone numbers, dates of birth and unsalted sha-1 password hashes.",https://haveibeenpwned.com/content/images/pwnedlogos/estantevirtual.png,"['dates of birth', 'email addresses', 'names', 'passwords', 'phone numbers', 'physical addresses', 'usernames']",True,False,False,False,False,False,False
estonia,estonian citizens (via estonian cybercrime bureau),,2018-06-07,2018-06-11 09:41:17+00:00,2018-06-11 09:41:17+00:00,655161,"in june 2018, <a href=""https://www.troyhunt.com/data-provided-by-the-estonian-central-criminal-police-is-now-searchable-on-have-i-been-pwned"" target=""_blank"" rel=""noopener"">the cybercrime bureau of the estonian central criminal police contacted hibp</a> and asked for assistance in making a data set of 655k email addresses searchable. the estonian police suspected the email addresses and passwords they obtained were being used to access mailboxes, cryptocurrency exchanges, cloud service accounts and other similar online assets. they've requested that individuals who find themselves in the data set <b><i>and also identify that cryptocurrency has been stolen</i></b> contact them at <a href=""mailto:cybercrime@politsei.ee"">cybercrime@politsei.ee</a>.",https://haveibeenpwned.com/content/images/pwnedlogos/estonia.png,"['email addresses', 'passwords']",True,False,False,False,False,False,True
ethekwinimunicipality,ethekwini municipality,eservices.durban.gov.za,2016-09-07,2016-09-15 00:01:47+00:00,2016-09-15 00:01:47+00:00,81830,"in september 2016, <a href=""http://eservices.durban.gov.za"" target=""_blank"" rel=""noopener"">the new ethekwini eservices website</a> in south africa was launched with a number of security holes that lead to <a href=""http://mybroadband.co.za/news/security/179064-ethekwini-municipality-leaking-private-details-of-over-300000-residents.html"" target=""_blank"" rel=""noopener"">the leak of over 98k residents' personal information and utility bills</a> across 82k unique email addresses. emails were sent prior to launch containing passwords in plain text and the site allowed anyone to download utility bills without sufficient authentication. various methods of customer data enumeration was possible and phishing attacks began appearing the day after launch.",https://haveibeenpwned.com/content/images/pwnedlogos/ethekwinimunicipality.png,"['dates of birth', 'deceased date', 'email addresses', 'genders', 'government issued ids', 'names', 'passport numbers', 'passwords', 'phone numbers', 'physical addresses', 'utility bills']",True,False,False,False,False,False,False
ethereum,ethereum,ethereum.org,2016-12-16,2016-12-20 23:56:26+00:00,2016-12-20 23:56:26+00:00,16431,"in december 2016, the forum for the public blockchain-based distributed computing platform <a href=""https://blog.ethereum.org/2016/12/19/security-alert-12192016-ethereum-org-forums-database-compromised/"" target=""_blank"" rel=""noopener"">ethereum suffered a data breach</a>. the database contained over 16k unique email addresses along with ip addresses, private forum messages and (mostly) bcrypt hashed passwords. <a href=""https://www.troyhunt.com/the-ethereum-forum-was-hacked-and-theyve-voluntarily-submitted-the-data-to-have-i-been-pwned"" target=""_blank"" rel=""noopener"">ethereum elected to self-submit the data to hibp</a>, providing the service with a list of email addresses impacted by the incident.",https://haveibeenpwned.com/content/images/pwnedlogos/ethereum.png,"['email addresses', 'ip addresses', 'passwords', 'private messages', 'usernames', 'website activity']",True,False,False,False,False,False,False
europajobs,europa.jobs,europa.jobs,2019-08-11,2020-01-15 08:51:05+00:00,2020-01-15 08:51:05+00:00,226095,"in august 2019, the now defunct european jobs website <a href=""https://webcache.googleusercontent.com/search?q=cache:qk_zageqx70j:https://en.europa.jobs/+&cd=1&hl=en&ct=clnk&gl=au"" target=""_blank"" rel=""noopener"">europa.jobs</a> (google cache link) suffered a data breach. the incident exposed 226k unique email addresses alongside extensive personal information including names, dates of birth, job applications and passwords. the data was subsequently redistributed on a popular hacking forum.",https://haveibeenpwned.com/content/images/pwnedlogos/europajobs.png,"['dates of birth', 'email addresses', 'geographic locations', 'job applications', 'names', 'passwords', 'phone numbers', 'spoken languages']",True,False,False,False,False,False,False
evermotion,evermotion,evermotion.org,2015-05-07,2017-07-02 13:49:09+00:00,2017-07-02 13:49:09+00:00,435510,"in may 2015, the polish 3d modelling website known as <a href=""https://evermotion.org/"" target=""_blank"" rel=""noopener"">evermotion</a> suffered a data breach resulting in the exposure of 435k unique user records. the data was sourced from a vbulletin forum and contained email addresses, usernames, dates of birth and salted md5 hashes of passwords. the site was previously reported as compromised on the <a href=""https://vigilante.pw/"" target=""_blank"" rel=""noopener"">vigilante.pw</a> breached database directory.",https://haveibeenpwned.com/content/images/pwnedlogos/evermotion.png,"['dates of birth', 'email addresses', 'passwords', 'usernames']",True,False,False,False,False,False,False
everybodyedits,everybody edits,everybodyedits.com,2019-03-23,2019-04-03 10:50:16+00:00,2019-04-03 10:55:58+00:00,871190,"in march 2019, the multiplayer platform game <a href=""https://everybodyedits.wordpress.com/2019/03/28/everybody-edits-data-security-breach/"" target=""_blank"" rel=""noopener"">everybody edits suffered a data breach</a>. the incident exposed 871k unique email addresses alongside usernames and ip addresses. the data was subsequently distributed online across a collection of files.",https://haveibeenpwned.com/content/images/pwnedlogos/everybodyedits.png,"['email addresses', 'ip addresses', 'usernames']",True,False,False,False,False,False,False
evite,evite,evite.com,2013-08-11,2019-07-14 14:51:51+00:00,2019-07-14 14:51:51+00:00,100985047,"in april 2019, the social planning website for managing online invitations <a href=""https://www.evite.com/security/update?usource=lc&lctid=1800182"" target=""_blank"" rel=""noopener"">evite identified a data breach of their systems</a>. upon investigation, they found unauthorised access to a database archive dating back to 2013. the exposed data included a total of 101 million unique email addresses, most belonging to recipients of invitations. members of the service also had names, phone numbers, physical addresses, dates of birth, genders and passwords stored in plain text exposed. the data was provided to hibp by a source who requested it be attributed to &quot;jimscott.sec@protonmail.com&quot;.",https://haveibeenpwned.com/content/images/pwnedlogos/evite.png,"['dates of birth', 'email addresses', 'genders', 'names', 'passwords', 'phone numbers', 'physical addresses']",True,False,False,False,False,False,False
evony,evony,evony.com,2016-06-01,2017-03-25 23:43:45+00:00,2017-03-25 23:43:45+00:00,29396116,"in june 2016, the online multiplayer game <a href=""http://securityaffairs.co/wordpress/52260/data-breach/evony-data-breach.html"" target=""_blank"" rel=""noopener"">evony was hacked</a> and over 29 million unique accounts were exposed. the attack led to the exposure of usernames, email and ip addresses and md5 hashes of passwords (without salt).",https://haveibeenpwned.com/content/images/pwnedlogos/evony.png,"['email addresses', 'ip addresses', 'passwords', 'usernames']",True,False,False,False,False,False,False
exactis,exactis,exactis.com,2018-06-01,2018-07-25 20:00:44+00:00,2018-07-25 20:00:44+00:00,131577763,"in june 2018, <a href=""https://www.wired.com/story/exactis-database-leak-340-million-records/"" target=""_blank"" rel=""noopener"">the marketing firm exactis inadvertently publicly leaked 340 million records of personal data</a>. security researcher <a href=""https://www.nightlionsecurity.com/"" target=""_blank"" rel=""noopener"">vinny troia of night lion security</a> discovered the leak contained multiple terabytes of personal information spread across hundreds of separate fields including addresses, phone numbers, family structures and extensive profiling data. the data was collected as part of exactis' service as a &quot;compiler and aggregator of premium business &amp; consumer data&quot; which they then sell for profiling and marketing purposes. a small subset of the exposed fields were provided to have i been pwned and contained 132 million unique email addresses.",https://haveibeenpwned.com/content/images/pwnedlogos/exactis.png,"['credit status information', 'dates of birth', 'education levels', 'email addresses', 'ethnicities', 'family structure', 'financial investments', 'genders', 'home ownership statuses', 'income levels', 'ip addresses', 'marital statuses', 'names', 'net worths', 'occupations', 'personal interests', 'phone numbers', 'physical addresses', 'religions', 'spoken languages']",True,False,False,False,False,False,False
experian,experian (2015),experian.com,2015-09-16,2016-09-06 23:49:00+00:00,2020-11-22 05:42:00+00:00,7196890,"in september 2015, the us based credit bureau and consumer data broker <a href=""http://krebsonsecurity.com/2015/10/experian-breach-affects-15-million-consumers/"" target=""_blank"" rel=""noopener"">experian suffered a data breach</a> that impacted 15 million customers who had applied for financing from t-mobile. an alleged data breach was subsequently circulated containing personal information including names, physical and email addresses, birth dates and various other personal attributes. multiple have i been pwned subscribers verified portions of the data as being accurate, but the actual source of it was inconclusive therefor this breach has been flagged as &quot;unverified&quot;.",https://haveibeenpwned.com/content/images/pwnedlogos/experian.png,"['credit status information', 'dates of birth', 'email addresses', 'ethnicities', 'family structure', 'genders', 'home ownership statuses', 'income levels', 'ip addresses', 'names', 'phone numbers', 'physical addresses', 'purchasing habits']",False,False,False,False,False,False,False
experian2020,experian (south africa),,2020-08-19,2020-09-01 23:39:52+00:00,2020-09-02 00:00:41+00:00,1284637,"in august 2020, <a href=""https://www.iafrikan.com/2020/09/01/experian-data-breach-database-public-data-information-south-africa/"" target=""_blank"" rel=""noopener"">experian south africa suffered a data breach</a> which exposed the personal information of tens of millions of individuals. only 1.3m of the records contained email addresses, whilst most contained government issued identity numbers, names, addresses, occupations and employers, amongst other person information.",https://haveibeenpwned.com/content/images/pwnedlogos/experian.png,"['email addresses', 'employers', 'government issued ids', 'names', 'occupations', 'phone numbers']",True,False,False,False,False,False,False
exploitin,exploit.in,,2016-10-13,2017-05-06 07:03:18+00:00,2017-05-06 07:03:18+00:00,593427119,"in late 2016, a huge list of email address and password pairs appeared in a &quot;combo list&quot; referred to as &quot;exploit.in&quot;. the list contained 593 million unique email addresses, many with multiple different passwords hacked from various online systems. the list was broadly circulated and used for &quot;credential stuffing&quot;, that is attackers employ it in an attempt to identify other online systems where the account owner had reused their password. for detailed background on this incident, read <a href=""https://www.troyhunt.com/password-reuse-credential-stuffing-and-another-1-billion-records-in-have-i-been-pwned"" target=""_blank"" rel=""noopener"">password reuse, credential stuffing and another billion records in have i been pwned</a>.",https://haveibeenpwned.com/content/images/pwnedlogos/list.png,"['email addresses', 'passwords']",False,False,False,False,False,False,False
vins,exposed vins,,2017-06-05,2017-06-09 05:35:19+00:00,2017-06-09 05:35:19+00:00,396650,"in june 2017, <a href=""https://www.bleepingcomputer.com/news/security/car-thieves-everywhere-rejoice-as-unsecured-database-exposes-10-million-car-vins/"" target=""_blank"" rel=""noopener"">an unsecured database with more than 10 million vins (vehicle identification numbers) was discovered by researchers</a>. believed to be sourced from us car dealerships, the data included a raft of personal information and vehicle data along with 397k unique email addresses.",https://haveibeenpwned.com/content/images/pwnedlogos/list.png,"['dates of birth', 'email addresses', 'family structure', 'genders', 'names', 'phone numbers', 'physical addresses', 'vehicle details']",False,False,False,False,False,False,False
exvagos,exvagos,exvagos.org,2022-07-21,2024-03-28 06:28:55+00:00,2024-03-28 06:28:55+00:00,2121789,"in july 2022, the direct download website exvagos suffered a data breach <a href=""https://cybernews.com/security/billions-passwords-credentials-leaked-mother-of-all-breaches/"" target=""_blank"" rel=""noopener"">that was later redistributed as part of a larger corpus of data</a>. the breach exposed 2.1m unique email addresses along with ip addresses, usernames, dates of birth and md5 password hashes.",https://haveibeenpwned.com/content/images/pwnedlogos/exvagos.png,"['dates of birth', 'email addresses', 'ip addresses', 'passwords', 'usernames']",True,False,False,False,False,False,False
eye4fraud,eye4fraud,eye4fraud.com,2023-01-25,2023-03-06 04:46:58+00:00,2023-03-06 06:04:28+00:00,16000591,"in february 2023, <a href=""https://twitter.com/falconfeedsio/status/1622838659689988098"" target=""_blank"" rel=""noopener"">data alleged to have been taken from the fraud protection service eye4fraud was listed for sale on a popular hacking forum</a>. spanning tens of millions of rows with 16m unique email addresses, the data was spread across 147 tables totalling 65gb and included both direct users of the service and what appears to be individuals who'd placed orders on other services that implemented eye4fraud to protect their sales. the data included names and bcrypt password hashes for users, and names, phone numbers, physical addresses and partial credit card data (card type and last 4 digits) for orders placed using the service. eye4fraud did not respond to multiple attempts to report the incident.",https://haveibeenpwned.com/content/images/pwnedlogos/eye4fraud.png,"['email addresses', 'ip addresses', 'names', 'partial credit card data', 'passwords', 'phone numbers', 'physical addresses']",True,False,False,False,False,False,False
eyeem,eyeem,eyeem.com,2018-02-28,2019-02-16 07:17:45+00:00,2019-02-16 07:17:45+00:00,19611022,"in february 2018, <a href=""https://www.theregister.co.uk/2019/02/11/620_million_hacked_accounts_dark_web/"" target=""_blank"" rel=""noopener"">photography website eyeem suffered a data breach</a>. the breach was identified among a collection of other large incidents and exposed almost 20m unique email addresses, names, usernames, bios and password hashes. the data was provided to hibp by a source who asked for it to be attributed to &quot;kuroi'sh or gabriel kimiaie-asadi bildstein&quot;.",https://haveibeenpwned.com/content/images/pwnedlogos/eyeem.png,"['bios', 'email addresses', 'names', 'passwords', 'usernames']",True,False,False,False,False,False,False
facebook,facebook,facebook.com,2019-08-01,2021-04-04 03:20:45+00:00,2021-04-06 09:09:21+00:00,509458528,"in april 2021, <a href=""https://www.bleepingcomputer.com/news/security/533-million-facebook-users-phone-numbers-leaked-on-hacker-forum/"" target=""_blank"" rel=""noopener"">a large data set of over 500 million facebook users was made freely available for download</a>. encompassing approximately 20% of facebook's subscribers, the data was allegedly obtained by exploiting a vulnerability facebook advises they rectified in august 2019. the primary value of the data is the association of phone numbers to identities; whilst each record included phone, only 2.5 million contained an email address. most records contained names and genders with many also including dates of birth, location, relationship status and employer.",https://haveibeenpwned.com/content/images/pwnedlogos/facebook.png,"['dates of birth', 'email addresses', 'employers', 'genders', 'geographic locations', 'names', 'phone numbers', 'relationship statuses']",True,False,False,False,False,False,False
facebookmarketplace,facebook marketplace,facebook.com,2023-10-01,2024-02-22 00:53:37+00:00,2024-02-22 00:55:02+00:00,77267,"in february 2024, <a href=""https://www.bleepingcomputer.com/news/security/200-000-facebook-marketplace-user-records-leaked-on-hacking-forum/"" target=""_blank"" rel=""noopener"">200k facebook marketplace records allegedly obtained from a meta contractor in october 2023 were posted to a popular hacking forum</a>. the data contained 77k unique email addresses alongside names, phone numbers, facebook profile ids and geographic locations. the data also contained bcrypt password hashes, although there is no indication these belong to the corresponding facebook accounts.",https://haveibeenpwned.com/content/images/pwnedlogos/facebook.png,"['email addresses', 'geographic locations', 'names', 'passwords', 'phone numbers', 'social media profiles']",True,False,False,False,False,False,False
facepunch,facepunch,facepunch.com,2016-06-03,2018-10-17 13:15:39+00:00,2018-10-17 13:31:23+00:00,342913,"in june 2016, the game development studio <a href=""https://facepunch.com/"" target=""_blank"" rel=""noopener"">facepunch</a> suffered a data breach that exposed 343k users. the breached data included usernames, email and ip addresses, dates of birth and salted md5 password hashes. facepunch advised they were aware of the incident and had notified people at the time. the data was provided to hibp by whitehat security researcher and data analyst adam davies.",https://haveibeenpwned.com/content/images/pwnedlogos/facepunch.png,"['dates of birth', 'email addresses', 'ip addresses', 'passwords', 'usernames']",True,False,False,False,False,False,False
faceup,faceup,faceup.dk,2013-01-01,2019-01-13 09:50:41+00:00,2019-01-13 09:50:41+00:00,87633,"in 2013, the danish social media site <a href=""https://faceup.dk/"" target=""_blank"" rel=""noopener"">faceup</a> suffered a data breach. the incident exposed 87k unique email addresses alongside genders, dates of birth, names, phone numbers and passwords stored as unsalted md5 hashes. when notified of the incident, faceup advised they had identified a sql injection vulnerability at the time and forced password resets on impacted customers.",https://haveibeenpwned.com/content/images/pwnedlogos/faceup.png,"['dates of birth', 'email addresses', 'genders', 'names', 'passwords', 'phone numbers', 'usernames']",True,False,False,False,False,False,False
factual,factual,factual.com,2017-03-22,2019-12-24 10:56:18+00:00,2019-12-24 10:56:18+00:00,2461696,"in march 2017, a file containing 8m rows of data <a href=""https://www.troyhunt.com/when-is-data-public-and-2-5m-public-factual-records"" target=""_blank"" rel=""noopener"">allegedly sourced from data aggregator factual</a> was compiled and later exchanged on the premise it was a &quot;breach&quot;. the data contained 2.5m unique email addresses alongside business names, addresses and phone numbers. after consultation with factual, they advised the data was &quot;publicly available information about businesses and other points of interest that factual makes available on its website and to customers&quot;.",https://haveibeenpwned.com/content/images/pwnedlogos/factual.png,"['email addresses', 'employers', 'phone numbers', 'physical addresses']",True,False,False,False,False,False,False
famm,famm,famm.us,2020-10-08,2022-07-16 09:57:48+00:00,2022-07-16 09:57:48+00:00,535240,"in late 2020, the japanese family photos website <a href=""https://www.riskbasedsecurity.com/2021/01/25/shinyhunters-wave-3-one-hacker-exposes-over-125-million-credentials/"" target=""_blank"" rel=""noopener"">famm suffered a data breach that subsequently exposed 1.3m customer records</a>, including 535k unique email addresses. impacted data also included names, dates of birth, genders and passwords stored as sha-256 hashes.",https://haveibeenpwned.com/content/images/pwnedlogos/famm.png,"['dates of birth', 'email addresses', 'genders', 'names', 'passwords']",True,False,False,False,False,False,False
fanpass,fanpass,fanpass.co.uk,2022-04-30,2022-05-24 03:55:30+00:00,2022-05-24 23:28:33+00:00,112251,"in april 2022, the uk based website for buying and selling soccer tickets <a href=""https://milled.com/fanpass/fanpass-incident-notification-v6odeypoxotpzfq-"" target=""_blank"" rel=""noopener"">fanpass suffered a data breach</a> which exposed 112k customer records. impacted data includes names, phone numbers, physical addresses, purchase histories and salted password hashes. the data was provided to hibp by a source who requested it be attributed to &quot;<a href=""https://breaches.net/"" target=""_blank"" rel=""noopener"">breaches.net</a>&quot;.",https://haveibeenpwned.com/content/images/pwnedlogos/fanpass.png,"['email addresses', 'genders', 'names', 'partial dates of birth', 'passwords', 'phone numbers', 'physical addresses', 'purchases', 'social media profiles']",True,False,False,False,False,False,False
fantasyfootballhub,fantasy football hub,fantasyfootballhub.co.uk,2021-10-02,2021-10-07 06:32:57+00:00,2021-10-07 06:32:57+00:00,66479,"in october 2021, the fantasy premier league (soccer) website <a href=""https://fantasyfootballhub.co.uk/we-have-suffered-a-cyber-attack/"" target=""_blank"" rel=""noopener"">fantasy football hub suffered a data breach that exposed 66 thousand unique email addresses</a>. the data included names, usernames, ip addresses, transactions and passwords stored as wordpress md5 hashes.",https://haveibeenpwned.com/content/images/pwnedlogos/fantasyfootballhub.png,"['email addresses', 'ip addresses', 'names', 'passwords', 'purchases', 'usernames']",True,False,False,False,False,False,False
whiteroom,fashion nexus,fashionnexus.co.uk,2018-07-09,2018-07-31 08:20:54+00:00,2018-07-31 08:20:54+00:00,1279263,"in july 2018, uk-based ecommerce company <a href=""https://www.grahamcluley.com/online-fashion-shoppers-exposed-ecommerce-breach/"" target=""_blank"" rel=""noopener"">fashion nexus suffered a data breach which exposed 1.4 million records</a>. multiple websites developed by sister company white room solutions were impacted in the breach amongst which were sites including <a href=""https://jadedldn.com/"" target=""_blank"" rel=""noopener"">jaded london</a> and <a href=""http://axparis.co.uk"" target=""_blank"" rel=""noopener"">ax paris</a>. the various sites exposed in the incident included a range of different data types including names, phone numbers, addresses and passwords stored as a mix of salted md5 and sha-1 as well as unsalted md5 passwords. when asked by reporter graham cluley if a public statement on the incident was available, a one-word response of &quot;no&quot; was received.",https://haveibeenpwned.com/content/images/pwnedlogos/whiteroom.png,"['browser user agent details', 'dates of birth', 'email addresses', 'genders', 'ip addresses', 'names', 'passwords', 'phone numbers', 'physical addresses', 'purchases']",True,False,False,False,False,False,False
fashionfantasygame,fashionfantasygame,fashionfantasygame.com,2016-12-01,2017-04-20 10:33:38+00:00,2017-04-20 10:33:38+00:00,2357872,"in late 2016, the fashion gaming website <a href=""http://www.zdnet.com/article/amid-data-breach-responsibility-thrown-to-the-wind/"" target=""_blank"" rel=""noopener"">fashion fantasy game suffered a data breach</a>. the incident exposed 2.3 million unique user accounts and corresponding md5 password hashes with no salt. the data was contributed to have i been pwned courtesy of rip@creep.im.",https://haveibeenpwned.com/content/images/pwnedlogos/fashionfantasygame.png,"['email addresses', 'passwords']",True,False,False,False,False,False,False
filmaiin,filmai.in,filmai.in,2020-01-01,2021-02-23 08:52:26+00:00,2021-02-23 08:52:26+00:00,645786,"in approximately 2019 or 2020, the lithuanian movie streaming service <a href=""http://filmai.in/"" target=""_blank"" rel=""noopener"">filmai.in</a> suffered a data breach exposing 645k email addresses, usernames and plain text passwords.",https://haveibeenpwned.com/content/images/pwnedlogos/filmaiin.png,"['email addresses', 'passwords', 'usernames']",True,False,False,False,False,False,False
ffshrine,final fantasy shrine,ffshrine.org,2015-09-18,2015-10-31 12:43:58+00:00,2015-10-31 12:43:58+00:00,620677,"in september 2015, <a href=""http://ffshrine.org"" target=""_blank"" rel=""noopener"">the final fantasy discussion forum known as ffshrine</a> was breached and the data dumped publicly. approximately 620k records were released containing email addresses, ip addresses and salted hashes of passwords.",https://haveibeenpwned.com/content/images/pwnedlogos/ffshrine.png,"['email addresses', 'passwords', 'usernames', 'website activity']",True,False,False,False,False,False,False
fitmart,fitmart,fitmart.de,2021-10-01,2023-11-03 05:57:10+00:00,2023-11-03 05:57:10+00:00,214492,"in october 2021, <a href=""https://www.mydealz.de/diskussion/datenleck-bei-fitmart-2214625"" target=""_blank"" rel=""noopener"">data from the german fitness supplies store fitmart was obtained and later redistributed online</a>. the data included 214k unique email addresses accompanied by plain text passwords, allegedly &quot;dehashed&quot; from the original stored version.",https://haveibeenpwned.com/content/images/pwnedlogos/fitmart.png,"['email addresses', 'passwords']",True,False,False,False,False,False,False
flashflashrevolution,flash flash revolution (2016 breach),flashflashrevolution.com,2016-02-01,2016-09-06 08:08:29+00:00,2019-07-21 16:28:59+00:00,1771845,"in february 2016, the music-based rhythm game known as <a href=""http://www.flashflashrevolution.com"" target=""_blank"" rel=""noopener"">flash flash revolution</a> was hacked and 1.8m accounts were exposed. along with email and ip addresses, the vbulletin forum also exposed salted md5 password hashes.",https://haveibeenpwned.com/content/images/pwnedlogos/flashflashrevolution.png,"['email addresses', 'passwords', 'usernames']",True,False,False,False,False,False,False
flashflashrevolution2019,flash flash revolution (2019 breach),flashflashrevolution.com,2019-07-16,2019-07-21 20:31:54+00:00,2019-07-21 20:31:54+00:00,1858124,"in july 2019, the music-based rhythm game <a href=""http://www.flashflashrevolution.com/"" target=""_blank"" rel=""noopener"">flash flash revolution</a> suffered a data breach. the 2019 breach imapcted almost 1.9 million members and is <em>in addition to</em> <a href=""http://www.flashflashrevolution.com/ffr/information-breach/"" target=""_blank"" rel=""noopener"">the 2016 data breach of the same service</a>. email and ip addesses, usernames, dates of birth and salted md5 hashes were all exposed in the breach. the data was provided with support from <a href=""https://dehashed.com/"" target=""_blank"" rel=""noopener"">dehashed.com</a>.",https://haveibeenpwned.com/content/images/pwnedlogos/flashflashrevolution.png,"['dates of birth', 'email addresses', 'ip addresses', 'passwords', 'usernames']",True,False,False,False,False,False,False
flashback,flashback,flashback.se,2015-02-11,2015-02-12 05:42:12+00:00,2015-02-12 05:42:12+00:00,40256,"in february 2015, <a href=""http://www.flashback.se/"" target=""_blank"" rel=""noopener"">the swedish forum known as flashback</a> had sensitive internal data on 40k members published via the tabloid newspaper <a href=""http://www.aftonbladet.se/"" target=""_blank"" rel=""noopener"">aftonbladet</a>. the data was <a href=""http://swedishsurveyor.com/2015/02/11/the-inquisition/"">allegedly sold to them via researchgruppen</a> (the research group) <a href=""http://www.technologyreview.com/photoessay/533426/the-troll-hunters/"" target=""_blank"" rel=""noopener"">who have a history of exposing otherwise anonymous users</a>, primarily those who they believe participate in &quot;troll like&quot; behaviour. the compromised data includes social security numbers, home and email addresses.",https://haveibeenpwned.com/content/images/pwnedlogos/flashback.png,"['email addresses', 'government issued ids', 'physical addresses']",True,False,False,False,False,False,False
flexbooker,flexbooker,flexbooker.com,2021-12-23,2022-01-06 06:11:10+00:00,2022-01-06 06:34:26+00:00,3756794,"in december 2021, the online booking service <a href=""https://www.flexbooker.com/"" target=""_blank"" rel=""noopener"">flexbooker</a> suffered a data breach that exposed 3.7 million accounts. the data included email addresses, names, phone numbers and for a small number of accounts, password hashes and partial credit card data. flexbooker has identified the breach as originating from a compromised account within their aws infrastructure. the data was found being actively traded on a popular hacking forum and was provided to hibp by a source who requested it be attributed to &quot;white_peacock@riseup.net&quot;.",https://haveibeenpwned.com/content/images/pwnedlogos/flexbooker.png,"['email addresses', 'names', 'partial credit card data', 'passwords', 'phone numbers']",True,False,False,False,False,False,False
fling,fling,fling.com,2011-03-10,2016-05-28 23:08:07+00:00,2016-05-28 23:08:07+00:00,40767652,"in 2011, the self-proclaimed &quot;world's best adult social network&quot; website known as fling <a href=""http://motherboard.vice.com/read/another-day-another-hack-passwords-and-sexual-desires-for-dating-site-fling"" target=""_blank"" rel=""noopener"">was hacked and more than 40 million accounts obtained by the attacker</a>. the breached data included highly sensitive personal attributes such as sexual orientation and sexual interests as well as email addresses and passwords stored in plain text.",https://haveibeenpwned.com/content/images/pwnedlogos/fling.png,"['dates of birth', 'email addresses', 'genders', 'geographic locations', 'ip addresses', 'passwords', 'phone numbers', 'sexual fetishes', 'sexual orientations', 'usernames', 'website activity']",True,False,True,False,False,False,False
flvs,florida virtual school,flvs.net,2018-02-12,2018-03-18 01:40:31+00:00,2018-03-18 01:40:31+00:00,542902,"in march 2018, the florida virtual school (flvs) <a href=""https://www.flvs.net/notices?source=homepage"" target=""_blank"" rel=""noopener"">posted a data breach notification to their website</a>. the school had identified a data breach which had occurred sometime between 6 may 2016 and 12 feb 2018 and an xml file containing 368k student records was subsequently found circulating. each record contained student name, date of birth, password, grade, email <em>and</em> parent email resulting in a total of 543k unique email addresses. due to the prevalence of email addresses belonging to individuals who are still legally children, the data breach has been flagged as &quot;sensitive&quot;.",https://haveibeenpwned.com/content/images/pwnedlogos/flvs.png,"['dates of birth', 'email addresses', 'names', 'passwords', 'school grades (class levels)', 'usernames']",True,False,True,False,False,False,False
foodora,foodora,foodora.com,2016-04-22,2020-06-16 02:09:33+00:00,2020-06-16 02:09:33+00:00,582578,"in april 2016, the online food delivery service <a href=""https://www.databreachtoday.com/delivery-hero-confirms-foodora-data-breach-a-14435"" target=""_blank"" rel=""noopener"">foodora suffered a data breach</a> which was then extensively redistributed online. the breach included the personal information of hundreds of thousands of customers from multiple countries including their names, delivery addresses, phone numbers and passwords stored as either a salted md5 or a bcrypt hash.",https://haveibeenpwned.com/content/images/pwnedlogos/foodora.png,"['email addresses', 'names', 'passwords', 'phone numbers', 'physical addresses']",True,False,False,False,False,False,False
forbes,forbes,forbes.com,2014-02-15,2014-02-15 11:24:42+00:00,2014-02-15 11:24:42+00:00,1057819,"in february 2014, the forbes website <a href=""http://news.cnet.com/8301-1009_3-57618945-83/syrian-electronic-army-hacks-forbes-steals-user-data"" target=""_blank"" rel=""noopener"">succumbed to an attack that leaked over 1 million user accounts</a>. the attack was attributed to the syrian electronic army, allegedly as retribution for a perceived ""hate of syria"". the attack not only leaked user credentials, but also resulted in the posting of fake news stories to forbes.com.",https://haveibeenpwned.com/content/images/pwnedlogos/forbes.png,"['email addresses', 'passwords', 'user website urls', 'usernames']",True,False,False,False,False,False,False
forumcommunity,forumcommunity,forumcommunity.net,2016-06-01,2018-12-05 05:04:45+00:00,2018-12-05 07:29:20+00:00,776648,"in approximately mid-2016, the italian-based service for creating forums known as <a href=""https://www.forumcommunity.net/"" target=""_blank"" rel=""noopener"">forumcommunity</a> suffered a data breach. the incident impacted over 776k unique email addresses along with usernames and unsalted md5 password hashes. no response was received from forumcommunity when contacted.",https://haveibeenpwned.com/content/images/pwnedlogos/forumcommunity.png,"['email addresses', 'passwords', 'usernames']",True,False,False,False,False,False,False
fotolog,fotolog,fotolog.com,2018-12-01,2021-06-15 03:20:43+00:00,2021-06-15 03:20:43+00:00,16717854,"in december 2018, the photo sharing social network <a href=""https://www.theregister.com/2019/02/11/620_million_hacked_accounts_dark_web/"" target=""_blank"" rel=""noopener"">fotolog suffered a data breach</a> that exposed 16.7 million unique email addresses. the data also included usernames and unsalted sha-256 password hashes. the site was dissolved the following year and repurposed as a news website based in brcko, bosnia and herzegovina.",https://haveibeenpwned.com/content/images/pwnedlogos/fotolog.png,"['email addresses', 'passwords', 'usernames']",True,False,False,False,False,False,False
foxybingo,foxy bingo,foxybingo.com,2008-04-04,2015-11-22 01:05:05+00:00,2015-11-22 01:05:05+00:00,252216,"in april 2007, the online gambling site <a href=""https://www.foxybingo.com"" target=""_blank"" rel=""noopener"">foxy bingo</a> was hacked and 252,000 accounts were obtained by the hackers. the breached records <a href=""http://www.itpro.co.uk/637279/gambler-busted-flogging-stolen-data-to-gaming-firms"" target=""_blank"" rel=""noopener"">were subsequently sold and traded</a> and included personal information data such as plain text passwords, birth dates and home addresses.",https://haveibeenpwned.com/content/images/pwnedlogos/foxybingo.png,"['account balances', 'browser user agent details', 'dates of birth', 'email addresses', 'genders', 'names', 'passwords', 'phone numbers', 'physical addresses', 'usernames', 'website activity']",True,False,False,False,False,False,False
freedomhostingii,freedom hosting ii,fhostingesps6bly.onion,2017-01-31,2017-02-05 10:06:58+00:00,2017-02-05 10:06:58+00:00,380830,"in january 2017, the free hidden service host <a href=""http://www.theverge.com/2017/2/3/14497992/freedom-hosting-ii-hacked-anonymous-dark-web-tor"" target=""_blank"" rel=""noopener"">freedom hosting ii suffered a data breach</a>. the attack allegedly took down 20% of dark web sites running behind tor hidden services with the attacker claiming that of the 10,613 impacted sites, more than 50% of the content was child pornography. the hack led to the exposure of mysql databases for the sites which included a vast amount of information on the hidden services freedom hosting ii was managing. the impacted data classes far exceeds those listed for the breach and differ between the thousands of impacted sites.",https://haveibeenpwned.com/content/images/pwnedlogos/freedomhostingii.png,"['email addresses', 'passwords', 'usernames']",True,False,True,False,False,False,False
freshmenu,freshmenu,freshmenu.com,2016-07-01,2018-09-10 12:27:19+00:00,2018-09-10 12:27:19+00:00,110355,"in july 2016, the india-based food delivery service <a href=""https://www.freshmenu.com/"" target=""_blank"" rel=""noopener"">freshmenu</a> suffered a data breach. the incident exposed the personal data of over 110k customers and included their names, email addresses, phone numbers, home addresses and order histories. when advised of the incident, freshmenu acknowledged being already aware of the breach but stated they had decided not to notify impacted customers.",https://haveibeenpwned.com/content/images/pwnedlogos/freshmenu.png,"['device information', 'email addresses', 'names', 'phone numbers', 'physical addresses', 'purchases']",True,False,False,False,False,False,False
fridae,fridae,fridae.asia,2014-05-02,2014-05-06 02:48:35+00:00,2014-05-06 02:48:35+00:00,35368,"in may 2014, over 25,000 user accounts were breached from the asian lesbian, gay, bisexual and transgender website known as ""fridae"". the attack which was <a href=""https://twitter.com/survela/status/463327706361659392"" target=""_blank"" rel=""noopener"">announced on twitter</a> appears to have been <a href=""http://pastebin.com/ipfkjv6z"" target=""_blank"" rel=""noopener"">orchestrated by deletesec</a> who claim that ""digital weapons shall annihilate all secrecy within governments and corporations"". the exposed data included password stored in plain text.",https://haveibeenpwned.com/content/images/pwnedlogos/fridae.png,"['email addresses', 'passwords', 'usernames', 'website activity']",True,False,True,False,False,False,False
funimation,funimation,funimation.com,2016-07-01,2017-02-20 00:43:26+00:00,2017-02-20 00:43:26+00:00,2491103,"in july 2016, the anime site <a href=""https://www.funimation.com/"" target=""_blank"" rel=""noopener"">funimation</a> suffered a data breach that impacted 2.5 million accounts. the data contained usernames, email addresses, dates of birth and salted sha1 hashes of passwords.",https://haveibeenpwned.com/content/images/pwnedlogos/funimation.png,"['dates of birth', 'email addresses', 'passwords', 'usernames']",True,False,False,False,False,False,False
funnygames,funny games,funny-games.biz,2018-04-28,2018-07-24 03:01:35+00:00,2018-07-24 03:01:35+00:00,764357,"in april 2018, the online entertainment site <a href=""https://www.funny-games.biz/"" target=""_blank"" rel=""noopener"">funny games</a> suffered a data breach that disclosed 764k records including usernames, email and ip addresses and salted md5 password hashes. the incident was disclosed to funny games in july who acknowledged the breach and identified it had been caused by legacy code no longer in use. the record count in the breach constitute approximately half of the user base.",https://haveibeenpwned.com/content/images/pwnedlogos/funnygames.png,"['email addresses', 'ip addresses', 'passwords', 'usernames']",True,False,False,False,False,False,False
furaffinity,fur affinity,furaffinity.net,2016-05-17,2016-05-27 09:36:18+00:00,2016-05-27 09:36:18+00:00,1270564,"in may 2016, the fur affinity website for people with an interest in anthropomorphic animal characters (also known as ""furries"") <a href=""http://motherboard.vice.com/read/another-day-another-hack-furry-site-hacked-content-deleted"" target=""_blank"" rel=""noopener"">was hacked</a>. the attack exposed 1.2m email addresses (many accounts had a different ""first"" and ""last"" email against them) and hashed passwords.",https://haveibeenpwned.com/content/images/pwnedlogos/furaffinity.png,"['email addresses', 'passwords', 'usernames']",True,False,True,False,False,False,False
gaadi,gaadi,gaadi.com,2015-05-14,2018-07-01 07:17:02+00:00,2018-07-01 07:17:02+00:00,4261179,"in may 2015, the indian motoring website known as <a href=""https://www.gaadi.com/"" target=""_blank"" rel=""noopener"">gaadi</a> had 4.3 million records exposed in a data breach. the data contained usernames, email and ip addresses, genders, the city of users as well as passwords stored in both plain text and as md5 hashes. the site was previously reported as compromised on the <a href=""https://vigilante.pw/"" target=""_blank"" rel=""noopener"">vigilante.pw</a> breached database directory.",https://haveibeenpwned.com/content/images/pwnedlogos/gaadi.png,"['email addresses', 'genders', 'geographic locations', 'ip addresses', 'names', 'passwords', 'phone numbers', 'usernames']",True,False,False,False,False,False,False
gab,gab,gab.com,2021-02-26,2021-03-03 23:03:30+00:00,2021-03-03 23:03:30+00:00,66521,"in february 2021, the alt-tech social network service <a href=""https://www.troyhunt.com/gab-has-been-breached/"" target=""_blank"" rel=""noopener"">gab suffered a data breach</a>. the incident exposed almost 70gb of data including 4m user accounts, a small number of private chat logs and a list of public groups and public posts made to the service. only a small number of accounts included email addresses and / or passwords stored as bcrypt hashes with a total of 66.5k unique email addresses being exposed across the corpus of data.",https://haveibeenpwned.com/content/images/pwnedlogos/gab.png,"['avatars', 'email addresses', 'names', 'passwords', 'private messages', 'usernames']",True,False,True,False,False,False,False
gamerzplanet,gamerzplanet,gamerzplanet.net,2015-10-23,2016-02-05 20:12:26+00:00,2016-02-05 20:12:26+00:00,1217166,"in approximately october 2015, the online gaming forum known as <a href=""http://gamerzplanet.net"" target=""_blank"" rel=""noopener"">gamerzplanet</a> was hacked and more than 1.2m accounts were exposed. the vbulletin forum included ip addresses and passwords stored as salted hashes using a weak implementation enabling many to be rapidly cracked.",https://haveibeenpwned.com/content/images/pwnedlogos/gamerzplanet.png,"['email addresses', 'ip addresses', 'passwords', 'usernames']",True,False,False,False,False,False,False
gamesalad,gamesalad,gamesalad.com,2019-02-24,2019-07-21 14:18:46+00:00,2019-07-21 14:23:46+00:00,1506242,"in february 2019, the education and game creation website <a href=""https://www.zdnet.com/article/round-4-hacker-returns-and-puts-26mil-user-records-for-sale-on-the-dark-web/"" target=""_blank"" rel=""noopener"">game salad suffered a data breach</a>. the incident impacted 1.5m accounts and exposed email addresses, usernames, ip addresses and passwords stored as sha-256 hashes. the data was provided to hibp by a source who requested it be attributed to &quot;jimscott.sec@protonmail.com&quot;.",https://haveibeenpwned.com/content/images/pwnedlogos/gamesalad.png,"['email addresses', 'ip addresses', 'passwords', 'usernames']",True,False,False,False,False,False,False
gamesprite,gamesprite,gamesprite.me,2019-12-17,2023-10-30 02:32:54+00:00,2023-10-30 07:06:29+00:00,6164643,"in december 2019, the now defunct gaming platform <a href=""https://gamesprite.me"" target=""_blank"" rel=""noopener"">gamesprite</a> suffered a data breach that exposed over 6m unique email addresses. the impacted data also included usernames, ip addresses and salted md5 password hashes.",https://haveibeenpwned.com/content/images/pwnedlogos/gamesprite.png,"['email addresses', 'ip addresses', 'passwords', 'usernames']",True,False,False,False,False,False,False
gametuts,gametuts,game-tuts.com,2015-03-01,2016-09-23 23:59:38+00:00,2016-09-23 23:59:38+00:00,2064274,"likely in early 2015, the video game website gametuts suffered a data breach and over 2 million user accounts were exposed. the site later <a href=""https://twitter.com/teammodio/status/756705841168916486"" target=""_blank"" rel=""noopener"">shut down in july 2016</a> but was identified as having been hosted on a vbulletin forum. the exposed data included usernames, email and ip addresses and salted md5 hashes.",https://haveibeenpwned.com/content/images/pwnedlogos/gametuts.png,"['email addresses', 'ip addresses', 'passwords', 'usernames']",True,False,False,False,False,False,False
gamigo,gamigo,gamigo.com,2012-03-01,2016-01-18 16:26:24+00:00,2016-01-18 16:26:24+00:00,8243604,"in march 2012, the german online game publisher gamigo <a href=""http://www.zdnet.com/article/8-24-million-gamigo-passwords-leaked-after-hack/"" target=""_blank"" rel=""noopener"">was hacked</a> and more than 8 million accounts publicly leaked. the breach included email addresses and passwords stored as weak md5 hashes with no salt.",https://haveibeenpwned.com/content/images/pwnedlogos/gamigo.png,"['email addresses', 'passwords']",True,False,False,False,False,False,False
gamingmonk,gamingmonk,gamingmonk.com,2020-12-02,2023-11-05 23:05:37+00:00,2023-11-05 23:05:37+00:00,654510,"in december 2020, india's &quot;largest esports community&quot; <a href=""http://gamingmonk.com/"" target=""_blank"" rel=""noopener"">gamingmonk</a> (since acquired by and redirected to mpl esports), suffered a data breach. the incident exposed 655k unique email addresses along with names, usernames, phone numbers, dates of birth and bcrypt password hashes.",https://haveibeenpwned.com/content/images/pwnedlogos/gamingmonk.png,"['dates of birth', 'email addresses', 'names', 'passwords', 'phone numbers', 'usernames']",True,False,False,False,False,False,False
gatehub,gatehub,gatehub.net,2019-06-04,2019-11-20 00:29:29+00:00,2019-12-24 13:09:23+00:00,1408078,"in october 2019, <a href=""https://arstechnica.com/information-technology/2019/11/password-data-dumped-online-for-2-2-million-users-of-currency-and-gaming-sites/"" target=""_blank"" rel=""noopener"">1.4m accounts from the cryptocurrency wallet service gatehub were posted to a popular hacking forum</a>. gatehub had <a href=""https://gatehub.net/blog/gatehub-update-investigation-continues/"" target=""_blank"" rel=""noopener"">previously acknowledged a data breach in june</a>, albeit with a smaller number of impacted accounts. data from the breach included email addresses, mnemonic phrases, encrypted master keys, encrypted recovery keys and passwords stored as bcrypt hashes.",https://haveibeenpwned.com/content/images/pwnedlogos/gatehub.png,"['email addresses', 'encrypted keys', 'mnemonic phrases', 'passwords']",True,False,False,False,False,False,False
gawker,gawker,gawker.com,2010-12-11,2013-12-04 00:00:00+00:00,2013-12-04 00:00:00+00:00,1247574,"in december 2010, gawker was attacked by the hacker collective &quot;gnosis&quot; in retaliation for what was reported to be a feud between gawker and 4chan. information about gawkers 1.3m users was published along with the data from gawker's other web presences including gizmodo and lifehacker. due to the prevalence of password reuse, many victims of the breach <a href=""http://www.troyhunt.com/2011/01/why-your-apps-security-design-could.html"" target=""_blank"" rel=""noopener"">then had their twitter accounts compromised to send acai berry spam</a>.",https://haveibeenpwned.com/content/images/pwnedlogos/gawker.png,"['email addresses', 'passwords', 'usernames']",True,False,False,False,False,False,False
gett,ge.tt,ge.tt,2017-05-04,2021-02-16 06:22:20+00:00,2021-02-22 12:16:44+00:00,2481121,"in may 2017, the file sharing platform <a href=""https://www.zdnet.com/article/127-million-user-records-from-8-companies-put-up-for-sale-on-the-dark-web/"" target=""_blank"" rel=""noopener"">ge.tt suffered a data breach</a>. the data was subsequently put up for sale on a dark web marketplace in february 2019 alongside a raft of other breaches. the ge.tt breach included names, social media profile identifiers, sha256 password hashes and almost 2.5m unique email addresses. the data was provided to hibp by a source who requested it be attributed to <a href=""https://www.linkedin.com/company/breachdirectory/"" target=""_blank"" rel=""noopener"">breachdirectory</a>.",https://haveibeenpwned.com/content/images/pwnedlogos/gett.png,"['email addresses', 'names', 'passwords', 'social media profiles']",True,False,False,False,False,False,False
geekedin,geekedin,geekedin.net,2016-08-15,2016-11-17 19:44:24+00:00,2022-03-06 05:21:27+00:00,1073164,"in august 2016, the technology recruitment site geekedin left a mongodb database exposed and over 8m records were extracted by an unknown third party. the breached data was originally scraped from github in violation of their terms of use and contained information exposed in public profiles, including over 1 million members' email addresses. full details on the incident (including how impacted members can see their leaked data) are covered in the blog post on <a href=""https://www.troyhunt.com/8-million-github-profiles-were-leaked-from-geekedins-mongodb-heres-how-to-see-yours"" target=""_blank"" rel=""noopener"">8 million github profiles were leaked from geekedin's mongodb - here's how to see yours</a>.",https://haveibeenpwned.com/content/images/pwnedlogos/geekedin.png,"['email addresses', 'geographic locations', 'names', 'professional skills', 'usernames', 'years of professional experience']",True,False,False,False,False,False,False
gemini,gemini,gemini.com,2022-12-13,2022-12-16 16:47:43+00:00,2024-04-23 19:32:40+00:00,5274214,"in late 2022, <a href=""https://www.bleepingcomputer.com/news/security/hackers-leak-personal-info-allegedly-stolen-from-57m-gemini-users/"" target=""_blank"" rel=""noopener"">data allegedly taken from the gemini crypto exchange was posted to a public hacking forum</a>. the data consisted of email addresses and partial phone numbers, which gemini later attributed to <a href=""https://www.gemini.com/blog/protecting-our-customers-from-phishing-campaigns"" target=""_blank"" rel=""noopener"">an incident at a third-party vendor</a> (the vendor was not named). the data was provided to hibp by a source who requested it be attributed to &quot;zan @ bf&quot;.",https://haveibeenpwned.com/content/images/pwnedlogos/list.png,"['email addresses', 'partial phone numbers']",True,False,False,False,False,False,False
gemplex,gemplex,gemplex.tv,2021-02-18,2023-12-09 02:19:40+00:00,2023-12-09 02:19:40+00:00,4563166,"in february 2021, the indian streaming platform gemplex suffered a data breach that exposed 4.6m user accounts. the impacted data included device information, names, phone numbers, email addresses and bcrypt password hashes.",https://haveibeenpwned.com/content/images/pwnedlogos/gemplex.png,"['device information', 'email addresses', 'names', 'passwords', 'phone numbers']",True,False,False,False,False,False,False
genesismarket,genesis market,genesis.market,2023-04-05,2023-04-05 12:00:00+00:00,2023-04-05 12:00:00+00:00,8000000,"in april 2023, the stolen identity marketplace <a href=""https://www.troyhunt.com/seized-genesis-market-data-is-now-searchable-in-have-i-been-pwned-courtesy-of-the-fbi-and-operation-cookie-monster/"" target=""_blank"" rel=""noopener"">genesis market was shut down by the fbi and a coalition of law enforcement agencies across the globe in &quot;operation cookie monster&quot;</a>. the service traded in &quot;browser fingerprints&quot; which enabled criminals to impersonate victims and access their online services. as many of the impacted accounts did not include email addresses, &quot;8m&quot; is merely an approximation intended to indicate scale. other personal data compromised by the service included names, addresses and credit card information, although not all individuals had each of these fields exposed.",https://haveibeenpwned.com/content/images/pwnedlogos/genesismarket.png,"['browser user agent details', 'credit card cvv', 'credit cards', 'dates of birth', 'email addresses', 'names', 'passwords', 'phone numbers', 'physical addresses', 'usernames']",True,False,True,False,False,False,True
geniusu,geniusu,geniusu.com,2020-10-02,2021-01-08 21:49:21+00:00,2021-01-10 00:45:52+00:00,1301460,"in november 2020, <a href=""https://www.databreaches.net/more-drama-on-a-forum-and-a-slew-of-new-databases-dumped/"" target=""_blank"" rel=""noopener"">a collection of data breaches were made public including the &quot;entrepreneur success platform&quot;, geniusu</a>. dating back to the previous month, the data included 1.3m names, email and ip addresses, genders, links to social media profiles and passwords stored as bcrypt hashes. the data was provided to hibp by <a href=""https://dehashed.com/"" target=""_blank"" rel=""noopener"">dehashed.com</a>.",https://haveibeenpwned.com/content/images/pwnedlogos/geniusu.png,"['email addresses', 'genders', 'ip addresses', 'names', 'passwords', 'social media profiles']",True,False,False,False,False,False,False
getrevengeonyourex,get revenge on your ex,getrevengeonyourex.com,2022-09-09,2022-11-15 01:57:17+00:00,2022-12-11 12:24:54+00:00,79195,"in september 2022, the revenge website <a href=""https://getrevengeonyourex.com/"" target=""_blank"" rel=""noopener"">get revenge on your ex</a> suffered a data breach that exposed almost 80k unique email addresses. the data spanned both customers and victims including names, ip and physical addresses, phone numbers, purchase histories and plain text passwords. the data was subsequently shared on a public hacking forum, get revenge on your ex did not reply when contacted.",https://haveibeenpwned.com/content/images/pwnedlogos/getrevengeonyourex.png,"['email addresses', 'ip addresses', 'names', 'passwords', 'phone numbers', 'physical addresses', 'purchases']",True,False,True,False,False,False,False
gfan,gfan,gfan.com,2016-10-10,2016-10-10 16:32:34+00:00,2016-10-10 16:32:34+00:00,22526334,"in october 2016, data surfaced that was allegedly obtained from the chinese website known as <a href=""http://www.gfan.com"" target=""_blank"" rel=""noopener"">gfan</a> and contained 22.5m accounts. whilst there is evidence that the data is legitimate, due to the difficulty of emphatically verifying the chinese breach it has been flagged as &quot;unverified&quot;. the data in the breach contains email and ip addresses, user names and salted and hashed passwords. <a href=""https://www.troyhunt.com/handling-chinese-data-breaches-in-have-i-been-pwned/"" target=""_blank"" rel=""noopener"">read more about chinese data breaches in have i been pwned.</a>",https://haveibeenpwned.com/content/images/pwnedlogos/gfan.png,"['email addresses', 'ip addresses', 'passwords', 'usernames']",False,False,False,False,False,False,False
ggcorp,ggcorp,ggcorp.me,2022-08-11,2022-11-08 07:35:13+00:00,2022-11-08 07:35:13+00:00,2376330,"in august 2022, the mmorpg website <a href=""https://twitter.com/falconfeedsio/status/1558362615067250688"" target=""_blank"" rel=""noopener"">ggcorp suffered a data breach that exposed almost 2.4m unique email addresses</a>. the data also included ip addresses, usernames and md5 password hashes.",https://haveibeenpwned.com/content/images/pwnedlogos/ggcorp.png,"['email addresses', 'ip addresses', 'passwords', 'usernames']",True,False,False,False,False,False,False
gianttiger,giant tiger,gianttiger.com,2024-03-04,2024-04-12 22:31:29+00:00,2024-04-12 22:57:56+00:00,2842669,"in march 2024, <a href=""https://cybernews.com/news/giant-tiger-customers-exposed/#google_vignette"" target=""_blank"" rel=""noopener"">canadian discount store giant tiger suffered a data breach that exposed 2.8m customer records</a>. attributed to a vendor of the retailer, the breach included physical and email addresses, names and phone numbers.",https://haveibeenpwned.com/content/images/pwnedlogos/gianttiger.png,"['email addresses', 'names', 'phone numbers', 'physical addresses']",True,False,False,False,False,False,False
givesendgo,givesendgo,givesendgo.com,2022-02-07,2022-02-15 00:01:14+00:00,2022-02-15 00:01:14+00:00,89966,"in february 2022, the christian fundraising service <a href=""https://techcrunch.com/2022/02/14/freedom-convoy-donor-leak-givesendgo/"" target=""_blank"" rel=""noopener"">givesendgo suffered a data breach which exposed the personal data of 90k donors to the canadian &quot;freedom convoy&quot; protest against vaccine mandates</a>. the breach exposed names, email addresses, post codes, donation amount and comments left at the time of donation.",https://haveibeenpwned.com/content/images/pwnedlogos/givesendgo.png,"['email addresses', 'geographic locations', 'names', 'purchases']",True,False,False,False,False,False,False
glofox,glofox,glofox.com,2020-03-27,2021-01-10 01:30:48+00:00,2021-01-10 01:30:48+00:00,2330735,"in march 2020, the irish gym management software company <a href=""https://www.irishtimes.com/business/technology/irish-start-up-glofox-investigates-possible-data-breach-1.4414837"" target=""_blank"" rel=""noopener"">glofox suffered a data breach which exposed 2.3m membership records</a>. the data included email addresses, names, phone numbers, genders, dates of birth and passwords stored as unsalted md5 hashes.",https://haveibeenpwned.com/content/images/pwnedlogos/glofox.png,"['dates of birth', 'email addresses', 'genders', 'names', 'passwords', 'phone numbers']",True,False,False,False,False,False,False
gogames,go games,gogames.me,2015-10-24,2020-01-11 00:06:33+00:00,2020-01-11 00:06:33+00:00,3430083,"in approximately october 2015, the manga website <a href=""http://gogames.me"" target=""_blank"" rel=""noopener"">go games</a> suffered a data breach. the exposed data included 3.4m customer records including email and ip addresses, usernames and passwords stored as salted md5 hashes. go games did not respond when contacted about the incident. the data was provided to hibp by <a href=""https://dehashed.com/"" target=""_blank"" rel=""noopener"">dehashed.com</a>.",https://haveibeenpwned.com/content/images/pwnedlogos/gogames.png,"['email addresses', 'ip addresses', 'passwords', 'usernames']",True,False,False,False,False,False,False
goninja,go ninja,goninja.de,2019-12-17,2023-11-30 07:18:59+00:00,2023-11-30 07:18:59+00:00,4999001,"in december 2019, the now defunct german gaming website go ninja suffered a data breach that exposed 5m unique email addresses. the impacted data included usernames, email and ip addresses and salted md5 password hashes. more than 4m of the email addresses appeared to have been generated as opposed to organically provided by the user.",https://haveibeenpwned.com/content/images/pwnedlogos/goninja.png,"['email addresses', 'ip addresses', 'passwords', 'usernames']",True,False,False,False,False,False,False
goldsilver,goldsilver,goldsilver.com,2018-10-21,2018-12-27 08:49:18+00:00,2018-12-27 08:51:50+00:00,242715,"in october 2018, the bullion education and dealer services site <a href=""https://goldsilver.com/"" target=""_blank"" rel=""noopener"">goldsilver</a> suffered a data breach that exposed 243k unique email addresses spanning customers and mailing list subscribers. an extensive amount of personal information on customers was obtained including names, addresses, phone numbers, purchases and passwords and answers to security questions stored as md5 hashes. in a small number of cases, passport, social security numbers and partial credit card data was also exposed. the data breach and source code belonging to goldsilver was publicly posted on a dark web service where it remained months later. when notified about the incident, goldsilver advised that &quot;all affected customers have been directly notified&quot;.",https://haveibeenpwned.com/content/images/pwnedlogos/goldsilver.png,"['bank account numbers', 'email addresses', 'ip addresses', 'names', 'partial credit card data', 'passport numbers', 'phone numbers', 'physical addresses', 'purchases', 'security questions and answers', 'social security numbers']",True,False,False,False,False,False,False
gpotato,gpotato,gpotato.com,2007-07-12,2016-09-24 21:37:43+00:00,2016-09-24 21:37:43+00:00,2136520,"in july 2007, the multiplayer game portal known as <a href=""https://web.archive.org/web/20070710161412/http://gpotato.com/"" target=""_blank"" rel=""noopener"">gpotato</a> (link to archive of the site at that time) suffered a data breach and over 2 million user accounts were exposed. the site later merged into the <a href=""http://www.webzen.com/"" target=""_blank"" rel=""noopener"">webzen portal</a> where the original accounts still exist today. the exposed data included usernames, email and ip addresses, md5 hashes and personal attributes such as gender, birth date, physical address and security questions and answers stored in plain text.",https://haveibeenpwned.com/content/images/pwnedlogos/gpotato.png,"['dates of birth', 'email addresses', 'genders', 'ip addresses', 'names', 'passwords', 'physical addresses', 'security questions and answers', 'usernames', 'website activity']",True,False,False,False,False,False,False
gpsunderground,gps underground,gpsunderground.com,2016-07-01,2019-11-19 06:13:42+00:00,2019-11-19 06:13:42+00:00,669584,"in early 2017, <a href=""https://www.hackread.com/vbulletin-forums-hacked-accounts-sold-on-dark-web/"" target=""_blank"" rel=""noopener"">gps underground was amongst a collection of compromised vbulletin websites that were found being sold online</a>. the breach dated back to mid-2016 and included 670k records with usernames, email and ip addresses, dates of birth and salted md5 password hashes.",https://haveibeenpwned.com/content/images/pwnedlogos/gpsunderground.png,"['dates of birth', 'email addresses', 'ip addresses', 'passwords', 'usernames']",True,False,False,False,False,False,False
gravatar,gravatar,gravatar.com,2020-10-03,2021-12-05 22:45:58+00:00,2021-12-08 01:47:02+00:00,113990759,"in october 2020, <a href=""https://www.bleepingcomputer.com/news/security/online-avatar-service-gravatar-allows-mass-collection-of-user-info/"" target=""_blank"" rel=""noopener"">a security researcher published a technique for scraping large volumes of data from gravatar, the service for providing globally unique avatars </a>. 167 million names, usernames and md5 hashes of email addresses used to reference users' avatars were subsequently scraped and distributed within the hacking community. 114 million of the md5 hashes were cracked and distributed alongside the source hash, thus disclosing the original email address and accompanying data. following the impacted email addresses being searchable in hibp, <a href=""https://en.gravatar.com/support/data-privacy"" target=""_blank"" rel=""noopener"">gravatar release an faq detailing the incident</a>.",https://haveibeenpwned.com/content/images/pwnedlogos/gravatar.png,"['email addresses', 'names', 'usernames']",True,False,False,False,False,False,False
gsmhosting,gsm hosting,gsmhosting.com,2016-08-01,2024-03-27 06:23:58+00:00,2024-03-27 06:29:15+00:00,2607440,"in august 2016, <a href=""https://www.hackread.com/vbulletin-forums-hacked-accounts-sold-on-dark-web/"" target=""_blank"" rel=""noopener"">breached data from the vbulletin forum for gsm-hosting appeared for sale alongside dozens of other hacked services</a>. the breach impacted 2.6m users of the service and included email and ip addresses, usernames and salted md5 password hashes.",https://haveibeenpwned.com/content/images/pwnedlogos/gsmhosting.png,"['email addresses', 'ip addresses', 'passwords', 'usernames']",True,False,False,False,False,False,False
gtagaming,gtagaming,gtagaming.com,2016-08-01,2016-08-23 20:41:17+00:00,2016-08-23 20:41:17+00:00,197184,"in august 2016, the grand theft auto forum <a href=""https://motherboard.vice.com/read/grand-theft-auto-fan-site-hacked"" target=""_blank"" rel=""noopener"">gtagaming was hacked and nearly 200k user accounts were leaked</a>. the vbulletin based forum included usernames, email addresses and password hashes.",https://haveibeenpwned.com/content/images/pwnedlogos/gtagaming.png,"['dates of birth', 'email addresses', 'ip addresses', 'passwords', 'usernames', 'website activity']",True,False,False,False,False,False,False
gunauction,gunauction.com,gunauction.com,2022-12-03,2023-03-02 19:43:51+00:00,2023-03-05 03:13:20+00:00,565470,"in december 2022, the online firearms auction website <a href=""https://techcrunch.com/2023/03/02/hackers-steal-gun-owners-data-from-firearm-auction-website/"" target=""_blank"" rel=""noopener"">gunauction.com suffered a data breach which was later discovered left unprotected on the hacker's server</a>. the data included over 565k user records with extensive personal data including email, ip and physical addresses, names, phone numbers, genders, years of birth, credit card type and passwords stored in plain text. the leaked identities could subsequently be matched to firearms listed for sale on the website.",https://haveibeenpwned.com/content/images/pwnedlogos/gunauction.png,"['browser user agent details', 'email addresses', 'genders', 'ip addresses', 'partial credit card data', 'partial dates of birth', 'passwords', 'phone numbers', 'physical addresses', 'usernames']",True,False,False,False,False,False,False
playgar,guns and robots,play-gar.com,2016-04-01,2018-02-14 22:32:25+00:00,2018-02-14 22:32:25+00:00,143569,"in approximately april 2016, the gaming website <a href=""https://www.play-gar.com/"" target=""_blank"" rel=""noopener"">guns and robots</a> suffered a data breach resulting in the exposure of 143k unique records. the data contained email and ip addresses, usernames and sha-1 password hashes. the site was previously reported as compromised on the <a href=""https://vigilante.pw/"" target=""_blank"" rel=""noopener"">vigilante.pw</a> breached database directory.",https://haveibeenpwned.com/content/images/pwnedlogos/playgar.png,"['email addresses', 'ip addresses', 'passwords', 'usernames']",True,False,False,False,False,False,False
gunsdotcom,guns.com,guns.com,2021-01-12,2022-01-13 05:14:53+00:00,2022-01-13 06:32:48+00:00,375928,"in january 2021, the firearms website <a href=""https://gizmodo.com/guns-com-gets-hacked-spilling-gun-owner-information-al-1846544734"" target=""_blank"" rel=""noopener"">guns.com suffered a data breach</a>. the breach exposed 376k unique email addresses along with names, phone numbers, physical addresses, gun purchases, partial credit card data, dates of birth and passwords stored as bcrypt hashes.",https://haveibeenpwned.com/content/images/pwnedlogos/gunsdotcom.png,"['dates of birth', 'email addresses', 'names', 'partial credit card data', 'passwords', 'phone numbers', 'physical addresses', 'purchases']",True,False,True,False,False,False,False
guntrader,guntrader,guntrader.uk,2021-07-17,2021-07-21 20:24:24+00:00,2021-07-21 20:24:24+00:00,112031,"in july 2021, the united kingdom based website <a href=""https://www.fieldsportschannel.tv/guntrader-co-uk-hacked-not-much-lost/"" target=""_blank"" rel=""noopener"">guntrader suffered a data breach that exposed 112k unique email addresses</a>. extensive personal information was also exposed including names, phone numbers, geolocation data, ip addresses and various physical address attributes (cities for all users, complete addresses for some). passwords stored as bcrypt hashes were also exposed.",https://haveibeenpwned.com/content/images/pwnedlogos/guntrader.png,"['browser user agent details', 'email addresses', 'geographic locations', 'ip addresses', 'names', 'passwords', 'phone numbers', 'physical addresses', 'salutations']",True,False,False,False,False,False,False
hackforums,hackforums.net,hackforums.net,2011-06-25,2014-05-11 10:30:43+00:00,2014-05-11 10:30:43+00:00,191540,"in june 2011, the hacktivist group known as ""lulzsec"" leaked <a href=""http://www.forbes.com/sites/andygreenberg/2011/06/25/lulzsec-says-goodbye-dumping-nato-att-gamer-data/"" target=""_blank"" rel=""noopener"">one final large data breach they titled ""50 days of lulz""</a>. the compromised data came from sources such as at&t, battlefield heroes and the <a href=""http://hackforums.net"" target=""_blank"" rel=""noopener"">hackforums.net website</a>. the leaked hack forums data included credentials and personal information of nearly 200,000 registered forum users.",https://haveibeenpwned.com/content/images/pwnedlogos/hackforums.png,"['dates of birth', 'email addresses', 'instant messenger identities', 'ip addresses', 'passwords', 'social connections', 'spoken languages', 'time zones', 'user website urls', 'usernames', 'website activity']",True,False,False,False,False,False,False
hackingteam,hacking team,hackingteam.com,2015-07-06,2015-07-12 23:52:27+00:00,2015-07-12 23:52:27+00:00,32310,"in july 2015, the italian security firm <a href=""http://hackingteam.com"" target=""_blank"" rel=""noopener"">hacking team</a> suffered a major data breach that resulted in over 400gb of their data being <a href=""http://www.techtimes.com/articles/68204/20150711/hacking-team-hacked-400gb-data-dump-state-surveillance-exposes-dirty.htm"" target=""_blank"" rel=""noopener"">posted online via a torrent</a>. the data searchable on &quot;have i been pwned?&quot; is from 189gb worth of pst mail folders in the dump. the contents of the pst files is <a href=""https://wikileaks.org/hackingteam/emails"" target=""_blank"" rel=""noopener"">searchable on wikileaks</a>.",https://haveibeenpwned.com/content/images/pwnedlogos/hackingteam.png,"['email addresses', 'email messages']",True,False,False,False,False,False,False
hathway,hathway,hathway.com,2023-12-17,2024-01-12 09:34:25+00:00,2024-01-12 09:34:25+00:00,4670080,"in december 2023, <a href=""https://restoreprivacy.com/hacker-allegedly-holds-data-of-41-million-hathway-customers/"" target=""_blank"" rel=""noopener"">hundreds of gigabytes of data allegedly taken from indian isp and digital tv provider hathway appeared on a popular hacking website</a>. the incident exposed extensive personal information including 4.7m unique email addresses along with names, physical and ip addresses, phone numbers, password hashes and support ticket logs.",https://haveibeenpwned.com/content/images/pwnedlogos/hathway.png,"['device information', 'email addresses', 'ip addresses', 'names', 'passwords', 'phone numbers', 'physical addresses', 'salutations', 'support tickets']",True,False,False,False,False,False,False
hautelook,hautelook,hautelook.com,2018-08-07,2019-03-21 21:57:32+00:00,2019-03-21 21:57:32+00:00,28510459,"in mid-2018, the fashion shopping site <a href=""https://www.theregister.co.uk/2019/02/11/620_million_hacked_accounts_dark_web/"" target=""_blank"" rel=""noopener"">hautelook was among a raft of sites that were breached and their data then sold in early-2019</a>. the data included over 28 million unique email addresses alongside names, genders, dates of birth and passwords stored as bcrypt hashes. the data was provided to hibp by <a href=""https://dehashed.com/"" target=""_blank"" rel=""noopener"">dehashed.com</a>.",https://haveibeenpwned.com/content/images/pwnedlogos/hautelook.png,"['dates of birth', 'email addresses', 'genders', 'geographic locations', 'names', 'passwords']",True,False,False,False,False,False,False
havenly,havenly,havenly.com,2020-06-25,2020-08-01 01:53:40+00:00,2020-08-01 01:53:40+00:00,1369180,"in june 2020, the interior design website <a href=""https://www.bleepingcomputer.com/news/security/hacker-leaks-386-million-user-records-from-18-companies-for-free/"" target=""_blank"" rel=""noopener"">havenly suffered a data breach</a> which impacted almost 1.4 million members of the service. the exposed data included email addresses, names, phone numbers, geographic locations and passwords stored as sha-1 hashes, all of which was subsequently shared extensively throughout online hacking communities. the data was provided to hibp by <a href=""https://dehashed.com/"" target=""_blank"" rel=""noopener"">dehashed.com</a>.",https://haveibeenpwned.com/content/images/pwnedlogos/havenly.png,"['email addresses', 'geographic locations', 'names', 'passwords', 'phone numbers']",True,False,False,False,False,False,False
hdbfinancialservices,hdb financial services,hdbfs.com,2023-02-22,2023-03-11 03:00:06+00:00,2023-03-11 03:04:29+00:00,1658750,"in march 2023, the indian non-bank lending unit <a href=""https://economictimes.indiatimes.com/industry/banking/finance/banking/hdb-financial-services-flags-data-breach-at-service-provider/articleshow/98483482.cms"" target=""_blank"" rel=""noopener"">hdb financial services suffered a data breach that disclosed over 70m customer records</a>. containing 1.6m unique email addresses, the breach also disclosed names, dates of birth, phone numbers, genders, post codes and loan information belonging to the customers.",https://haveibeenpwned.com/content/images/pwnedlogos/hdbfinancialservices.png,"['dates of birth', 'email addresses', 'genders', 'geographic locations', 'loan information', 'names', 'phone numbers']",True,False,False,False,False,False,False
healthnownetworks,health now networks,healthnow.co,2017-03-25,2017-04-07 18:37:15+00:00,2017-04-07 18:37:15+00:00,321920,"in march 2017, the telemarketing service <a href=""https://www.databreaches.net/leak-of-diabetic-patients-data-highlights-risks-of-giving-info-to-telemarketers"" target=""_blank"" rel=""noopener"">health now networks left a database containing hundreds of thousands of medical records exposed</a>. there were over 900,000 records in total containing significant volumes of personal information including names, dates of birth, various medical conditions and operator notes on the individuals' health. the data included over 320k unique email addresses.",https://haveibeenpwned.com/content/images/pwnedlogos/healthnownetworks.png,"['dates of birth', 'email addresses', 'genders', 'health insurance information', 'ip addresses', 'names', 'personal health data', 'phone numbers', 'physical addresses', 'security questions and answers', 'social connections']",True,False,False,False,False,False,False
hemmakvall,hemmakväll,hemmakvall.se,2015-07-08,2015-07-09 09:23:52+00:00,2015-07-09 09:23:52+00:00,47297,"in july 2015, the swedish video store chain <a href=""http://www.hemmakvall.se/"" target=""_blank"" rel=""noopener"">hemmakväll</a> <a href=""http://www.dn.se/ekonomi/hemmakvall-hackat-50000-kunders-uppgifter-pa-vift/"" target=""_blank"" rel=""noopener"">was hacked</a> and nearly 50k records dumped publicly. the disclosed data included various attributes of their customers including email and physical addresses, names and phone numbers. passwords were also leaked, stored with a weak md5 hashing algorithm.",https://haveibeenpwned.com/content/images/pwnedlogos/hemmakvall.png,"['email addresses', 'names', 'passwords', 'phone numbers', 'physical addresses']",True,False,False,False,False,False,False
hemmelig,hemmelig.com,hemmelig.com,2011-12-21,2014-03-25 07:23:52+00:00,2014-03-25 07:23:52+00:00,28641,"in december 2011, norway's largest online sex shop hemmelig.com was <a href=""http://www.dazzlepod.com/hemmelig/?page=93"" target=""_blank"" rel=""noopener"">hacked by a collective calling themselves &quot;team appunity&quot;</a>. the attack exposed over 28,000 usernames and email addresses along with nicknames, gender, year of birth and unsalted md5 password hashes.",https://haveibeenpwned.com/content/images/pwnedlogos/hemmelig.png,"['email addresses', 'genders', 'nicknames', 'partial dates of birth', 'passwords', 'usernames']",True,False,True,False,False,False,False
heroesofgaia,heroes of gaia,heroesofgaia.com,2013-01-04,2016-11-07 08:11:03+00:00,2016-11-07 08:11:03+00:00,179967,"in early 2013, the online fantasy multiplayer game <a href=""http://hog.playsnail.com"" target=""_blank"" rel=""noopener"">heroes of gaia</a> suffered a data breach. the newest records in the data set indicate a breach date of 4 january 2013 and include usernames, ip and email addresses but no passwords.",https://haveibeenpwned.com/content/images/pwnedlogos/heroesofgaia.png,"['browser user agent details', 'email addresses', 'ip addresses', 'usernames', 'website activity']",True,False,False,False,False,False,False
heroesofnewerth,heroes of newerth,heroesofnewerth.com,2012-12-17,2016-01-24 16:27:23+00:00,2016-01-24 16:27:23+00:00,8089103,"in december 2012, the multiplayer online battle arena game known as <a href=""http://www.heroesofnewerth.com/"" target=""_blank"" rel=""noopener"">heroes of newerth</a> <a href=""https://www.reddit.com/r/heroesofnewerth/comments/14zj2p/i_am_the_guy_who_hacked_hon/"" target=""_blank"" rel=""noopener""> was hacked</a> and over 8 million accounts extracted from the system. the compromised data included usernames, email addresses and passwords.",https://haveibeenpwned.com/content/images/pwnedlogos/heroesofnewerth.png,"['email addresses', 'passwords', 'usernames']",True,False,False,False,False,False,False
hiapk,hiapk,hiapk.com,2014-01-01,2018-04-01 07:13:44+00:00,2018-04-01 07:13:44+00:00,13873674,"in approximately 2014, it's alleged that the chinese android store known as <a href=""http://hiapk.com/"" target=""_blank"" rel=""noopener"">hiapk</a> suffered a data breach that impacted 13.8 million unique subscribers. whilst there is evidence that the data is legitimate, due to the difficulty of emphatically verifying the chinese breach it has been flagged as &quot;unverified&quot;. the data in the breach contains usernames, email addresses and salted md5 password hashes and was provided to hibp by white hat security researcher and data analyst adam davies. <a href=""https://www.troyhunt.com/handling-chinese-data-breaches-in-have-i-been-pwned/"" target=""_blank"" rel=""noopener"">read more about chinese data breaches in have i been pwned.</a>",https://haveibeenpwned.com/content/images/pwnedlogos/hiapk.png,"['email addresses', 'passwords', 'usernames']",False,False,False,False,False,False,False
hjedd,hjedd,hjedd.com,2022-07-18,2023-10-05 03:41:42+00:00,2023-10-05 03:41:42+00:00,13204029,"in july 2022, the chinese adult website <a href=""https://www.bitdefender.com.au/blog/hotforsecurity/leaky-platform-at-chinese-adult-platform-exposed-sensitive-info-of-14-million-users/"" target=""_blank"" rel=""noopener"">hjedd was found to be leaking more than 13m customer records which subsequently appeared on a popular hacking forum</a>. the exposed data included email and ip addresses, usernames and passwords stored as bcrypt hashes.",https://haveibeenpwned.com/content/images/pwnedlogos/hjedd.png,"['email addresses', 'ip addresses', 'passwords', 'usernames']",True,False,True,False,False,False,False
hltv,hltv,hltv.org,2016-06-19,2017-03-22 08:58:10+00:00,2017-03-22 08:58:10+00:00,611070,"in june 2016, the &quot;home of competitive counter strike&quot; website <a href=""http://www.hltv.org/news/18087-security-breach"" target=""_blank"" rel=""noopener"">hltv was hacked</a> and 611k accounts were exposed. the attack led to the exposure of names, usernames, email addresses and bcrypt hashes of passwords.",https://haveibeenpwned.com/content/images/pwnedlogos/hltv.png,"['email addresses', 'names', 'passwords', 'usernames', 'website activity']",True,False,False,False,False,False,False
homechef,home chef,homechef.com,2020-02-10,2020-11-13 03:41:24+00:00,2020-11-13 03:41:24+00:00,8815692,"in early 2020, the food delivery service <a href=""https://techcrunch.com/2020/05/20/home-chef-data-breach/"" target=""_blank"" rel=""noopener"">home chef suffered a data breach</a> which was subsequently sold online. the breach exposed the personal information of almost 9 million customers including names, ip addresses, post codes, the last 4 digits of credit card numbers and passwords stored as bcrypt hashes. the data was provided to hibp by <a href=""https://dehashed.com/"" target=""_blank"" rel=""noopener"">dehashed.com</a>.",https://haveibeenpwned.com/content/images/pwnedlogos/homechef.png,"['email addresses', 'geographic locations', 'ip addresses', 'names', 'partial credit card data', 'passwords', 'phone numbers']",True,False,False,False,False,False,False
hongfire,hongfire,hongfire.com,2015-03-01,2017-02-05 20:36:21+00:00,2017-02-05 20:36:21+00:00,999991,"in march 2015, the anime and manga forum <a href=""http://www.hongfire.com"" target=""_blank"" rel=""noopener"">hongfire</a> suffered a data breach. the hack of their vbulletin forum led to the exposure of 1 million accounts along with email and ip addresses, usernames, dates of birth and salted md5 passwords.",https://haveibeenpwned.com/content/images/pwnedlogos/hongfire.png,"['dates of birth', 'email addresses', 'ip addresses', 'passwords', 'usernames']",True,False,True,False,False,False,False
hookersnl,hookers.nl,hookers.nl,2019-10-10,2019-10-23 09:51:59+00:00,2019-10-23 09:56:08+00:00,290955,"in october 2019, the dutch prostitution forum <a href=""https://www.forbes.com/sites/thomasbrewster/2019/10/10/dutch-prostitution-site-hookersnl-hacked--250000-users-data-leaked/#3e3f231522f8"" target=""_blank"" rel=""noopener"">hookers.nl suffered a data breach</a> which exposed the personal information of sex workers and their customers. the ip and email addresses, usernames and either bcrypt or salted md5 password hashes of 291k members were accessed via an unpatched vulnerability in the vbulletin forum software.",https://haveibeenpwned.com/content/images/pwnedlogos/hookersnl.png,"['email addresses', 'ip addresses', 'passwords', 'usernames']",True,False,True,False,False,False,False
horseisle,horse isle,horseisle.com,2020-09-19,2023-10-02 06:47:11+00:00,2023-10-02 06:48:42+00:00,27786,"in june 2020 then again in september that same year, <a href=""https://hi1.horseisle.com/web/news.php"" target=""_blank"" rel=""noopener"">horse isle &quot;the secrent land of horses&quot; suffered a data breach</a>. the incident exposed 28k unique email addresses along with names, usernames, ip addresses, genders, purchases and plain text passwords. the system also stored and exposed failed password attempts for each user with the password retained in plain text.",https://haveibeenpwned.com/content/images/pwnedlogos/horseisle.png,"['email addresses', 'genders', 'ip addresses', 'names', 'passwords', 'purchases', 'usernames']",True,False,False,False,False,False,False
hounddawgs,hounddawgs,hounddawgs.org,2017-12-30,2018-01-03 12:48:10+00:00,2018-01-03 12:48:10+00:00,45701,"in december 2017, the danish torrent tracker known as <a href=""https://torrentfreak.com/popular-danish-torrent-tracker-shuts-down-after-hack-180102/"" target=""_blank"" rel=""noopener"">hounddawgs suffered a data breach</a>. more than 55gb of data was dumped publicly and whilst <a href=""https://www.flashback.org/p62770812"" target=""_blank"" rel=""noopener"">there was initially contention as to the severity of the incident</a>, the data did indeed contain more than 45k unique email addresses complete extensive logs of torrenting activity, ip addresses and sha1 passwords.",https://haveibeenpwned.com/content/images/pwnedlogos/hounddawgs.png,"['email addresses', 'ip addresses', 'passwords', 'website activity']",True,False,False,False,False,False,False
houzz,houzz,houzz.com,2018-05-23,2019-03-12 20:57:35+00:00,2019-03-12 20:57:35+00:00,48881308,"in mid-2018, the housing design website <a href=""https://help.houzz.com/s/article/security-update?language=en_us"" target=""_blank"" rel=""noopener"">houzz suffered a data breach</a>. the company learned of the incident later that year then disclosed it to impacted members in february 2019. almost 49 million unique email addresses were in the breach alongside names, ip addresses, geographic locations and either salted hashes of passwords or links to social media profiles used to authenticate to the service. the data was provided to hibp by <a href=""https://dehashed.com/"" target=""_blank"" rel=""noopener"">dehashed.com</a>.",https://haveibeenpwned.com/content/images/pwnedlogos/houzz.png,"['email addresses', 'geographic locations', 'ip addresses', 'names', 'passwords', 'social media profiles', 'usernames']",True,False,False,False,False,False,False
htcmania,htc mania,htcmania.com,2020-01-04,2020-04-06 04:16:53+00:00,2020-04-06 04:25:18+00:00,1488089,"in january 2020, the spanish mobile phone forum <a href=""https://www.htcmania.com"" target=""_blank"" rel=""noopener"">htc mania</a> suffered a data breach of the vbulletin based site. the incident exposed 1.5m member email addresses, usernames, ip addresses, dates of birth and salted md5 password hashes and password histories. data from the breach was subsequently redistributed on popular hacking websites.",https://haveibeenpwned.com/content/images/pwnedlogos/htcmania.png,"['dates of birth', 'email addresses', 'historical passwords', 'ip addresses', 'passwords', 'usernames']",True,False,False,False,False,False,False
hthstudios,hth studios,hthstudios.com,2018-08-24,2018-11-20 21:22:09+00:00,2020-08-07 03:20:56+00:00,411755,"in august 2018, the adult furry interactive game creator <a href=""https://hthstudios.com/"" target=""_blank"" rel=""noopener"">hth studios</a> suffered a data breach impacting multiple repositories of customer data. several months later, the data surfaced on a popular hacking forum and included 411k unique email addresses along with physical and ip addresses, names, orders, salted sha-1 and salted md5 hashes. hth studios is aware of the incident.",https://haveibeenpwned.com/content/images/pwnedlogos/hthstudios.png,"['browser user agent details', 'dates of birth', 'email addresses', 'ip addresses', 'names', 'phone numbers', 'physical addresses', 'purchases', 'usernames']",True,False,True,False,False,False,False
hub4tech,hub4tech,hub4tech.com,2017-01-01,2018-12-09 22:40:51+00:00,2018-12-09 22:43:38+00:00,36916,"on an unknown date in approximately 2017, the indian training and assessment service known as <a href=""https://www.forumcommunity.net/"" target=""_blank"" rel=""noopener"">hub4tech</a> suffered a data breach via a sql injection attack. the incident exposed almost 37k unique email addresses and passwords stored as unsalted md5 hashes. no response was received from hub4tech when contacted about the incident.",https://haveibeenpwned.com/content/images/pwnedlogos/hub4tech.png,"['email addresses', 'passwords']",True,False,False,False,False,False,False
hurb,hurb,hurb.com,2019-03-14,2020-07-27 21:46:20+00:00,2020-07-27 21:46:20+00:00,20727771,"in approximately march 2019, the online brazilian travel agency <a href=""https://cybleinc.com/2020/07/24/around-43-million-user-records-belonging-to-two-online-platforms-leaked-on-darknet-for-free/"" target=""_blank"" rel=""noopener"">hurb (formerly hotel urbano) suffered a data breach</a>. the data subsequently appeared online for download the following year and included over 20 million customer records with email and ip addresses, names, dates of birth, phone numbers and passwords stored as unsalted md5 hashes. the data was provided to hibp by <a href=""https://dehashed.com/"" target=""_blank"" rel=""noopener"">dehashed.com</a>.",https://haveibeenpwned.com/content/images/pwnedlogos/hurb.png,"['dates of birth', 'email addresses', 'ip addresses', 'names', 'passwords', 'phone numbers', 'social media profiles']",True,False,False,False,False,False,False
idtech,id tech,idtech.com,2023-01-03,2023-03-06 02:31:18+00:00,2023-03-06 02:31:18+00:00,415121,"in february 2023, the tech camps for kids service <a href=""https://twitter.com/falconfeedsio/status/1629340450149498881"" target=""_blank"" rel=""noopener"">id tech had almost 1m records posted to a popular hacking forum</a>. the data included 415k unique email addresses, names, dates of birth and plain text passwords which appear to have been breached in the previous month. id tech did not respond to multiple attempts to report the incident.",https://haveibeenpwned.com/content/images/pwnedlogos/idtech.png,"['dates of birth', 'email addresses', 'names', 'passwords']",True,False,False,False,False,False,False
idcgames,idc games,idcgames.com,2021-03-15,2021-11-17 06:41:24+00:00,2021-11-17 06:55:42+00:00,3966871,"in march 2021, <a href=""https://socradar.io/the-week-in-dark-web-19-march-2021-us-law-firms-on-target/"" target=""_blank"" rel=""noopener"">4 million records sourced from idc games were shared on a public hacking forum</a>. the data included usernames, email addresses and passwords stored as salted md5 hashes.",https://haveibeenpwned.com/content/images/pwnedlogos/idcgames.png,"['email addresses', 'passwords', 'usernames']",True,False,False,False,False,False,False
idressup,i-dressup,i-dressup.com,2016-07-15,2016-09-26 20:14:51+00:00,2016-09-26 20:14:51+00:00,2191565,"in june 2016, the teen social site known as <a href=""http://arstechnica.com/security/2016/09/social-hangout-site-for-teens-leaks-millions-of-plaintext-passwords/"" target=""_blank"" rel=""noopener"">i-dressup was hacked</a> and over 2 million user accounts were exposed. at the time the hack was reported, the i-dressup operators were not contactable and the underlying sql injection flaw remained open, allegedly exposing a total of 5.5 million accounts. the breach included email addresses and passwords stored in plain text.",https://haveibeenpwned.com/content/images/pwnedlogos/idressup.png,"['email addresses', 'passwords']",True,False,False,False,False,False,False
iimjobs,iimjobs,iimjobs.com,2018-12-31,2021-05-21 04:44:18+00:00,2021-05-21 04:45:09+00:00,4216063,"in december 2018, the indian job portal <a href=""https://www.hackread.com/indian-job-portal-iimjobs-hacked-database-leaked/"" target=""_blank"" rel=""noopener"">iimjobs suffered a data breach that exposed 4.1 million unique email addresses</a>. the data also included names, phone numbers, geographic locations, dates of birth, job titles, job applications and cover letters plus passwords stored as unsalted md5 hashes. the data was provided to hibp by <a href=""https://dehashed.com/"" target=""_blank"" rel=""noopener"">dehashed.com</a>.",https://haveibeenpwned.com/content/images/pwnedlogos/iimjobs.png,"['dates of birth', 'email addresses', 'geographic locations', 'ip addresses', 'job applications', 'job titles', 'names', 'passwords', 'phone numbers']",True,False,False,False,False,False,False
ilikecheats,ilikecheats,ilikecheats.net,2014-10-18,2018-04-22 08:18:28+00:00,2018-04-22 08:27:56+00:00,188847,"in october 2014, the game cheats website known as ilikecheats suffered a data breach that exposed 189k accounts. the vbulletin based forum leaked usernames, ip and email addresses and weak md5 hashes of passwords. the data was provided with support from <a href=""https://dehashed.com/"" target=""_blank"" rel=""noopener"">dehashed.com</a>.",https://haveibeenpwned.com/content/images/pwnedlogos/ilikecheats.png,"['email addresses', 'ip addresses', 'passwords', 'usernames']",True,False,False,False,False,False,False
imavex,imavex,imavex.com,2021-08-20,2021-08-26 05:48:29+00:00,2021-08-26 05:48:29+00:00,878209,"in august 2021, the website development company <a href=""https://www.imavex.com/breach-information/"" target=""_blank"" rel=""noopener"">imavex suffered a data breach that exposed 878 thousand unique email addresses</a>. the data included user records containing names, usernames and password material with some records also containing genders and partial credit card data, including the last 4 digits of the card and expiry date. hundreds of thousands of form submissions and orders via imavex customers were also exposed and contained further personal information of submitters and the contents of the form.",https://haveibeenpwned.com/content/images/pwnedlogos/imavex.png,"['email addresses', 'genders', 'names', 'partial credit card data', 'passwords', 'phone numbers', 'physical addresses', 'purchases', 'usernames']",True,False,False,False,False,False,False
imenu360,imenu360,imenu360.com,2022-08-11,2023-08-17 20:55:07+00:00,2023-08-17 20:55:07+00:00,3425860,"in approximately late 2022, 3.4m customer records from imenu360 (&quot;the world's #1 most trusted online ordering platform&quot;) were exposed. the data appeared to be from ordering systems using the platform and contained email and physical addresses, latitudes and longitudes, names and phone numbers. numerous attempts were made to contact imenu360 about the incident between april and august 2023, but no response was received.",https://haveibeenpwned.com/content/images/pwnedlogos/imenu360.png,"['email addresses', 'names', 'phone numbers', 'physical addresses']",True,False,False,False,False,False,False
imesh,imesh,imesh.com,2013-09-22,2016-07-02 05:42:13+00:00,2016-07-02 05:42:13+00:00,49467477,"in september 2013, the media and file sharing client known as <a href=""http://www.ibtimes.co.uk/imesh-hack-more-51-million-user-records-former-filesharing-site-sale-dark-web-1565185"" target=""_blank"" rel=""noopener"">imesh was hacked and approximately 50m accounts were exposed</a>. the data was later put up for sale on a dark market website in mid-2016 and included email and ip addresses, usernames and salted md5 hashes.",https://haveibeenpwned.com/content/images/pwnedlogos/imesh.png,"['email addresses', 'ip addresses', 'passwords', 'usernames']",True,False,False,False,False,False,False
imgur,imgur,imgur.com,2013-09-01,2017-11-25 00:00:33+00:00,2017-11-25 00:00:33+00:00,1749806,"in september 2013, the online image sharing community <a href=""http://www.zdnet.com/article/imgur-reveals-hackers-stole-login-data/"" target=""_blank"" rel=""noopener"">imgur suffered a data breach</a>. a selection of the data containing 1.7 million email addresses and passwords surfaced more than 4 years later in november 2017. although imgur stored passwords as sha-256 hashes, the data in the breach contained plain text passwords suggesting that many of the original hashes had been cracked. imgur advises that they rolled over to bcrypt hashes in 2016.",https://haveibeenpwned.com/content/images/pwnedlogos/imgur.png,"['email addresses', 'passwords']",True,False,False,False,False,False,False
indiamart,indiamart,indiamart.com,2021-05-23,2021-08-27 05:33:29+00:00,2021-08-27 05:33:29+00:00,20154583,"in august 2021, <a href=""https://economictimes.indiatimes.com/industry/services/retail/data-breach-or-data-scraping-with-over-38-million-records-up-for-grabs-indiamart-has-some-answering-to-do/articleshow/85563628.cms"" target=""_blank"" rel=""noopener"">38 million records from indian e-commerce company indiamart were found being traded on a popular hacking forum</a>. dated several months earlier, the data included over 20 million unique email addresses alongside names, phone numbers and physical addresses. it's unclear whether indiamart intentionally exposed the data attributes as part of the intended design of the platform or whether the data was obtained by exploiting a vulnerability in the service.",https://haveibeenpwned.com/content/images/pwnedlogos/indiamart.png,"['email addresses', 'names', 'phone numbers', 'physical addresses']",True,False,False,False,False,False,False
indianrailways,indian railways,indianrails.in,2019-10-28,2020-01-10 19:13:39+00:00,2020-01-10 19:13:39+00:00,583377,"in november 2019, <a href=""https://medium.com/dvuln/why-you-should-choo-choo-choose-to-have-a-vulnerability-disclosure-policy-2m-accounts-exposed-7cd7eaec4da5"" target=""_blank"" rel=""noopener"">the website for indian rail left more than 2m records exposed on an unprotected firebase database instance</a>. the exposed data included 583k unique email addresses alongside usernames and passwords stored in plain text.",https://haveibeenpwned.com/content/images/pwnedlogos/indianrailways.png,"['email addresses', 'passwords', 'usernames']",True,False,False,False,False,False,False
indihome,indihome,indihome.co.id,2019-11-01,2023-11-27 07:02:10+00:00,2023-11-27 21:36:59+00:00,12629245,"in mid-2021, <a href=""https://en.antaranews.com/news/245609/communication-ministry-studying-report-of-indihome-data-leak"" target=""_blank"" rel=""noopener"">reports emerged of a data breach of indonesia's telecommunications company, indihome</a>. over 26m rows of data alleged to have been sourced from the company was posted to a popular hacking forum and contained 12.6m unique email addresses alongside names, ip addresses, genders and geographic locations. the most recent data was stamped as being recorded in november 2019.",https://haveibeenpwned.com/content/images/pwnedlogos/indihome.png,"['device information', 'email addresses', 'genders', 'geographic locations', 'ip addresses', 'names']",True,False,False,False,False,False,False
inflatevids,inflatevids,tube.inflatevids.xyz,2023-12-12,2023-12-12 00:13:41+00:00,2023-12-12 00:13:41+00:00,13405,"in december 2023, the inflatable and balloon fetish videos website <a href=""https://twitter.com/inflatevids/status/1734114873317925294"" target=""_blank"" rel=""noopener"">inflatevids suffered a data breach</a>. the incident exposed over 13k unique email addresses alongside usernames, ip addresses, genders and sha-1 password hashes.",https://haveibeenpwned.com/content/images/pwnedlogos/inflatevids.png,"['email addresses', 'genders', 'ip addresses', 'passwords', 'usernames']",True,False,True,False,False,False,False
insanelyi,insanelyi,insanelyi.com,2014-07-22,2014-07-22 22:56:15+00:00,2014-07-22 22:56:15+00:00,104097,"in july 2014, the ios forum <a href=""http://insanelyi.com"" target=""_blank"" rel=""noopener"">insanelyi</a> was <a href=""http://securityaffairs.co/wordpress/26835/hacking/hacked-bigboss-cydia.html?utm_content=bufferc7e16"" target=""_blank"" rel=""noopener"">hacked by an attacker known as kim jong-cracks</a>. a popular source of information for users of jailbroken ios devices running cydia, the insanelyi breach disclosed over 104k users' emails addresses, user names and weakly hashed passwords (salted md5).",https://haveibeenpwned.com/content/images/pwnedlogos/insanelyi.png,"['email addresses', 'passwords', 'usernames', 'website activity']",True,False,False,False,False,False,False
instantcheckmate,instant checkmate,instantcheckmate.com,2019-04-12,2023-02-04 00:26:28+00:00,2023-02-04 00:26:28+00:00,11943887,"in 2019, the public records search service <a href=""https://www.instantcheckmate.com/security-incident-alert/"" target=""_blank"" rel=""noopener"">instant checkmate suffered a data breach that later came to light in early 2023</a>. the data included almost 12m unique customer email addresses, names, phone numbers and passwords stored as scrypt hashes.",https://haveibeenpwned.com/content/images/pwnedlogos/instantcheckmate.png,"['email addresses', 'names', 'passwords', 'phone numbers']",True,False,False,False,False,False,False
intelimost,intelimost,intelimost.com,2019-03-10,2019-04-02 20:52:19+00:00,2019-04-02 20:52:19+00:00,3073409,"in march 2019, <a href=""https://techcrunch.com/2019/04/02/inside-a-spam-operation/"" target=""_blank"" rel=""noopener"">a spam operation known as &quot;intelimost&quot; sent millions of emails appearing to come from people the recipients knew</a>. security researcher <a href=""https://securitydiscovery.com/massive-spam-operation-uncovered-in-a-database-leak/"" target=""_blank"" rel=""noopener"">bob diachenko found over 3 million unique email addresses in an exposed elasticsearch database</a>, alongside plain text passwords used to access the victim's mailbox and customise the spam.",https://haveibeenpwned.com/content/images/pwnedlogos/email.png,"['email addresses', 'passwords']",True,False,False,False,True,False,False
interpals,interpals,interpals.net,2015-11-04,2016-08-30 11:22:42+00:00,2016-08-30 11:22:42+00:00,3439414,"in late 2015, the online penpal site interpals had their website hacked and 3.4 million accounts exposed. the compromised data included email addresses, geographical locations, birthdates and salted hashes of passwords.",https://haveibeenpwned.com/content/images/pwnedlogos/interpals.png,"['dates of birth', 'email addresses', 'geographic locations', 'names', 'passwords', 'usernames']",True,False,False,False,False,False,False
ipmart,ipmart,ipmart-forum.com,2015-07-01,2016-02-23 10:13:22+00:00,2016-02-23 10:13:22+00:00,2460787,"during 2015, the <a href=""http://ipmart-forum.com"" target=""_blank"" rel=""noopener"">ipmart forum</a> (now known as mobi nuke) was hacked and over 2 million forum members' details were exposed. the vbulletin forum included ip addresses, birth dates and passwords stored as salted hashes using a weak implementation enabling many to be rapidly cracked. a further 368k accounts were added to &quot;have i been pwned&quot; in march 2016 bringing the total to over 2.4m.",https://haveibeenpwned.com/content/images/pwnedlogos/ipmart.png,"['dates of birth', 'email addresses', 'passwords', 'usernames']",True,False,False,False,False,False,False
ixigo,ixigo,ixigo.com,2019-01-03,2019-03-17 13:27:11+00:00,2019-03-17 13:27:11+00:00,17204697,"in january 2019, the travel and hotel booking site <a href=""https://techcrunch.com/2019/02/14/hacker-strikes-again/"" target=""_blank"" rel=""noopener"">ixigo suffered a data breach</a>. the data appeared for sale on a dark web marketplace the following month and included over 17m unique email addresses alongside names, genders, phone numbers, connections to facebook profiles and passwords stored as md5 hashes. the data was provided to hibp by a source who requested it to be attributed to &quot;benjaminblue@exploit.im&quot;.",https://haveibeenpwned.com/content/images/pwnedlogos/ixigo.png,"['auth tokens', 'device information', 'email addresses', 'genders', 'names', 'passwords', 'phone numbers', 'salutations', 'social media profiles', 'usernames']",True,False,False,False,False,False,False
jamtangan,jam tangan,jamtangan.com,2021-07-06,2023-11-27 03:49:33+00:00,2023-11-27 03:49:33+00:00,434784,"in july 2021, the online indonesian watch store, jam tangan (aka machtwatch), suffered a data breach that exposed over 400k customer records which were subsequently posted to a popular hacking forum. the data included email and ip addresses, names, phone numbers, physical addresses and passwords stored as either unsalted md5 or bcrypt hashes.",https://haveibeenpwned.com/content/images/pwnedlogos/jamtangan.png,"['email addresses', 'ip addresses', 'names', 'passwords', 'phone numbers', 'physical addresses']",True,False,False,False,False,False,False
james,james,jamesdelivery.com.br,2020-03-25,2020-11-05 04:34:51+00:00,2020-11-05 04:34:51+00:00,1541284,"in june 2020, <a href=""https://www.binarydefense.com/threat_watch/seller-floods-forums-with-stolen-data/"" target=""_blank"" rel=""noopener"">14 previously undisclosed data breaches appeared for sale</a> including the brazilian delivery service, &quot;james&quot;. the breach occurred in march 2020 and exposed 1.5m unique email addresses, customer locations expressed in longitude and latitude and passwords stored as bcrypt hashes. the data was provided to hibp by <a href=""https://dehashed.com/"" target=""_blank"" rel=""noopener"">dehashed.com</a>.",https://haveibeenpwned.com/content/images/pwnedlogos/james.png,"['email addresses', 'geographic locations', 'passwords']",True,False,False,False,False,False,False
jd,jd,jd.com,2013-01-01,2021-06-02 07:06:02+00:00,2021-06-02 07:06:02+00:00,77449341,"in 2013 (exact date unknown), the chinese e-commerce service <a href=""https://ecommercechinaagency.com/jd-ecommerce-giant-made-apology-user-data-leakage/"" target=""_blank"" rel=""noopener"">jd suffered a data breach</a> that exposed 13gb of data containing 77 million unique email addresses. the data also included usernames, phone numbers and passwords stored as sha-1 hashes. the data was provided to hibp by a source who requested it be attributed to &quot;white_peacock@riseup.net&quot;.",https://haveibeenpwned.com/content/images/pwnedlogos/jd.png,"['email addresses', 'passwords', 'phone numbers', 'usernames']",True,False,False,False,False,False,False
jdgroup,jd group,jdgroup.co.za,2023-05-31,2023-06-05 19:47:51+00:00,2023-06-05 19:47:51+00:00,521878,"in may 2023, the south african retailer <a href=""https://mybroadband.co.za/news/security/494239-half-a-million-customers-hit-by-incredible-hifi-corp-and-everyshop-data-breach.html"" target=""_blank"" rel=""noopener"">jd group announced a data breach affecting a number of their online assets</a> including bradlows, everyshop, hifi corp, incredible (connection), rochester, russells, and sleepmasters. the breach exposed over 520k unique customer records including names, email and physical addresses, phone numbers and south african id numbers.",https://haveibeenpwned.com/content/images/pwnedlogos/jdgroup.png,"['email addresses', 'government issued ids', 'names', 'phone numbers', 'physical addresses']",True,False,False,False,False,False,False
jefit,jefit,jefit.com,2020-08-11,2021-04-27 23:29:31+00:00,2021-04-27 23:29:31+00:00,9052457,"in august 2020, the workout tracking app <a href=""https://www.jefit.com/jefit-news-product-updates/jefit-data-incident-public-announcement"" target=""_blank"" rel=""noopener"">jefit suffered a data breach</a>. the data was subsequently sold within the hacking community and included over 9 million email and ip addresses, usernames and passwords stored as either vbulletin or argon2 hashes. several million cracked passwords later appeared in broad circulation.",https://haveibeenpwned.com/content/images/pwnedlogos/jefit.png,"['email addresses', 'ip addresses', 'passwords', 'usernames']",True,False,False,False,False,False,False
jobandtalent,jobandtalent,jobandtalent.com,2018-02-01,2021-01-17 22:31:00+00:00,2021-01-17 22:31:00+00:00,10981207,"in approximately february 2018, <a href=""https://www.zdnet.com/article/hacker-puts-up-for-sale-third-round-of-hacked-databases-on-the-dark-web/"" target=""_blank"" rel=""noopener"">the employment website jobandtalent suffered a data breach which then appeared for sale alongside other breaches a year later</a>. the incident impacted 11 million subscribers and exposed their names, email and ip addresses and passwords stored as salted sha-1 hashes.",https://haveibeenpwned.com/content/images/pwnedlogos/jobandtalent.png,"['email addresses', 'ip addresses', 'names', 'passwords']",True,False,False,False,False,False,False
jobstreet,jobstreet,jobstreet.com,2012-03-07,2017-10-30 01:12:14+00:00,2017-10-30 01:12:14+00:00,3883455,"in october 2017, the malaysian website <a href=""https://www.lowyat.net/2017/145654/personal-data-millions-malaysians-sale-source-breach-still-unknown/"" target=""_blank"" rel=""noopener"">lowyat.net ran a story on a massive set of breached data affecting millions of malaysians</a> after someone posted it for sale on their forums. the data spanned multiple separate breaches including <a href=""https://www.jobstreet.com/"" target=""_blank"" rel=""noopener"">the jobstreet jobs website</a> which contained almost 4 million unique email addresses. the dates in the breach indicate the incident occurred in march 2012. the data later appeared freely downloadable on a tor hidden service and contained extensive information on job seekers including names, genders, birth dates, phone numbers, physical addresses and passwords.",https://haveibeenpwned.com/content/images/pwnedlogos/jobstreet.png,"['dates of birth', 'email addresses', 'genders', 'geographic locations', 'government issued ids', 'marital statuses', 'names', 'nationalities', 'passwords', 'phone numbers', 'physical addresses', 'usernames']",True,False,False,False,False,False,False
jobzone,jobzone,jobzone.co.il,2023-04-15,2023-08-15 02:43:10+00:00,2023-08-15 02:43:10+00:00,29708,"in april 2023, <a href=""https://twitter.com/palcybernews/status/1647208008806461440"" target=""_blank"" rel=""noopener"">data from the israeli jobs website jobzone was posted online</a>. the data included 30k records of email addresses, names, social security numbers, genders, dates of birth, fathers' names and physical addresses.",https://haveibeenpwned.com/content/images/pwnedlogos/jobzone.png,"['dates of birth', 'email addresses', ""family members' names"", 'genders', 'government issued ids', 'names', 'phone numbers', 'physical addresses']",True,False,False,False,False,False,False
joomlart,joomlart,joomlart.com,2018-01-30,2018-11-01 03:27:26+00:00,2020-08-07 03:20:30+00:00,22477,"in january 2018, the joomla template website <a href=""https://www.joomlart.com/"" target=""_blank"" rel=""noopener"">joomlart</a> inadvertently exposed more than 22k unique customer records in a jira ticket. the exposed data was from ijoomla and jomsocial, both services that <a href=""https://www.joomlart.com/blog/joomlart-acquires-ijoomla-and-jomsocial"" target=""_blank"" rel=""noopener"">joomlart acquired the previous year</a>. the data included usernames, email addresses, purchases and passwords stored as md5 hashes. when contacted, joomlart advised they were aware of the incident and had previously notified impacted parties.",https://haveibeenpwned.com/content/images/pwnedlogos/joomlart.png,"['email addresses', 'names', 'passwords', 'payment histories', 'usernames']",True,False,False,False,False,False,False
joygames,joygames,joygames.me,2019-12-14,2023-12-07 05:52:24+00:00,2023-12-07 05:52:24+00:00,4461787,"in december 2019, the forum for the joygames website suffered a data breach that exposed 4.5m unique email addresses. the impacted data also included usernames, ip addresses and salted md5 password hashes.",https://haveibeenpwned.com/content/images/pwnedlogos/joygames.png,"['email addresses', 'ip addresses', 'passwords', 'usernames']",True,False,False,False,False,False,False
jukinmedia,jukinmedia,jukinmedia.com,2021-10-28,2022-07-17 04:50:13+00:00,2022-07-17 04:55:21+00:00,314290,"in october 2021, the &quot;global leader in user-generated entertainment&quot; <a href=""https://www.databreaches.net/jukin-media-hacked-and-data-dumped-while-company-claims-a-password-reset-is-required-due-to-a-security-upgrade/"" target=""_blank"" rel=""noopener"">jukin media suffered a data breach</a>. the breach exposed 13gb of code, configuration and data consisting of 314k unique email addresses along with names, phone numbers, ip addresses and bcrypt password hashes.",https://haveibeenpwned.com/content/images/pwnedlogos/jukinmedia.png,"['email addresses', 'employers', 'ip addresses', 'names', 'occupations', 'passwords', 'phone numbers']",True,False,False,False,False,False,False
justdate,justdate.com,justdate.com,2016-09-29,2017-02-07 01:28:41+00:00,2017-02-07 01:28:41+00:00,24451312,"an alleged breach of the dating website <a href=""http://www.justdate.com/"" target=""_blank"" rel=""noopener"">justdate.com</a> began circulating in approximately september 2016. comprised of over 24 million records, the data contained various personal attributes such as email addresses, dates of birth and physical locations. however, upon verification with hibp subscribers, only a fraction of the data was found to be accurate and no account owners recalled using the justdate.com service. this breach has consequently been flagged as <a href=""https://www.troyhunt.com/introducing-fabricated-data-breaches-to-have-i-been-pwned"" target=""_blank"" rel=""noopener"">fabricated</a>; it's highly unlikely the data was sourced from justdate.com.",https://haveibeenpwned.com/content/images/pwnedlogos/justdate.png,"['dates of birth', 'email addresses', 'geographic locations', 'names']",False,True,True,False,False,False,False
kaneva,kaneva,kaneva.com,2016-07-01,2023-12-09 07:00:29+00:00,2023-12-09 07:00:29+00:00,3901179,"in july 2016, now defunct website kaneva, the service to &quot;build and explore virtual worlds&quot;, suffered a data breach that exposed 3.9m user records. the data included email addresses, usernames, dates of birth and salted md5 password hashes.",https://haveibeenpwned.com/content/images/pwnedlogos/kaneva.png,"['dates of birth', 'email addresses', 'passwords', 'usernames']",True,False,False,False,False,False,False
kasperskyclub,kaspersky club,kasperskyclub.ru,2024-03-24,2024-04-09 06:22:14+00:00,2024-04-09 06:22:14+00:00,55971,"in march 2024, the independent fan forum <a href=""https://www.hackread.com/57000-kaspersky-fan-club-forum-data-breach/"" target=""_blank"" rel=""noopener"">kaspersky club suffered a data breach</a>. the incident exposed 56k unique email addresses alongside usernames, ip addresses and passwords stored as either md5 or bcrypt hashes.",https://haveibeenpwned.com/content/images/pwnedlogos/kasperskyclub.png,"['email addresses', 'ip addresses', 'passwords', 'usernames']",True,False,False,False,False,False,False
kayomoe,kayo.moe credential stuffing list,,2018-09-11,2018-09-13 09:37:49+00:00,2018-09-13 20:12:18+00:00,41826763,"in september 2018, a collection of almost 42 million email address and plain text password pairs was uploaded to the anonymous file sharing service <a href=""https://kayo.moe/"" target=""_blank"" rel=""noopener"">kayo.moe</a>. the operator of the service contacted hibp to report the data which, upon further investigation, turned out to be a large credential stuffing list. for more information, read about <a href=""https://www.troyhunt.com/the-42m-record-kayo-moe-credential-stuffing-data"" target=""_blank"" rel=""noopener"">the 42m record kayo.moe credential stuffing data</a>.",https://haveibeenpwned.com/content/images/pwnedlogos/list.png,"['email addresses', 'passwords']",False,False,False,False,False,False,False
kickstarter,kickstarter,kickstarter.com,2014-02-16,2017-10-06 07:29:07+00:00,2017-10-06 07:29:07+00:00,5176463,"in february 2014, the crowdfunding platform <a href=""https://www.kickstarter.com/blog/important-kickstarter-security-notice"" target=""_blank"" rel=""noopener"">kickstarter announced they'd suffered a data breach</a>. the breach contained almost 5.2 million unique email addresses, usernames and salted sha1 hashes of passwords.",https://haveibeenpwned.com/content/images/pwnedlogos/kickstarter.png,"['email addresses', 'passwords']",True,False,False,False,False,False,False
kimsufi,kimsufi,kimsufi.com,2015-05-01,2016-12-27 07:05:43+00:00,2016-12-27 07:05:43+00:00,504565,"in mid-2015, the forum for the providers of affordable dedicated servers known as <a href=""https://www.kimsufi.com"" target=""_blank"" rel=""noopener"">kimsufi</a> suffered a data breach. the vbulletin forum contained over half a million accounts including usernames, email and ip addresses and passwords stored as salted md5 hashes.",https://haveibeenpwned.com/content/images/pwnedlogos/kimsufi.png,"['email addresses', 'ip addresses', 'passwords', 'usernames']",True,False,False,False,False,False,False
kitchenpal,kitchenpal,kitchenpalapp.com,2023-11-14,2023-11-24 20:42:36+00:00,2023-11-24 20:42:36+00:00,98726,"in november 2023, the kitchen management application <a href=""https://restoreprivacy.com/hackers-claim-attack-on-general-electric-leak-data-samples/"" target=""_blank"" rel=""noopener"">kitchenpal suffered a data breach that exposed 146k lines of data</a>. when contacted about the incident, kitchenpal advised the corpus of data came from a staging environment, although acknowledged it contained a small number of users for debugging purposes and included passwords that could not be used. impacted data included almost 100k email addresses, names, geolocations and incomplete data on dates of birth, genders, height and weight, social media profile identifiers and bcrypt password hashes.",https://haveibeenpwned.com/content/images/pwnedlogos/kitchenpal.png,"['dates of birth', 'email addresses', 'genders', 'geographic locations', 'names', 'passwords', 'physical attributes', 'social media profiles']",True,False,False,False,False,False,False
kiwifarms,kiwifarms,kiwifarms.net,2019-09-10,2019-09-17 09:48:25+00:00,2019-09-17 09:54:23+00:00,4606,"in september 2019, the forum for discussing &quot;lolcows&quot; (people who can be milked for laughs) <a href=""https://kiwifarms.net/threads/dealing-with-the-compromise.60767/"" target=""_blank"" rel=""noopener"">kiwi farms suffered a data breach</a>. the disclosure notice advised that email and ip addresses, dates of birth and content created by members were all exposed in the incident.",https://haveibeenpwned.com/content/images/pwnedlogos/kiwifarms.png,"['avatars', 'dates of birth', 'email addresses', 'ip addresses', 'website activity']",True,False,False,False,False,False,False
kmru,km.ru,km.ru,2016-02-29,2016-03-03 06:12:04+00:00,2016-03-03 06:12:04+00:00,1476783,"in february 2016, the russian portal and email service <a href=""http://km.ru"" target=""_blank"" rel=""noopener"">km.ru</a> was the target of an attack which was consequently <a href=""https://www.reddit.com/r/pwned/comments/47u1bf/operation_wrath_of_anakin_evolved"" target=""_blank"" rel=""noopener"">detailed on reddit</a>. allegedly protesting &quot;the foreign policy of russia in regards to ukraine&quot;, km.ru was one of several russian sites in the breach and impacted almost 1.5m accounts including sensitive personal information.",https://haveibeenpwned.com/content/images/pwnedlogos/kmru.png,"['dates of birth', 'email addresses', 'genders', 'geographic locations', 'recovery email addresses', 'security questions and answers', 'usernames']",True,False,False,False,False,False,False
knowncircle,knowncircle,knowncircle.com,2016-04-12,2018-11-17 02:33:54+00:00,2018-11-17 02:38:15+00:00,1957600,"in approximately april 2016, the &quot;marketing automation for agents and professional service providers&quot; company <a href=""https://web.archive.org/web/20171020171534/https://knowncircle.com/"" target=""_blank"" rel=""noopener"">knowncircle</a> had a large volume of data obtained by an external party. the data belonging to the now defunct service appeared in json format and contained gigabytes of data related to the real estate and insurance sectors. the personal data in the breach appears to have primarily been used for marketing purposes, including logs of emails sent and tracking of gift cards. a small number of passwords for knowncircle staff were also present and were stored as bcrypt hashes.",https://haveibeenpwned.com/content/images/pwnedlogos/knowncircle.png,"['email addresses', 'email messages', 'genders', 'names', 'passwords', 'phone numbers', 'physical addresses']",True,False,False,False,False,False,False
knuddels,knuddels,knuddels.de,2018-09-05,2019-04-08 21:11:56+00:00,2019-04-08 21:11:56+00:00,808330,"in september 2018, the german social media website <a href=""https://forum.knuddels.de/ubbthreads.php?ubb=showflat&number=2916081"" target=""_blank"" rel=""noopener"">knuddels suffered a data breach</a>. the incident exposed 808k unique email addresses alongside usernames, real names, the city of the person and their password in plain text. knuddels was <a href=""https://blog.avira.com/german-flirting-network-gets-fined-20000e-for-leaking-user-information/"" target=""_blank"" rel=""noopener"">subsequently fined €20k for the breach</a>.",https://haveibeenpwned.com/content/images/pwnedlogos/knuddels.png,"['email addresses', 'geographic locations', 'names', 'passwords', 'usernames']",True,False,False,False,False,False,False
komplettfritid,komplettfritid,komplettfritid.no,2021-02-01,2023-01-23 22:24:47+00:00,2023-01-23 22:24:47+00:00,139401,"in january 2023, <a href=""https://www.digi.no/artikler/selger-datalekkasje-med-140-000-berorte-kunder-fra-lars-monsens-nettbutikk/525070"" target=""_blank"" rel=""noopener"">the online norwegian store komplettfritid was reported as having had a data breach dating back to february 2021</a>. the incident exposed 140k customer records including physical, email and ip addresses, names, phone numbers and passwords. most passwords were stored as bcrypt hashes with a small number appearing in plain text.",https://haveibeenpwned.com/content/images/pwnedlogos/komplettfritid.png,"['email addresses', 'ip addresses', 'names', 'passwords', 'phone numbers', 'physical addresses']",True,False,False,False,False,False,False
kreditplus,kreditplus,kreditplus.com,2020-06-23,2020-08-03 03:52:51+00:00,2020-08-07 03:47:45+00:00,768890,"in june 2020, the indonesian credit service <a href=""https://nakedsecurity.sophos.com/2020/07/02/133m-records-for-sale-as-fruits-of-data-breach-spree-keep-raining-down/"" target=""_blank"" rel=""noopener"">kreditplus suffered a data breach</a> which exposed 896k records containing 769k unique email addresses. the breach exposed extensive personal information including names, family makeup, information on spouses, income and expenses, religions and employment information. the data was provided to hibp by <a href=""https://breachbase.pw/"" target=""_blank"" rel=""noopener"">breachbase.pw</a>.",https://haveibeenpwned.com/content/images/pwnedlogos/kreditplus.png,"['dates of birth', 'email addresses', 'employers', 'family structure', 'genders', 'income levels', 'living costs', 'marital statuses', 'mothers maiden names', 'names', 'phone numbers', 'physical addresses', 'places of birth', 'religions', 'spouses names']",True,False,False,False,False,False,False
lapostemobile,la poste mobile,lapostemobile.fr,2022-07-04,2022-07-14 00:29:21+00:00,2022-07-14 00:57:52+00:00,533886,"in july 2022, the french telecommunications company <a href=""https://securityaffairs.co/wordpress/133080/cyber-crime/la-poste-mobile-ransomware.html"" target=""_blank"" rel=""noopener"">la poste mobile was the target of an attack by the lockbit ransomware</a> which resulted in company data being published publicly. the impacted data included 533k unique email addresses along with names, physical addresses, phone numbers, dates of births, genders and banking information. 10 days after the attack, the la poste mobile website remained offline.",https://haveibeenpwned.com/content/images/pwnedlogos/lapostemobile.png,"['bank account numbers', 'dates of birth', 'email addresses', 'genders', 'names', 'phone numbers', 'physical addresses']",True,False,False,False,False,False,False
lanwar,lanwar,lanwar.com,2018-07-28,2018-08-08 02:57:06+00:00,2018-08-08 02:57:06+00:00,45120,"in july 2018, staff of <a href=""https://lanwar.com/"" target=""_blank"" rel=""noopener"">the lanwar gaming site</a> discovered a data breach they believe dates back to sometime over the previous several months. the data contained 45k names, email addresses, usernames and plain text passwords. a lanwar staff member self-submitted the breach to hibp and has also contacted the relevant authorities about the incident after identifying a phishing attempt to extort bitcoin from a user.",https://haveibeenpwned.com/content/images/pwnedlogos/lanwar.png,"['email addresses', 'names', 'passwords', 'physical addresses', 'usernames']",True,False,False,False,False,False,False
lastfm,last.fm,last.fm,2012-03-22,2016-09-20 20:00:49+00:00,2016-09-20 20:00:49+00:00,37217682,"in march 2012, the music website <a href=""https://techcrunch.com/2016/09/01/43-million-passwords-hacked-in-last-fm-breach/"" target=""_blank"" rel=""noopener"">last.fm was hacked</a> and 43 million user accounts were exposed. whilst <a href=""http://www.last.fm/passwordsecurity"" target=""_blank"" rel=""noopener"">last.fm knew of an incident back in 2012</a>, the scale of the hack was not known until the data was released publicly in september 2016. the breach included 37 million unique email addresses, usernames and passwords stored as unsalted md5 hashes.",https://haveibeenpwned.com/content/images/pwnedlogos/lastfm.png,"['email addresses', 'passwords', 'usernames', 'website activity']",True,False,False,False,False,False,False
lazada,lazada redmart,redmart.lazada.sg,2020-07-30,2020-11-10 00:58:49+00:00,2020-11-10 01:01:56+00:00,1107789,"in october 2020, <a href=""https://www.bleepingcomputer.com/news/security/over-1m-lazada-redmart-accounts-sold-online-after-data-breach/"" target=""_blank"" rel=""noopener"">news broke of lazada redmart data breach</a> containing records as recent as july 2020 and being sold via an online marketplace. in all, the data contained 1.1 million customer email addresses alongside names, phone numbers, physical addresses, partial credit card numbers and passwords stored as sha-1 hashes.",https://haveibeenpwned.com/content/images/pwnedlogos/lazada.png,"['email addresses', 'names', 'partial credit card data', 'passwords', 'phone numbers', 'physical addresses']",True,False,False,False,False,False,False
lbb,lbb,lbb.in,2019-02-14,2023-03-05 07:35:48+00:00,2023-03-05 07:35:48+00:00,39288,"in august 2022, customer data of <a href=""https://lbb.in/"" target=""_blank"" rel=""noopener"">the indian shopping site &quot;lbb&quot; (little black book)</a> was posted to a popular hacking forum. the data contained over 3m records with 39k unique email addresses alongside ip and physical addresses, names and device information with the most recent data dating back to early 2019. lbb advised they believe the data was exposed by a third party service and whilst it contained information they retain on their customers, it had also been enriched with additional data attributes.",https://haveibeenpwned.com/content/images/pwnedlogos/lbb.png,"['browser user agent details', 'email addresses', 'ip addresses', 'names', 'physical addresses']",True,False,False,False,False,False,False
leslipfrancais,le slip français,leslipfrancais.fr,2024-04-13,2024-04-18 07:44:32+00:00,2024-04-18 07:44:32+00:00,1495127,"in april 2024, the french underwear maker <a href=""https://twitter.com/troyhunt/status/1780856574787064075"" target=""_blank"" rel=""noopener"">le slip français suffered a data breach</a>. the breach included 1.5m email addresses, physical addresses, names and phone numbers.",https://haveibeenpwned.com/content/images/pwnedlogos/leslipfrancais.png,"['email addresses', 'names', 'phone numbers', 'physical addresses']",True,False,False,False,False,False,False
leadhunter,lead hunter,,2020-03-04,2020-06-03 10:55:31+00:00,2020-06-03 10:55:31+00:00,68693853,"in march 2020, <a href=""https://www.troyhunt.com/the-unattributable-lead-hunter-data-breach"" target=""_blank"" rel=""noopener"">a massive trove of personal information referred to as &quot;lead hunter&quot;</a> was provided to hibp after being found left exposed on a publicly facing elasticsearch server. the data contained 69 million unique email addresses across 110 million rows of data accompanied by additional personal information including names, phone numbers, genders and physical addresses. at the time of publishing, the breach could not be attributed to those responsible for obtaining and exposing it. the data was provided to hibp by <a href=""https://dehashed.com/"" target=""_blank"" rel=""noopener"">dehashed.com</a>.",https://haveibeenpwned.com/content/images/pwnedlogos/list.png,"['email addresses', 'genders', 'ip addresses', 'names', 'phone numbers', 'physical addresses']",True,False,False,False,False,False,False
leagueoflegends,league of legends,leagueoflegends.com,2012-06-11,2018-07-28 21:52:12+00:00,2018-07-28 21:52:12+00:00,339487,"in june 2012, the multiplayer online game <a href=""https://www.cio.com/article/2395205/security0/european-league-of-legends-game-players-have-their-account-data-compromised.html"" target=""_blank"" rel=""noopener"">league of legends suffered a data breach</a>. at the time, the service had more than 32 million registered accounts and the breach affected various personal data attributes including &quot;encrypted&quot; passwords. in 2018, a 339k record subset of the data emerged with email addresses, usernames and plain text passwords, likely cracked from the original cryptographically protected ones.",https://haveibeenpwned.com/content/images/pwnedlogos/leagueoflegends.png,"['email addresses', 'passwords', 'usernames']",True,False,False,False,False,False,False
leakedreality,leaked reality,leakedreality.com,2022-01-31,2023-03-31 01:38:59+00:00,2023-03-31 01:38:59+00:00,114907,"in january 2022, <a href=""https://twitter.com/leakedreality/status/1531953947216338945"" target=""_blank"" rel=""noopener"">the now defunct uncensored video website leaked reality</a> suffered a data breach that exposed 115k unique email addresses. the data also included usernames, ip addresses and passwords stored as either md5 or phpass hashes.",https://haveibeenpwned.com/content/images/pwnedlogos/leakedreality.png,"['email addresses', 'ip addresses', 'passwords', 'usernames']",True,False,False,False,False,False,False
ledger,ledger,ledger.com,2020-06-25,2020-12-20 21:14:56+00:00,2020-12-20 21:14:56+00:00,1075241,"in june 2020, the hardware crypto wallet manufacturer <a href=""https://www.ledger.com/addressing-the-july-2020-e-commerce-and-marketing-data-breach"" target=""_blank"" rel=""noopener"">ledger suffered a data breach that exposed over 1 million email addresses</a>. the data was initially sold before being dumped publicly in december 2020 and included names, physical addresses and phone numbers. the data was provided to hibp by <a href=""https://twitter.com/underthebreach"" target=""_blank"" rel=""noopener"">alon gal, cto of cybercrime intelligence firm hudson rock</a>.",https://haveibeenpwned.com/content/images/pwnedlogos/ledger.png,"['email addresses', 'names', 'phone numbers', 'physical addresses']",True,False,False,False,False,False,False
leet,leet,leet.cc,2016-09-10,2016-09-30 22:00:48+00:00,2016-09-30 22:00:48+00:00,5081689,"in august 2016, the service for creating and running pocket minecraft edition servers known as <a href=""http://news.softpedia.com/news/data-for-6-million-minecraft-gamers-stolen-from-leet-cc-servers-507445.shtml"" target=""_blank"" rel=""noopener"">leet was reported as having suffered a data breach that impacted 6 million subscribers</a>. the incident reported by softpedia had allegedly taken place earlier in the year, although the data set sent to hibp was dated as recently as early september but contained only 2 million subscribers. the data included usernames, email and ip addresses and sha512 hashes. a further 3 million accounts were obtained and added to hibp several days after the initial data was loaded bringing the total to over 5 million.",https://haveibeenpwned.com/content/images/pwnedlogos/leet.png,"['email addresses', 'ip addresses', 'passwords', 'usernames', 'website activity']",True,False,False,False,False,False,False
legendastv,legendas.tv,legendas.tv,2017-10-01,2024-01-04 17:10:04+00:00,2024-01-04 17:10:04+00:00,3869181,"in october 2017, the now defunct brazilian service for retrieving subtitles in portuguese <a href=""https://www.hackread.com/dark-web-hacker-selling-accounts-on-dream-market/"" target=""_blank"" rel=""noopener"">legendas.tv suffered a data breach that exposed nearly 4m customer records</a>. the impacted data included names, usernames, email and ip addresses and unsalted sha-1 hashes.",https://haveibeenpwned.com/content/images/pwnedlogos/legendastv.png,"['email addresses', 'ip addresses', 'names', 'passwords', 'usernames']",True,False,False,False,False,False,False
lifebear,lifebear,lifebear.com,2019-02-28,2020-05-25 04:02:18+00:00,2020-05-25 04:02:18+00:00,3670561,"in early 2019, the japanese schedule app <a href=""https://www.zdnet.com/article/round-4-hacker-returns-and-puts-26mil-user-records-for-sale-on-the-dark-web/"" target=""_blank"" rel=""noopener"">lifebear appeared for sale on a dark web marketplace amongst a raft of other hacked websites</a>. the breach exposed almost 3.7m unique email addresses, usernames and passwords stored as salted md5 hashes. the data was provided to hibp by a source who requested it be attributed to &quot;nano@databases.pw&quot;.",https://haveibeenpwned.com/content/images/pwnedlogos/lifebear.png,"['email addresses', 'passwords', 'usernames']",True,False,False,False,False,False,False
lifeboat,lifeboat,lbsg.net,2016-01-01,2016-04-25 21:51:50+00:00,2016-04-25 21:51:50+00:00,7089395,"in january 2016, the minecraft community known as lifeboat <a href=""https://motherboard.vice.com/read/another-day-another-hack-7-million-emails-and-hashed-passwords-for-minecraft"" target=""_blank"" rel=""noopener"">was hacked and more than 7 million accounts leaked</a>. lifeboat knew of the incident for three months before the breach was made public but elected not to advise customers. the leaked data included usernames, email addresses and passwords stored as straight md5 hashes.",https://haveibeenpwned.com/content/images/pwnedlogos/lifeboat.png,"['email addresses', 'passwords', 'usernames']",True,False,False,False,False,False,False
lightshope,light's hope,lightshope.org,2018-06-25,2018-07-04 13:32:01+00:00,2018-07-04 13:32:01+00:00,30484,"in june 2018, the world of warcraft service <a href=""https://lightshope.org/news/forum-breach-summary-of-investigation-and-final-report"" target=""_blank"" rel=""noopener"">light's hope suffered a data breach</a> which they subsequently self-submitted to hibp. over 30k unique users were impacted and their exposed data included email addresses, dates of birth, private messages and passwords stored as bcrypt hashes.",https://haveibeenpwned.com/content/images/pwnedlogos/lightshope.png,"['dates of birth', 'email addresses', 'geographic locations', 'ip addresses', 'passwords', 'private messages', 'usernames']",True,False,False,False,False,False,False
liker,liker,liker.com,2021-03-08,2021-03-13 04:15:16+00:00,2021-03-24 01:57:46+00:00,465141,"in march 2021, the self-proclaimed &quot;kinder, smarter social network&quot; <a href=""https://liker.com/"" target=""_blank"" rel=""noopener"">liker</a> suffered a data breach, allegedly in retaliation for the gab data breach and scraping of data from parler. the site remained offline after the breach which exposed 465k email addresses in addition to names, dates of birth, education levels, private messages, security questions and answers in plain text, passwords stored as bcrypt hashes and other personal data attributes. liker did not respond when contacted about the breach.",https://haveibeenpwned.com/content/images/pwnedlogos/liker.png,"['auth tokens', 'dates of birth', 'education levels', 'email addresses', 'geographic locations', 'ip addresses', 'names', 'passwords', 'phone numbers', 'private messages', 'security questions and answers', 'social media profiles', 'usernames']",True,False,False,False,False,False,False
limevpn,limevpn,limevpn.com,2020-10-08,2023-02-06 21:42:01+00:00,2023-02-06 21:42:01+00:00,23348,"in october 2020, the vpn provider <a href=""https://threatpost.com/hacked-data-limevpn-dark-web/167492/"" target=""_blank"" rel=""noopener"">limevpn suffered a data breach that exposed the personal information of tens of thousands of customers</a>. the data included email, ip and physical addresses, names, phone numbers, purchase histories and passwords stored as salted md5 hashes.",https://haveibeenpwned.com/content/images/pwnedlogos/limevpn.png,"['email addresses', 'ip addresses', 'names', 'passwords', 'phone numbers', 'physical addresses', 'purchases']",True,False,False,False,False,False,False
linkedin,linkedin,linkedin.com,2012-05-05,2016-05-21 21:35:40+00:00,2016-05-21 21:35:40+00:00,164611595,"in may 2016, <a href=""https://www.troyhunt.com/observations-and-thoughts-on-the-linkedin-data-breach"" target=""_blank"" rel=""noopener"">linkedin had 164 million email addresses and passwords exposed</a>. originally hacked in 2012, the data remained out of sight until being offered for sale on a dark market site 4 years later. the passwords in the breach were stored as sha1 hashes without salt, the vast majority of which were quickly cracked in the days following the release of the data.",https://haveibeenpwned.com/content/images/pwnedlogos/linkedin.png,"['email addresses', 'passwords']",True,False,False,False,False,False,False
linkedinscrape2023,linkedin scraped and faked data (2023),linkedin.com,2023-11-04,2023-11-07 07:12:02+00:00,2023-11-08 04:43:15+00:00,19788753,"in november 2023, <a href=""https://troyhunt.com/hackers-scrapers-fakers-whats-really-inside-the-latest-linkedin-dataset"" target=""_blank"" rel=""noopener"">a post to a popular hacking forum alleged that millions of linkedin records had been scraped and leaked</a>. on investigation, the data turned out to be a combination of legitimate data scraped from linkedin and email addresses constructed from impacted individuals' names.",https://haveibeenpwned.com/content/images/pwnedlogos/linkedin.png,"['email addresses', 'genders', 'geographic locations', 'job titles', 'names', 'professional skills', 'social media profiles']",True,False,False,False,True,False,False
linkedinscrape,linkedin scraped data (2021),linkedin.com,2021-04-08,2021-10-02 21:39:21+00:00,2023-11-07 06:51:33+00:00,125698496,"during the first half of 2021, <a href=""https://www.businessinsider.com.au/linkedin-data-scraped-500-million-users-for-sale-online-2021-4"" target=""_blank"" rel=""noopener"">linkedin was targeted by attackers who scraped data from hundreds of millions of public profiles and later sold them online</a>. whilst the scraping did not constitute a data breach nor did it access any personal data not intended to be publicly accessible, the data was still monetised and later broadly circulated in hacking circles. the scraped data contains approximately 400m records with 125m unique email addresses, as well as names, geographic locations, genders and job titles. linkedin specifically addresses the incident in their post on <a href=""https://news.linkedin.com/2021/june/an-update-from-linkedin"" target=""_blank"" rel=""noopener"">an update on report of scraped data</a>.",https://haveibeenpwned.com/content/images/pwnedlogos/linkedin.png,"['education levels', 'email addresses', 'genders', 'geographic locations', 'job titles', 'names', 'social media profiles']",True,False,False,False,False,False,False
linuxforums,linux forums,linuxforums.org,2018-05-01,2018-06-07 12:55:25+00:00,2018-06-07 12:55:25+00:00,275785,"in may 2018, <a href=""http://www.linuxforums.org"" target=""_blank"" rel=""noopener"">the linux forums website</a> suffered a data breach which resulted in the disclosure of 276k unique email addresses. running on an old version of vbulletin, the breach also disclosed usernames, ip addresses and salted md5 password hashes. linux forums did not respond to multiple attempts to contact them about the breach.",https://haveibeenpwned.com/content/images/pwnedlogos/linuxforums.png,"['email addresses', 'ip addresses', 'passwords', 'usernames']",True,False,False,False,False,False,False
linuxmint,linux mint,linuxmint.com,2016-02-21,2016-02-22 01:28:08+00:00,2016-02-22 01:28:08+00:00,144989,"in february 2016, the website for the linux distro known as linux mint <a href=""http://thehackernews.com/2016/02/linux-mint-hack.html"" target=""_blank"" rel=""noopener"">was hacked and the iso infected with a backdoor</a>. the site also ran a phpbb forum which was subsequently put up for sale complete with almost 145k email addresses, passwords and other personal subscriber information.",https://haveibeenpwned.com/content/images/pwnedlogos/linuxmint.png,"['avatars', 'dates of birth', 'email addresses', 'geographic locations', 'ip addresses', 'passwords', 'time zones', 'website activity']",True,False,False,False,False,False,False
littlemonsters,little monsters,littlemonsters.com,2017-01-01,2017-03-07 20:39:08+00:00,2017-03-07 20:39:08+00:00,995698,"in approximately january 2017, <a href=""https://www.heise.de/security/meldung/little-monsters-nutzerdaten-aus-lady-gagas-social-network-sollen-geleakt-sein-3646447.html"" target=""_blank"" rel=""noopener"">the lady gaga fan site known as &quot;little monsters&quot; suffered a data breach that impacted 1 million accounts</a>. the data contained usernames, email addresses, dates of birth and bcrypt hashes of passwords.",https://haveibeenpwned.com/content/images/pwnedlogos/littlemonsters.png,"['dates of birth', 'email addresses', 'passwords', 'usernames']",True,False,False,False,False,False,False
liveauctioneers,liveauctioneers,liveauctioneers.com,2020-06-19,2020-08-22 04:38:40+00:00,2020-08-22 04:54:52+00:00,3385862,"in june 2020, the online antiques marketplace <a href=""https://portswigger.net/daily-swig/liveauctioneers-data-breach-millions-of-cracked-passwords-for-sale-say-researchers"" target=""_blank"" rel=""noopener"">liveauctioneers suffered a data breach</a> which was subsequently sold online then extensively redistributed in the hacking community. the data contained 3.4 million records including names, email and ip addresses, physical addresses, phones numbers and passwords stored as unsalted md5 hashes. the data was provided to hibp by <a href=""https://breachbase.pw/"" target=""_blank"" rel=""noopener"">breachbase.pw</a>.",https://haveibeenpwned.com/content/images/pwnedlogos/liveauctioneers.png,"['email addresses', 'ip addresses', 'names', 'passwords', 'phone numbers', 'physical addresses', 'usernames']",True,False,False,False,False,False,False
livejournal,livejournal,livejournal.com,2017-01-01,2020-05-26 22:05:10+00:00,2020-05-26 23:08:58+00:00,26372781,"in mid-2019, <a href=""https://news.ycombinator.com/item?id=20426997&fbclid=iwar22kobod2b44xzybpziwh1rot_m8ll3uf8ods7tpf8mpdsgo3pkyqex9_k"" target=""_blank"" rel=""noopener"">news broke of an alleged livejournal data breach</a>. this followed <a href=""https://twitter.com/rahaeli/status/1265316773508927488"" target=""_blank"" rel=""noopener"">multiple reports of credential abuse against dreamwidth beginning in 2018</a>, a fork of livejournal with a significant crossover in user base. the breach allegedly dates back to 2017 and contains 26m unique usernames and email addresses (both of which have been confirmed to exist on livejournal) alongside plain text passwords. an archive of the data was subsequently shared on a popular hacking forum in may 2020 and redistributed broadly. the data was provided to hibp by a source who requested it be attributed to &quot;nano@databases.pw&quot;.",https://haveibeenpwned.com/content/images/pwnedlogos/livejournal.png,"['email addresses', 'passwords', 'usernames']",True,False,False,False,False,False,False
livpure,livpure,livpure.com,2020-08-29,2021-05-22 01:46:59+00:00,2021-05-23 00:18:00+00:00,269552,"in august 2020, the indian retailer <a href=""https://cloudsek.com/threatintelligence/over-a-million-pii-of-livpure-customers-leak-on-cybercrime-forum/"" target=""_blank"" rel=""noopener"">livpure suffered a data breach</a> which exposed over 1 million customer purchases with 270 thousand unique email addresses. the data also included names, phone numbers, physical addresses and details of purchased items. the data was provided to hibp by a source who requested it be attributed to &quot;white_peacock@riseup.net&quot;.",https://haveibeenpwned.com/content/images/pwnedlogos/livpure.png,"['email addresses', 'names', 'phone numbers', 'physical addresses', 'purchases', 'salutations']",True,False,False,False,False,False,False
lizardsquad,lizard squad,lizardstresser.su,2015-01-16,2015-01-18 01:24:24+00:00,2015-01-18 01:24:24+00:00,13451,"in january 2015, the hacker collective known as &quot;lizard squad&quot; created a ddos service by the name of &quot;lizard stresser&quot; which could be procured to mount attacks against online targets. shortly thereafter, the service <a href=""https://krebsonsecurity.com/2015/01/another-lizard-arrested-lizard-lair-hacked/"">suffered a data breach</a> which resulted in the public disclosure of over 13k user accounts including passwords stored in plain text.",https://haveibeenpwned.com/content/images/pwnedlogos/lizardsquad.png,"['email addresses', 'passwords', 'usernames']",True,False,False,False,False,False,False
locally,locally,locally.com,2022-10-01,2023-07-10 11:09:43+00:00,2023-07-10 11:12:48+00:00,362619,"in october 2022, &quot;the industry's leading online-to-offline shopping solution&quot; <a href=""https://twitter.com/troyhunt/status/1677855117960441858"" target=""_blank"" rel=""noopener"">locally suffered a data breach</a>. whilst locally acknowledged the breach privately, it's unknown whether impacted customers were subsequently notified of the incident which exposed over 362k names, phone numbers, email and physical addresses, purchases, credit card type and last four digits and bcrypt password hashes.",https://haveibeenpwned.com/content/images/pwnedlogos/locally.png,"['email addresses', 'partial credit card data', 'passwords', 'phone numbers', 'physical addresses', 'purchases']",True,False,False,False,False,False,False
lolzteam,lolzteam,lolzteam.net,2018-05-13,2022-11-06 02:58:23+00:00,2022-11-06 02:58:23+00:00,398011,"in may 2018, the russian hacking forum <a href=""https://medium.com/breach-report/data-hacking-news-over-405-000-hackers-from-lolzteam-net-exposed-3121555080cc"" target=""_blank"" rel=""noopener"">lolzteam suffered a data breach that exposed 400k members</a>. the impacted data included usernames and email addresses which were later redistributed via another hacking forum. the data was provided to hibp by a source who requested it be attributed to &quot;zan @ bf&quot;.",https://haveibeenpwned.com/content/images/pwnedlogos/lolzteam.png,"['email addresses', 'usernames']",True,False,False,False,False,False,False
lookbook,lookbook,lookbook.nu,2012-08-24,2016-11-08 09:03:44+00:00,2016-11-08 09:03:44+00:00,1074948,"in august 2012, the fashion site <a href=""https://www.hackread.com/hacker-selling-million-lookbook-accounts/"" target=""_blank"" rel=""noopener"">lookbook suffered a data breach</a>. the data later appeared listed for sale in june 2016 and included 1.1 million usernames, email and ip addresses, birth dates and plain text passwords.",https://haveibeenpwned.com/content/images/pwnedlogos/lookbook.png,"['dates of birth', 'email addresses', 'ip addresses', 'names', 'passwords', 'usernames', 'website activity']",True,False,False,False,False,False,False
lotr,lord of the rings online,lotro.com,2013-08-01,2016-03-12 12:46:03+00:00,2016-03-12 12:46:03+00:00,1141278,"in august 2013, the interactive video game <a href=""https://www.lotro.com"" target=""_blank"" rel=""noopener"">lord of the rings online</a> suffered a data breach that exposed over 1.1m players' accounts. the data was being actively traded on underground forums and included email addresses, birth dates and password hashes.",https://haveibeenpwned.com/content/images/pwnedlogos/lotr.png,"['dates of birth', 'email addresses', 'ip addresses', 'passwords', 'usernames', 'website activity']",True,False,False,False,False,False,False
loungeboard,lounge board,loungeboard.net,2013-08-01,2014-07-06 10:22:01+00:00,2014-07-06 10:22:01+00:00,45018,"at some point in 2013, 45k accounts were <a href=""http://leak.sx/thread-186921"" target=""_blank"" rel=""noopener"">breached from the lounge board ""general discussion forum"" and then dumped publicly</a>. lounge board was a mybb forum launched in 2012 and discontinued in mid 2013 (the last activity in the logs was from august 2013).",https://haveibeenpwned.com/content/images/pwnedlogos/loungeboard.png,"['email addresses', 'ip addresses', 'names', 'passwords', 'private messages', 'usernames', 'website activity']",True,False,False,False,False,False,False
luminpdf,lumin pdf,luminpdf.com,2019-04-01,2019-09-18 05:00:15+00:00,2019-09-18 05:00:15+00:00,15453048,"in april 2019, the pdf management service <a href=""https://www.zdnet.com/article/data-of-24-3-million-lumin-pdf-users-shared-on-hacking-forum/"" target=""_blank"" rel=""noopener"">lumin pdf suffered a data breach</a>. the breach wasn't publicly disclosed until september when 15.5m records of user data appeared for download on a popular hacking forum. the data had been left publicly exposed in a mongodb instance after which lumin pdf was allegedly been &quot;contacted multiple times, but ignored all the queries&quot;. the exposed data included names, email addresses, genders, spoken language and either a bcrypt password hash or google auth token. the data was provided to hibp by a source who requested it be attributed to &quot;jimscott.sec@protonmail.com&quot;.",https://haveibeenpwned.com/content/images/pwnedlogos/luminpdf.png,"['auth tokens', 'email addresses', 'genders', 'names', 'passwords', 'spoken languages', 'usernames']",True,False,False,False,False,False,False
luxottica,luxottica,luxottica.com,2021-03-16,2023-05-19 20:24:45+00:00,2023-05-19 20:24:45+00:00,77093812,"in march 2021, the world's largest eyewear company <a href=""https://www.bleepingcomputer.com/news/security/luxottica-confirms-2021-data-breach-after-info-of-70m-leaks-online/"" target=""_blank"" rel=""noopener"">luxoticca suffered a data breach via one of their partners that exposed the personal information of more than 70m people</a>. the data was subsequently sold via a popular hacking forum in late 2022 and included email and physical addresses, names, genders, dates of birth and phone numbers. in a statement from luxottica, they advised they were aware of the incident and are currently &quot;considering other notification obligations&quot;.",https://haveibeenpwned.com/content/images/pwnedlogos/luxottica.png,"['dates of birth', 'email addresses', 'genders', 'names', 'phone numbers', 'physical addresses']",True,False,False,False,False,False,False
lyricsmania,lyrics mania,lyricsmania.com,2017-12-21,2018-01-15 06:32:46+00:00,2018-01-15 06:32:46+00:00,109202,"in december 2017, the song lyrics website known as <a href=""https://www.lyricsmania.com/"" target=""_blank"" rel=""noopener"">lyrics mania</a> suffered a data breach. the data in the breach included 109k usernames, email addresses and plain text passwords. <a href=""https://www.troyhunt.com/streamlining-data-breach-disclosure-a-step-by-step-process"" target=""_blank"" rel=""noopener"">numerous attempts were made to contact lyrics mania about the incident</a>, however no responses were received.",https://haveibeenpwned.com/content/images/pwnedlogos/lyricsmania.png,"['email addresses', 'passwords', 'usernames']",True,False,False,False,False,False,False
macforums,mac forums,mac-forums.com,2016-07-03,2018-10-29 23:47:44+00:00,2018-10-29 23:50:37+00:00,326714,"in july 2016, the self-proclaimed &quot;ultimate source for your mac&quot; website <a href=""https://www.mac-forums.com/"" target=""_blank"" rel=""noopener"">mac forums</a> suffered a data breach. the vbulletin-based system exposed over 326k usernames, email and ip addresses, dates of birth and passwords stored as salted md5 hashes. the data was later discovered being traded on a popular hacking forum. mac forums did not respond when contacted about the incident via their contact us form.",https://haveibeenpwned.com/content/images/pwnedlogos/macforums.png,"['dates of birth', 'email addresses', 'ip addresses', 'passwords', 'usernames']",True,False,False,False,False,False,False
macgeneration,macgeneration,macg.co,2022-01-29,2022-03-03 03:07:19+00:00,2022-03-03 03:24:04+00:00,101004,"in january 2022, the french apple news website <a href=""https://www.macg.co/macgeneration/2022/02/macgeneration-victime-dune-attaque-informatique-127149"" target=""_blank"" rel=""noopener"">macgeneration suffered a data breach</a>. the incident exposed over 100k usernames, email addresses and passwords stored as salted sha-512 hashes. after discovering the incident, macgeneration self-submitted data to hibp.",https://haveibeenpwned.com/content/images/pwnedlogos/macgeneration.png,"['email addresses', 'passwords', 'usernames']",True,False,False,False,False,False,False
mac-torrents,mac-torrents,mac-torrents.com,2015-10-31,2015-10-31 23:54:26+00:00,2015-10-31 23:54:26+00:00,93992,"in october 2015, the torrent site <a href=""http://www.mac-torrents.com"" target=""_blank"" rel=""noopener"">mac-torrents</a> was hacked and almost 94k usernames, email addresses and passwords were leaked. the passwords were hashed with md5 and no salt.",https://haveibeenpwned.com/content/images/pwnedlogos/mac-torrents.png,"['email addresses', 'passwords', 'usernames']",True,False,False,False,False,False,False
magicduel,magicduel,magicduel.com,2023-08-02,2023-08-02 23:22:58+00:00,2023-08-02 23:22:58+00:00,138443,"in august 2023, <a href=""https://magicduel.com/page/announcement/view/5952"" target=""_blank"" rel=""noopener"">the magicduel adventure website suffered a data breach that exposed 138k user records</a>. the data included player names, email and ip addresses and bcrypt password hashes.",https://haveibeenpwned.com/content/images/pwnedlogos/list.png,"['email addresses', 'ip addresses', 'nicknames', 'passwords']",True,False,False,False,False,False,False
mailru,mail.ru dump,mail.ru,2014-09-10,2014-09-12 04:50:22+00:00,2018-01-09 03:38:56+00:00,16630988,"in september 2014, several large dumps of user accounts appeared on the <a href=""https://forum.btcsec.com/"" target=""_blank"" rel=""noopener"">russian bitcoin security forum</a> including one with nearly 5m email addresses and passwords, predominantly on the mail.ru domain. whilst <a href=""http://globalvoicesonline.org/2014/09/10/russia-email-yandex-mailru-passwords-hacking/"" target=""_blank"" rel=""noopener"">unlikely to be the result of a direct attack against mail.ru</a>, the credentials were confirmed by many as legitimate for other services they had subscribed to. further data allegedly valid for mail.ru and containing email addresses and plain text passwords was added in january 2018 bringing to total to more than 16m records. the incident was also then flagged as &quot;unverified&quot;, a concept that was <a href=""https://www.troyhunt.com/introducing-unverified-breaches-to-have-i-been-pwned/"" target=""_blank"" rel=""noopener"">introduced after the initial data load in 2014</a>.",https://haveibeenpwned.com/content/images/pwnedlogos/mailru.png,"['email addresses', 'passwords']",False,False,False,False,False,False,False
majorgeeks,majorgeeks,majorgeeks.com,2015-11-15,2016-03-03 02:45:09+00:00,2016-03-03 02:45:09+00:00,269548,"in november 2015, almost 270k accounts from the <a href=""http://www.majorgeeks.com"" target=""_blank"" rel=""noopener"">majorgeeks</a> support forum were breached. the accounts were being actively sold and traded online and included email addresses, salted password hashes and ip addresses.",https://haveibeenpwned.com/content/images/pwnedlogos/majorgeeks.png,"['email addresses', 'ip addresses', 'passwords', 'usernames']",True,False,False,False,False,False,False
malindoair,malindoair,malindoair.com,2019-03-01,2023-09-14 08:52:38+00:00,2023-09-14 08:52:38+00:00,4328232,"in early 2019, the malaysian airline <a href=""https://vpnoverview.com/news/malindo-air-data-leak-reveals-info-of-60-million-passengers/"" target=""_blank"" rel=""noopener"">malindo air suffered a data breach that exposed tens of millions of customer records</a>. containing 4.3m unique email addresses, the breach also exposed extensive personal information including names, dates of birth, genders, physical addresses, phone numbers and passport details. the data was later extensively shared on popular hacking forums.",https://haveibeenpwned.com/content/images/pwnedlogos/malindoair.png,"['dates of birth', 'email addresses', 'genders', 'loyalty program details', 'names', 'nationalities', 'passport numbers', 'phone numbers', 'physical addresses', 'salutations']",True,False,False,False,False,False,False
mallcz,mall.cz,mall.cz,2017-07-27,2017-09-04 12:46:39+00:00,2017-09-04 12:46:39+00:00,735405,"in july 2017, the czech republic e-commerce site <a href=""https://blog.mall.cz/o-nas/q-a-vse-co-jste-chteli-vedet-o-bezpecnosti-na-mall-cz-451.html"" target=""_blank"" rel=""noopener"">mall.cz suffered a data breach</a> after which 735k unique accounts including email addresses, names, phone numbers and passwords were later posted online. whilst passwords were stored as hashes, <a href=""https://pulse.michalspacek.cz/passwords/storages/site/www.mall.cz"" target=""_blank"" rel=""noopener"">a number of different  algorithms of varying strength were used over time</a>. all passwords included in the publicly distributed data were in plain text and were likely just those that had been successfully cracked (members with strong passwords don't appear to be included). according to mall.cz, the breach only impacted accounts created before 2015.",https://haveibeenpwned.com/content/images/pwnedlogos/mallcz.png,"['email addresses', 'names', 'passwords', 'phone numbers']",True,False,False,False,False,False,False
malwarebytes,malwarebytes,malwarebytes.org,2014-11-15,2016-03-09 11:15:43+00:00,2016-03-09 11:15:43+00:00,111623,"in november 2014, the <a href=""http://www.scmagazine.com/malwarebytes-forum-hacked/article/385187/"" target=""_blank"" rel=""noopener"">malwarebytes forum was hacked</a> and 111k member records were exposed. the ip.board forum included email and ip addresses, birth dates and passwords stored as salted hashes using a weak implementation enabling many to be rapidly cracked.",https://haveibeenpwned.com/content/images/pwnedlogos/malwarebytes.png,"['dates of birth', 'email addresses', 'ip addresses', 'passwords', 'usernames', 'website activity']",True,False,False,False,False,False,False
mangatraders,manga traders,mangatraders.com,2014-06-09,2014-06-10 03:49:45+00:00,2019-05-13 12:24:00+00:00,855249,"in june 2014, the manga trading website <a href=""http://www.mangatraders.com"" target=""_blank"" rel=""noopener"">mangatraders.com</a> had the usernames and passwords of over 900k users <a href=""http://boards.4chan.org/a/thread/108603065/mangatraders-has-been-hacked-emails-and-passwords"" target=""_blank"" rel=""noopener"">leaked on the internet</a> (approximately 855k of the emails were unique). the passwords were weakly hashed with a single iteration of md5 leaving them vulnerable to being easily cracked.",https://haveibeenpwned.com/content/images/pwnedlogos/mangatraders.png,"['email addresses', 'passwords']",True,False,False,False,False,False,False
mangadex,mangadex,mangadex.org,2021-03-22,2021-04-25 21:38:51+00:00,2021-04-25 21:41:24+00:00,2987329,"in march 2021, the manga fan site <a href=""https://portswigger.net/daily-swig/mangadex-website-taken-offline-following-cyber-attack-data-breach"" target=""_blank"" rel=""noopener"">mangadex suffered a data breach</a> that resulted in the exposure of almost 3 million subscribers. the data included email and ip addresses, usernames and passwords stored as bcrypt hashes. the data was subsequently circulated within hacking groups.",https://haveibeenpwned.com/content/images/pwnedlogos/mangadex.png,"['email addresses', 'ip addresses', 'passwords', 'usernames']",True,False,False,False,False,False,False
mangafox,mangafox.me,mangafox.me,2016-06-01,2018-03-17 01:43:24+00:00,2018-03-17 01:43:24+00:00,1311610,"in approximately july 2016, the manga website known as <a href=""http://mangafox.me"" target=""_blank"" rel=""noopener"">mangafox.me</a> suffered a data breach. the vbulletin based forum exposed 1.3 million accounts including usernames, email and ip addresses, dates of birth and salted md5 password hashes.",https://haveibeenpwned.com/content/images/pwnedlogos/mangafox.png,"['dates of birth', 'email addresses', 'ip addresses', 'passwords', 'usernames']",True,False,False,False,False,False,False
mangatoon,mangatoon,mangatoon.mobi,2022-05-13,2022-07-06 21:04:25+00:00,2022-07-06 21:04:25+00:00,23040238,"in may 2022, the hong kong based manga service <a href=""https://mangatoon.mobi/"" target=""_blank"" rel=""noopener"">mangatoon</a> suffered a data breach that exposed 23m subscriber records. the breach exposed names, email addresses, genders, social media account identities, auth tokens from social logins and passwords stored as salted md5 hashes. mangatoon did not respond to multiple attempts to make contact regarding the breach.",https://haveibeenpwned.com/content/images/pwnedlogos/mangatoon.png,"['auth tokens', 'avatars', 'email addresses', 'genders', 'names', 'passwords', 'social media profiles', 'usernames']",True,False,False,False,False,False,False
manipulatedcaiman,manipulated caiman,,2023-07-16,2023-08-15 07:06:49+00:00,2023-08-15 07:06:49+00:00,39901389,"in july 2023, <a href=""https://perception-point.io/blog/manipulated-caiman-the-sophisticated-snare-of-mexicos-banking-predators-technical-edition/"" target=""_blank"" rel=""noopener"">perception point reported on a phishing operation dubbed &quot;manipulated caiman&quot;</a>. targeting primarily the citizens of mexico, the campaign attempted to gain access to victims' bank accounts via spear phishing attacks using malicious attachments. researchers obtained almost 40m email addresses targeted in the campaign and provided the data to hibp to alert potential victims.",https://haveibeenpwned.com/content/images/pwnedlogos/list.png,['email addresses'],True,False,False,False,True,False,False
mappery,mappery,mappery.com,2018-12-11,2018-12-18 16:19:50+00:00,2018-12-18 16:19:50+00:00,205242,"in december 2018, the mapping website <a href=""http://www.mappery.com"" target=""_blank"" rel=""noopener"">mappery</a> suffered a data breach that exposed over 205k unique email addresses. the incident also exposed usernames, the geographic location of the user and passwords stored as unsalted sha-1 hashes. no response was received from mappery when contacted about the incident.",https://haveibeenpwned.com/content/images/pwnedlogos/mappery.png,"['email addresses', 'geographic locations', 'passwords', 'usernames']",True,False,False,False,False,False,False
mashable,mashable,mashable.com,2020-06-01,2020-11-10 04:33:56+00:00,2020-11-10 04:56:58+00:00,1414677,"in approximately mid-2020, <a href=""https://portswigger.net/daily-swig/data-breach-at-mashable-leaks-users-nbsp-personal-information-online"" target=""_blank"" rel=""noopener"">mashable suffered a data breach</a> that subsequently turned up publicly in november 2020. the data included 1.4 million unique email addresses along with names, genders, expired auth tokens, physical locations, links to social media profiles and days and months of birth. the data was provided to hibp by <a href=""https://dehashed.com/"" target=""_blank"" rel=""noopener"">dehashed.com</a>.",https://haveibeenpwned.com/content/images/pwnedlogos/mashable.png,"['auth tokens', 'email addresses', 'genders', 'geographic locations', 'ip addresses', 'names', 'partial dates of birth', 'social media profiles']",True,False,False,False,False,False,False
masterdeeds,master deeds,,2017-03-14,2017-10-18 11:01:46+00:00,2017-10-18 11:03:37+00:00,2257930,"in march 2017, a 27gb database backup file named ""master deeds"" was sent to hibp by a supporter of the project. upon detailed analysis later that year, the file was found to contain the personal data of tens of millions of living and deceased south african residents. the data included extensive personal attributes such as names, addresses, ethnicities, genders, birth dates, government issued personal identification numbers and 2.2 million email addresses. at the time of publishing, <a href=""https://www.iafrikan.com/2017/10/18/dracore-data-sciences/"" target=""_blank"" rel=""noopener"">it's alleged the data was sourced from dracore data sciences</a> (dracore is yet to publicly confirm or deny the data was sourced from their systems). on 18 october 2017, the file was found to have been published to a publicly accessible web server where it was located at the root of an ip address with directory listing enabled. the file was dated 8 april 2015.",https://haveibeenpwned.com/content/images/pwnedlogos/masterdeeds.png,"['dates of birth', 'deceased statuses', 'email addresses', 'employers', 'ethnicities', 'genders', 'government issued ids', 'home ownership statuses', 'job titles', 'names', 'nationalities', 'phone numbers', 'physical addresses']",True,False,False,False,False,False,False
mastercardpricelessspecials,mastercard priceless specials,specials.mastercard.de,2019-08-20,2019-09-01 20:37:49+00:00,2019-09-01 20:37:49+00:00,89388,"in august 2019, <a href=""https://www.spiegel.de/netzwelt/web/mastercard-datenleck-bei-bonusprogramm-a-1282697.html"" target=""_blank"" rel=""noopener"">the german mastercard bonus program &quot;priceless specials&quot; suffered a data breach</a>. personal data on almost 90k program members was subsequently extensively circulated online and included names, email and ip addresses, phone numbers and partial credit card data. following the incident, the program was subsequently suspended.",https://haveibeenpwned.com/content/images/pwnedlogos/mastercard.png,"['email addresses', 'ip addresses', 'names', 'partial credit card data', 'phone numbers', 'salutations']",True,False,False,False,False,False,False
mate1,mate1.com,mate1.com,2016-02-29,2016-04-14 23:37:15+00:00,2016-04-14 23:37:15+00:00,27393015,"in february 2016, the dating site <a href=""http://motherboard.vice.com/read/hacker-claims-to-have-sold-27m-dating-site-passwords-mate1-com-hell-forum"" target=""_blank"" rel=""noopener"">mate1.com suffered a huge data breach</a> resulting in the disclosure of over 27 million subscribers' information. the data included deeply personal information about their private lives including drug and alcohol habits, incomes levels and sexual fetishes as well as passwords stored in plain text.",https://haveibeenpwned.com/content/images/pwnedlogos/mate1.png,"['astrological signs', 'dates of birth', 'drinking habits', 'drug habits', 'education levels', 'email addresses', 'ethnicities', 'fitness levels', 'genders', 'geographic locations', 'income levels', 'job titles', 'names', 'parenting plans', 'passwords', 'personal descriptions', 'physical attributes', 'political views', 'relationship statuses', 'religions', 'sexual fetishes', 'travel habits', 'usernames', 'website activity', 'work habits']",True,False,True,False,False,False,False
mathway,mathway,mathway.com,2020-01-13,2020-06-05 23:59:45+00:00,2020-06-05 23:59:45+00:00,25692862,"in january 2020, the math solving website <a href=""https://www.zdnet.com/article/25-million-user-records-leak-online-from-popular-math-app-mathway/"" target=""_blank"" rel=""noopener"">mathway suffered a data breach that exposed over 25m records</a>. the data was subsequently sold on a dark web marketplace and included names, google and facebook ids, email addresses and salted password hashes.",https://haveibeenpwned.com/content/images/pwnedlogos/mathway.png,"['device information', 'email addresses', 'names', 'passwords', 'social media profiles']",True,False,False,False,False,False,False
mcbans,mcbans,mcbans.com,2016-10-27,2017-07-23 05:34:55+00:00,2017-07-23 05:34:55+00:00,119948,"in october 2016, the minecraft banning service known as <a href=""https://www.mcbans.com/"" target=""_blank"" rel=""noopener"">mcbans</a> suffered a data breach resulting in the exposure of 120k unique user records. the data contained email and ip addresses, usernames and password hashes of unknown format. the site was previously reported as compromised on the <a href=""https://vigilante.pw/"" target=""_blank"" rel=""noopener"">vigilante.pw</a> breached database directory.",https://haveibeenpwned.com/content/images/pwnedlogos/mcbans.png,"['email addresses', 'ip addresses', 'passwords', 'usernames', 'website activity']",True,False,False,False,False,False,False
mdpi,mdpi,mdpi.com,2016-08-30,2018-03-25 22:50:36+00:00,2018-03-25 22:50:36+00:00,845012,"in august 2016, the swiss scholarly open access publisher known as <a href=""http://mdpi.com"" target=""_blank"" rel=""noopener"">mdpi</a> had 17.5gb of data obtained from an unprotected mongo db instance. the data contained email exchanges between mdpi and their authors and reviewers which included 845k unique email addresses. mdpi have confirmed that the system has since been protected and that no data of a sensitive nature was impacted. as such, they concluded that notification to their subscribers was not necessary due to the fact that all their authors and reviewers are available online on their website.",https://haveibeenpwned.com/content/images/pwnedlogos/mdpi.png,"['email addresses', 'email messages', 'ip addresses', 'names']",True,False,False,False,False,False,False
mechodownload,mecho download,mechodownload.com,2013-10-31,2022-08-02 04:04:59+00:00,2022-08-02 04:10:06+00:00,437928,"in october 2013, the (now defunct) downloads website &quot;mecho download&quot; suffered a data breach that exposed 438k records. data from the vbulletin based website included email and ip addresses, usernames and passwords stored as salted md5 hashes.",https://haveibeenpwned.com/content/images/pwnedlogos/mechodownload.png,"['email addresses', 'ip addresses', 'passwords', 'usernames']",True,False,False,False,False,False,False
mediaworks,mediaworks,mediaworks.co.nz,2023-03-15,2024-03-22 06:43:09+00:00,2024-03-22 06:43:09+00:00,162710,"in march 2024, <a href=""https://www.rnz.co.nz/news/national/512042/mediaworks-data-breach-hackers-email-victims-demanding-820"" target=""_blank"" rel=""noopener"">millions of rows of data from the new zealand media company mediaworks was publicly posted to a popular hacking forum</a>. the incident exposed 163k unique email addresses provided by visitors who filled out online competitions and included names, physical addresses, phone numbers, dates of birth, genders and the responses to questions in the competition. some victims of the breach subsequently received ransom demands requesting payment to have their data deleted.",https://haveibeenpwned.com/content/images/pwnedlogos/mediaworks.png,"['dates of birth', 'email addresses', 'genders', 'phone numbers', 'physical addresses']",True,False,False,False,False,False,False
meetmindful,meetmindful,meetmindful.com,2020-01-26,2021-01-31 02:59:06+00:00,2021-01-31 02:59:06+00:00,1422717,"in early 2020, the online dating service <a href=""https://www.zdnet.com/article/hacker-leaks-data-of-2-28-million-dating-site-users/"" target=""_blank"" rel=""noopener"">meetmindful suffered a data breach</a> that exposed 1.4 million unique customer email addresses. included in the data was an extensive array of personal information used to find romantic matches including physical attributes, use of alcohol, drugs and cigarettes, marital statuses, birthdates, genders and the gender being sought. additional personal information such as names, geographical locations and ip addresses were also exposed, along with passwords stored as bcrypt hashes.",https://haveibeenpwned.com/content/images/pwnedlogos/meetmindful.png,"['dates of birth', 'drinking habits', 'drug habits', 'email addresses', 'genders', 'geographic locations', 'ip addresses', 'marital statuses', 'names', 'passwords', 'physical attributes', 'religions', 'sexual orientations', 'smoking habits', 'social media profiles', 'usernames']",True,False,True,False,False,False,False
memechat,memechat,memechat.app,2022-06-01,2023-10-29 05:02:56+00:00,2023-10-29 05:02:56+00:00,4348570,"in mid-2022, &quot;the ultimate hub of memes&quot; <a href=""https://twitter.com/search?q=memechat%20breach&src=typed_query&f=media"" target=""_blank"" rel=""noopener"">memechat suffered a data breach that exposed 7.4m records</a>. alleged to be due to a misconfigured elasticsearch instance, the data contained 4.3m unique email addresses alongside usernames.",https://haveibeenpwned.com/content/images/pwnedlogos/memechat.png,"['email addresses', 'usernames']",True,False,False,False,False,False,False
meo,meo,meoair.com,2020-12-24,2023-04-24 02:39:49+00:00,2023-04-24 02:39:49+00:00,8227,"in early 2023, a corpus of data sourced from the new zealand based face mask company <a href=""https://www.meoair.com/"" target=""_blank"" rel=""noopener"">meo</a> was discovered. dating back to december 2020, the data contained over 8k customer records including names, addresses, phone numbers and passwords stored as md5 wordpress hashes. meo did not respond to multiple attempts to report the breach.",https://haveibeenpwned.com/content/images/pwnedlogos/meo.png,"['email addresses', 'names', 'passwords', 'phone numbers', 'physical addresses', 'purchases', 'usernames']",True,False,False,False,False,False,False
mgm,mgm resorts,mgmresorts.com,2019-07-25,2020-02-20 00:52:55+00:00,2020-02-20 01:00:57+00:00,3081321,"in july 2019, <a href=""https://www.zdnet.com/article/exclusive-details-of-10-6-million-of-mgm-hotel-guests-posted-on-a-hacking-forum/"" target=""_blank"" rel=""noopener"">mgm resorts discovered a data breach of one of their cloud services</a>. the breach included 10.6m guest records with 3.1m unique email addresses stemming back to 2017. the exposed data included email and physical addresses, names, phone numbers and dates of birth and was subsequently shared on a popular hacking forum in february 2020 where it was extensively redistributed. the data was provided to hibp by <a href=""https://underthebreach.com/"" target=""_blank"" rel=""noopener"">under the breach</a>.",https://haveibeenpwned.com/content/images/pwnedlogos/mgm.png,"['dates of birth', 'email addresses', 'names', 'phone numbers', 'physical addresses']",True,False,False,False,False,False,False
mgm2022update,mgm resorts (2022 update),mgmresorts.com,2019-07-25,2022-05-29 01:43:46+00:00,2022-05-29 01:43:46+00:00,24842001,"in july 2019, <a href=""https://www.zdnet.com/article/exclusive-details-of-10-6-million-of-mgm-hotel-guests-posted-on-a-hacking-forum/"" target=""_blank"" rel=""noopener"">mgm resorts discovered a data breach of one of their cloud services</a>. the breach included 10.6m guest records with 3.1m unique email addresses stemming back to 2017. in may 2022, <a href=""https://www.vpnmentor.com/blog/mgm-leaked-on-telegram/"" target=""_blank"" rel=""noopener"">a superset of the data totalling almost 25m unique email addresses across 142m rows was extensively shared on telegram</a>. on analysis, it's highly likely the data stems from the same incident <a href=""https://www.zdnet.com/article/a-hacker-is-selling-details-of-142-million-mgm-hotel-guests-on-the-dark-web/"" target=""_blank"" rel=""noopener"">with 142m records having been discovered for sale on a dark web marketplace in mid-2020</a>. the exposed data included email and physical addresses, names, phone numbers and dates of birth.",https://haveibeenpwned.com/content/images/pwnedlogos/mgm.png,"['dates of birth', 'email addresses', 'names', 'phone numbers', 'physical addresses']",True,False,False,False,False,False,False
mindjolt,mindjolt,mindjolt.com,2019-03-18,2019-07-13 19:21:12+00:00,2023-10-04 08:17:42+00:00,28364826,"in march 2019, the online gaming website <a href=""https://www.zdnet.com/article/a-hacker-has-dumped-nearly-one-billion-user-records-over-the-past-two-months/"" target=""_blank"" rel=""noopener"">mindjolt suffered a data breach that exposed 28m unique email addresses</a>. also impacted were names and dates of birth, but no passwords. the data was provided to hibp by a source who requested it be attributed to &quot;jimscott.sec@protonmail.com&quot;.",https://haveibeenpwned.com/content/images/pwnedlogos/mindjolt.png,"['dates of birth', 'email addresses', 'names']",True,False,False,False,False,False,False
minecraftpocketeditionforum,minecraft pocket edition forum,minecraftpeforum.net,2015-05-24,2015-06-30 09:19:43+00:00,2015-06-30 09:19:43+00:00,16034,"in may 2015, the <a href=""http://www.databreaches.net/minecraft-pocket-edition-forum-hacked-dumped/"" target=""_blank"" rel=""noopener"">minecraft pocket edition forum was hacked</a> and over 16k accounts were dumped public. allegedly hacked by <a href=""https://twitter.com/rmsg0d"" target=""_blank"" rel=""noopener"">@rmsg0d</a>, the forum data included numerous personal pieces of data for each user. the forum has subsequently been decommissioned.",https://haveibeenpwned.com/content/images/pwnedlogos/minecraftpocketeditionforum.png,"['email addresses', 'ip addresses', 'passwords', 'usernames']",True,False,False,False,False,False,False
minecraftworldmap,minecraft world map,minecraftworldmap.com,2016-01-15,2016-08-29 01:07:38+00:00,2016-08-29 01:07:38+00:00,71081,"in approximately january 2016, the minecraft world map site designed for sharing maps created for the game was hacked and over 71k user accounts were exposed. the data included usernames, email and ip addresses along with salted and hashed passwords.",https://haveibeenpwned.com/content/images/pwnedlogos/minecraftworldmap.png,"['email addresses', 'ip addresses', 'passwords', 'usernames']",True,False,False,False,False,False,False
minefield,minefield,minefield.fr,2015-06-28,2016-03-09 08:18:43+00:00,2016-03-09 08:18:43+00:00,188343,"in june 2015, the french minecraft server known as <a href=""https://www.minefield.fr"" target=""_blank"" rel=""noopener"">minefield</a> was hacked and 188k member records were exposed. the ip.board forum included email and ip addresses, birth dates and passwords stored as salted hashes using a weak implementation enabling many to be rapidly cracked.",https://haveibeenpwned.com/content/images/pwnedlogos/minefield.png,"['dates of birth', 'email addresses', 'ip addresses', 'passwords', 'usernames', 'website activity']",True,False,False,False,False,False,False
minehut,minehut,minehut.com,2019-05-17,2019-09-17 08:27:31+00:00,2019-11-17 23:14:18+00:00,396533,"in may 2019, the minecraft server website <a href=""https://minehut.com/"" target=""_blank"" rel=""noopener"">minehut</a> suffered a data breach. the company advised a database backup had been obtained after which they subsequently notified all impacted users. 397k email addresses from the incident were provided to hibp. a data set with both email addresses and bcrypt password hashes was also later provided to hibp.",https://haveibeenpwned.com/content/images/pwnedlogos/minehut.png,"['email addresses', 'passwords']",True,False,False,False,False,False,False
minted,minted,minted.com,2020-05-06,2020-11-03 06:21:01+00:00,2020-11-03 06:21:01+00:00,4418182,"in may 2020, the online marketplace for independent artists <a href=""https://www.bleepingcomputer.com/news/security/minted-discloses-data-breach-after-5m-user-records-sold-online/"" target=""_blank"" rel=""noopener"">minted suffered a data breach</a> that exposed 4.4m unique customer records subsequently sold on a dark web marketplace. exposed data also included names, physical addresses, phone numbers and passwords stored as bcrypt hashes. the data was provided to hibp by <a href=""https://dehashed.com/"" target=""_blank"" rel=""noopener"">dehashed.com</a>.",https://haveibeenpwned.com/content/images/pwnedlogos/minted.png,"['email addresses', 'names', 'passwords', 'phone numbers', 'physical addresses']",True,False,False,False,False,False,False
flipkart,misattributed flipkart data,,2022-09-02,2024-03-12 05:09:11+00:00,2024-05-02 23:00:46+00:00,552094,"in september 2022, <a href=""https://izoologic.com/region/central-asia/a-new-alleged-flipkart-data-breach-was-discovered-on-the-dark-web/"" target=""_blank"" rel=""noopener"">over 500k customer records alleged to have been sourced from the indian e-commerce service flipkart appeared on a popular hacking forum</a>. flipkart subsequently reviewed the data and concluded there was minimal overlap with their subscriber base and was not sourced from their services. the data included email addresses, latitudes and longitudes, names and phone numbers.",https://haveibeenpwned.com/content/images/pwnedlogos/list.png,"['email addresses', 'geographic locations', 'names', 'phone numbers']",False,False,False,False,False,False,False
habibs,misattributed habib's data,habibs.com.br,2021-08-05,2024-03-10 03:31:15+00:00,2024-05-25 21:24:28+00:00,3517679,"in august 2021, an allegation was made that the brazilian fast food company &quot;habib's&quot; had suffered a data breach <a href=""https://cybernews.com/security/billions-passwords-credentials-leaked-mother-of-all-breaches/"" target=""_blank"" rel=""noopener"">that was later redistributed as part of a larger corpus of data</a>. upon thorough investigation, parent company gennius concluded that the information in the breach was not related to any databases that hold their customers' personal information and had been misattributed to habib's. the corpus of data contained 3.5m unique email addresses along with ip addresses, names, phone numbers, dates of birth and links to social media profiles.",https://haveibeenpwned.com/content/images/pwnedlogos/list.png,"['dates of birth', 'email addresses', 'ip addresses', 'names', 'phone numbers', 'social media profiles']",False,False,False,False,False,False,False
mmgfusion,mmg fusion,mmgfusion.com,2020-12-20,2021-08-07 23:46:32+00:00,2021-08-07 23:46:32+00:00,2660295,"in december 2020, the dental practice management service <a href=""https://www.riskbasedsecurity.com/2021/02/19/dark-web-roundup-january-2021/"" target=""_blank"" rel=""noopener"">mmg fusion was the victim of a data breach</a> which exposed 2.6m unique email addresses. the data also included patient appointments, names, phone numbers, dates of birth, genders and physical addresses. a small number of records also included passwords stored as bcrypt hashes.",https://haveibeenpwned.com/content/images/pwnedlogos/mmgfusion.png,"['appointments', 'dates of birth', 'email addresses', 'genders', 'marital statuses', 'names', 'passwords', 'phone numbers', 'physical addresses']",True,False,False,False,False,False,False
mobifriends,mobifriends,mobifriends.com,2020-01-06,2021-05-23 03:16:52+00:00,2021-05-23 03:16:52+00:00,3512952,"in january 2020, the barcelona-based dating app <a href=""https://www.zdnet.com/article/dating-app-mobifriends-silent-on-security-breach-impacting-3-6-million-users/"" target=""_blank"" rel=""noopener"">mobifriends suffered a data breach</a> that exposed 3.5 million unique email addresses. the data also included usernames, genders, dates of birth and md5 password hashes. the data was provided to hibp by a source who requested it be attributed to &quot;white_peacock@riseup.net&quot;.",https://haveibeenpwned.com/content/images/pwnedlogos/mobifriends.png,"['dates of birth', 'email addresses', 'genders', 'passwords', 'usernames']",True,False,True,False,False,False,False
modaco,modaco,modaco.com,2016-01-01,2016-09-20 07:32:50+00:00,2016-09-20 07:32:50+00:00,879703,"in approximately january 2016, the uk based android community known as <a href=""http://www.modaco.com"" target=""_blank"" rel=""noopener"">modaco</a> suffered a data breach which exposed 880k subscriber identities. the data included email and ip addresses, usernames and passwords stored as salted md5 hashes.",https://haveibeenpwned.com/content/images/pwnedlogos/modaco.png,"['email addresses', 'ip addresses', 'passwords', 'usernames']",True,False,False,False,False,False,False
modernbusinesssolutions,modern business solutions,modbsolutions.com,2016-10-08,2016-10-12 09:09:11+00:00,2016-10-12 09:09:11+00:00,58843488,"in october 2016, a large mongo db file containing tens of millions of accounts <a href=""https://twitter.com/0x2taylor/status/784544208879292417"" target=""_blank"" rel=""noopener"">was shared publicly on twitter</a> (the file has since been removed). the database contained over 58m unique email addresses along with ip addresses, names, home addresses, genders, job titles, dates of birth and phone numbers. the data was subsequently <a href=""http://news.softpedia.com/news/hacker-steals-58-million-user-records-from-data-storage-provider-509190.shtml"" target=""_blank"" rel=""noopener"">attributed to &quot;modern business solutions&quot;</a>, a company that provides data storage and database hosting solutions. they've yet to acknowledge the incident or explain how they came to be in possession of the data.",https://haveibeenpwned.com/content/images/pwnedlogos/modernbusinesssolutions.png,"['dates of birth', 'email addresses', 'genders', 'ip addresses', 'job titles', 'names', 'phone numbers', 'physical addresses']",True,False,False,False,False,False,False
moneybookers,money bookers,moneybookers.com,2009-01-01,2015-11-30 09:21:55+00:00,2015-11-30 09:21:55+00:00,4483605,"sometime in 2009, the e-wallet service known as money bookers <a href=""http://www.forbes.com/sites/thomasbrewster/2015/11/30/paysafe-optimal-neteller-moneybookers-gambling-cyberattacks-data-breach/"" target=""_blank"" rel=""noopener"">suffered a data breach which exposed almost 4.5m customers</a>. now called skrill, the breach was not discovered until october 2015 and included names, email addresses, home addresses and ip addresses.",https://haveibeenpwned.com/content/images/pwnedlogos/moneybookers.png,"['dates of birth', 'email addresses', 'ip addresses', 'names', 'phone numbers', 'physical addresses']",True,False,False,False,False,False,False
moneycontrol,moneycontrol,moneycontrol.com,2017-09-07,2021-05-22 22:37:30+00:00,2021-05-22 22:37:30+00:00,762874,"in april 2021, <a href=""https://www.opindia.com/2021/04/personal-details-of-over-seven-lakh-moneycontrol-users-up-for-sale/"" target=""_blank"" rel=""noopener"">hackers posted data for sale originating from the online indian financial platform, moneycontrol</a>. the data included 763 thousand unique email addresses (allegedly a subset of a larger 40 million account breach), alongside geographic locations, phone numbers, genders, dates of birth and plain text passwords. the date of the original breach is unclear, although the breached data indicates the file was created in september 2017 and moneycontrol has stated that the breach is &quot;an old data set&quot;.",https://haveibeenpwned.com/content/images/pwnedlogos/moneycontrol.png,"['email addresses', 'genders', 'geographic locations', 'passwords', 'phone numbers']",True,False,False,False,False,False,False
morelenet,morele.net,morele.net,2018-10-10,2019-04-20 22:57:28+00:00,2019-04-20 22:57:28+00:00,2467304,"in october 2018, the polish e-commerce website <a href=""https://niebezpiecznik.pl/post/morele-potwierdza-ze-wykradziono-dane-klientow/"" target=""_blank"" rel=""noopener"">morele.net suffered a data breach</a>. the incident exposed almost 2.5 million unique email addresses alongside phone numbers, names and passwords stored as md5crypt hashes.",https://haveibeenpwned.com/content/images/pwnedlogos/morelenet.png,"['email addresses', 'names', 'passwords', 'phone numbers']",True,False,False,False,False,False,False
mortalonline,mortal online,mortalonline.com,2018-06-17,2018-08-31 05:38:46+00:00,2018-09-24 21:05:18+00:00,606637,"in june 2018, the massively multiplayer online role-playing game (mmorpg) <a href=""https://account.mortalonline.com/breach.html"" target=""_blank"" rel=""noopener"">mortal online suffered a data breach</a>. a file containing 570k email addresses and cracked passwords was subsequently distributed online. a larger more complete file containing 607k email addresses with original unsalted md5 password hashes along with names, usernames and physical addresses was later provided and the original breach in hibp was updated accordingly. the data was provided to hibp by whitehat security researcher and data analyst adam davies.",https://haveibeenpwned.com/content/images/pwnedlogos/mortalonline.png,"['email addresses', 'names', 'passwords', 'physical addresses', 'usernames']",True,False,False,False,False,False,False
movieforums,movie forums,movieforums.com,2022-11-24,2023-12-08 02:45:49+00:00,2023-12-08 02:45:49+00:00,39914,"in december 2022, <a href=""https://www.movieforums.com/community/showthread.php?t=67897"" target=""_blank"" rel=""noopener"">the movie forums website suffered a data breach</a> that affected 40k users. the breach exposed email and ip addresses, usernames, dates of birth and passwords stored as easily crackable salted md5 hashes. the data was subsequently posted a popular clear web hacking forum.",https://haveibeenpwned.com/content/images/pwnedlogos/movieforums.png,"['dates of birth', 'email addresses', 'ip addresses', 'passwords', 'usernames']",True,False,False,False,False,False,False
movieboxpro,movieboxpro,movieboxpro.app,2024-04-15,2024-04-30 01:54:06+00:00,2024-04-30 01:54:06+00:00,6009014,"in april 2024, over 6m records from the streaming service movieboxpro were scraped from a vulnerable api. of questionable legality, the service <a href=""https://twitter.com/troyhunt/status/1784701384266543128"" target=""_blank"" rel=""noopener"">provided no contact information to disclose the incident</a>, although reportedly the vulnerability was rectified after being mass enumerated.",https://haveibeenpwned.com/content/images/pwnedlogos/movieboxpro.png,"['email addresses', 'usernames']",True,False,False,False,False,False,False
mpgh,mpgh,mpgh.net,2015-10-22,2015-10-26 03:20:20+00:00,2015-10-26 03:20:20+00:00,3122898,"in october 2015, the multiplayer game hacking website <a href=""http://www.mpgh.net"">mpgh was hacked</a> and 3.1 million user accounts disclosed. the vbulletin forum breach contained usernames, email addresses, ip addresses and salted hashes of passwords.",https://haveibeenpwned.com/content/images/pwnedlogos/mpgh.png,"['email addresses', 'ip addresses', 'passwords', 'usernames']",True,False,False,False,False,False,False
mrgreengaming,mr. green gaming,mrgreengaming.com,2024-03-01,2024-03-03 06:28:42+00:00,2024-03-03 06:41:04+00:00,27123,"in march 2024, the online games community mr. green gaming suffered a data breach that exposed 27k user records. acknowledged on their discord server, the incident exposed email and ip addresses, usernames, geographic locations and dates of birth.",https://haveibeenpwned.com/content/images/pwnedlogos/mrgreengaming.png,"['dates of birth', 'email addresses', 'geographic locations', 'ip addresses', 'usernames']",True,False,False,False,False,False,False
mrexcel,mrexcel,mrexcel.com,2016-12-05,2017-01-22 07:39:17+00:00,2017-01-22 07:39:17+00:00,366140,"in december 2016, the forum for the microsoft excel tips and solutions site <a href=""http://www.mrexcel.com/details-of-data-breach-at-mrexcel-com/"" target=""_blank"" rel=""noopener"">mr excel suffered a data breach</a>. the hack of the vbulletin forum led to the exposure of over 366k accounts along with email and ip addresses, dates of birth and salted passwords hashed with md5. the owner of the mrexcel forum subsequently self-submitted the data to hibp.",https://haveibeenpwned.com/content/images/pwnedlogos/mrexcel.png,"['dates of birth', 'email addresses', 'ip addresses', 'passwords', 'social connections', 'usernames', 'website activity']",True,False,False,False,False,False,False
mspy,mspy,mspy.com,2015-05-14,2015-05-28 18:09:16+00:00,2015-05-28 18:09:16+00:00,699793,"in may 2015, the &quot;monitoring&quot; software known as <a href=""http://www.mspy.com"" target=""_blank"" rel=""noopener"">mspy</a> suffered a <a href=""http://krebsonsecurity.com/2015/05/mobile-spy-software-maker-mspy-hacked-customer-data-leaked/#more-30913"" target=""_blank"" rel=""noopener"">major data breach</a>. the software (allegedly often used to spy on unsuspecting victims), stored extensive personal information within their online service which after being breached, was made freely available on the internet.",https://haveibeenpwned.com/content/images/pwnedlogos/mspy.png,['device usage tracking data'],True,False,False,False,False,False,False
muslimdirectory,muslim directory,muslimdirectory.co.uk,2014-02-17,2014-02-23 03:09:38+00:00,2014-02-23 03:09:38+00:00,37784,"in february 2014, the uk guide to services and business known as the muslim directory was <a href=""http://www.cyberwarnews.info/2014/02/17/muslim-directory-hacked-38903-user-credentials-leaked/"" target=""_blank"" rel=""noopener"">attacked by the hacker known as @th3inf1d3l</a>. the data was consequently dumped publicly and included the web accounts of tens of thousands of users which contained data including their names, home address, age group, email, website activity and password in plain text.",https://haveibeenpwned.com/content/images/pwnedlogos/muslimdirectory.png,"['age groups', 'email addresses', 'employers', 'names', 'passwords', 'phone numbers', 'physical addresses', 'website activity']",True,False,False,False,False,False,False
muslimmatch,muslim match,muslimmatch.com,2016-06-24,2016-06-29 19:08:15+00:00,2020-08-07 23:29:01+00:00,149830,"in june 2016, <a href=""https://motherboard.vice.com/read/hacked-private-messages-from-dating-site-muslim-match"" target=""_blank"" rel=""noopener"">the muslim match dating website had 150k email addresses exposed</a>. the data included private chats and messages between relationship seekers and numerous other personal attributes including passwords hashed with md5.",https://haveibeenpwned.com/content/images/pwnedlogos/muslimmatch.png,"['chat logs', 'email addresses', 'geographic locations', 'ip addresses', 'passwords', 'private messages', 'user statuses', 'usernames']",True,False,True,False,False,False,False
myfha,myfha,myfha.net,2015-02-18,2018-08-09 20:26:35+00:00,2018-08-09 20:26:35+00:00,972629,"in approximately february 2015, the home financing website <a href=""https://web.archive.org/web/20180324231131/http://myfha.net/"" target=""_blank"" rel=""noopener"">myfha</a> suffered a data breach which disclosed the personal information of nearly 1 million people. the data included extensive personal information relating to home financing including personal contact info, credit statuses, household incomes, loan amounts and notes on personal circumstances, often referring to legal issues, divorces and health conditions. multiple parties contacted hibp with the data after which myfha was alerted in mid-july and acknowledged the legitimacy of the breach then took the site offline.",https://haveibeenpwned.com/content/images/pwnedlogos/myfha.png,"['credit status information', 'email addresses', 'income levels', 'ip addresses', 'loan information', 'names', 'passwords', 'personal descriptions', 'physical addresses']",True,False,False,False,False,False,False
myfitnesspal,myfitnesspal,myfitnesspal.com,2018-02-01,2019-02-21 19:28:46+00:00,2019-02-21 20:00:56+00:00,143606147,"in february 2018, the diet and exercise service <a href=""https://content.myfitnesspal.com/security-information/faq.html"" target=""_blank"" rel=""noopener"">myfitnesspal suffered a data breach</a>. the incident exposed 144 million unique email addresses alongside usernames, ip addresses and passwords stored as sha-1 and bcrypt hashes (the former for earlier accounts, the latter for newer accounts). in 2019, <a href=""https://www.theregister.co.uk/2019/02/11/620_million_hacked_accounts_dark_web/"" target=""_blank"" rel=""noopener"">the data appeared listed for sale on a dark web marketplace</a> (along with several other large breaches) and subsequently began circulating more broadly. the data was provided to hibp by a source who requested it to be attributed to &quot;benjaminblue@exploit.im&quot;.",https://haveibeenpwned.com/content/images/pwnedlogos/myfitnesspal.png,"['email addresses', 'ip addresses', 'passwords', 'usernames']",True,False,False,False,False,False,False
myheritage,myheritage,myheritage.com,2017-10-26,2019-02-20 21:04:04+00:00,2019-02-20 21:04:04+00:00,91991358,"in october 2017, the genealogy website <a href=""https://blog.myheritage.com/2018/06/myheritage-statement-about-a-cybersecurity-incident/"" target=""_blank"" rel=""noopener"">myheritage suffered a data breach</a>. the incident was reported 7 months later after a security researcher discovered the data and contacted myheritage. in total, more than 92m customer records were exposed and included email addresses and salted sha-1 password hashes. in 2019, <a href=""https://www.theregister.co.uk/2019/02/11/620_million_hacked_accounts_dark_web/"" target=""_blank"" rel=""noopener"">the data appeared listed for sale on a dark web marketplace</a> (along with several other large breaches) and subsequently began circulating more broadly. the data was provided to hibp by a source who requested it be attributed to &quot;benjaminblue@exploit.im&quot;.",https://haveibeenpwned.com/content/images/pwnedlogos/myheritage.png,"['email addresses', 'passwords']",True,False,False,False,False,False,False
mypertamina,mypertamina,mypertamina.id,2022-11-01,2024-01-27 05:19:27+00:00,2024-01-27 05:19:27+00:00,5970416,"in november 2022, the indonesian oil and gas company <a href=""https://voi.id/en/technology/226367"" target=""_blank"" rel=""noopener"">pertamina suffered a data breach of their mypertamina service</a>. the incident exposed 44m records with 6m unique email addresses along with names, dates of birth, genders, physical addresses and purchases.",https://haveibeenpwned.com/content/images/pwnedlogos/mypertamina.png,"['dates of birth', 'email addresses', 'genders', 'names', 'phone numbers', 'physical addresses', 'purchases']",True,False,False,False,False,False,False
myrepospace,myrepospace,myrepospace.com,2015-07-06,2015-07-08 08:44:51+00:00,2015-07-08 08:44:51+00:00,252751,"in july 2015, the cydia repository known as <a href=""https://myrepospace.com/"" target=""_blank"" rel=""noopener"">myrepospace</a> was hacked and <a href=""https://www.reddit.com/r/jailbreak/comments/3c9qr1/discussion_myrepospace_user_data_leaked/"" target=""_blank"" rel=""noopener"">user data leaked publicly</a>. cydia is designed to facilitate the installation of apps on jailbroken ios devices. the repository service was allegedly hacked by <a href=""https://twitter.com/its_not_herpes"" target=""_blank"" rel=""noopener"">@its_not_herpes</a> and <a href=""https://twitter.com/0x8badfl00d"" target=""_blank"" rel=""noopener"">0x8badfl00d</a> in retaliation for the service refusing to remove pirated tweaks.",https://haveibeenpwned.com/content/images/pwnedlogos/myrepospace.png,"['email addresses', 'ip addresses', 'passwords', 'usernames']",True,False,False,False,False,False,False
myspace,myspace,myspace.com,2008-07-01,2016-05-31 00:12:29+00:00,2016-05-31 00:12:29+00:00,359420698,"in approximately 2008, <a href=""http://motherboard.vice.com/read/427-million-myspace-passwords-emails-data-breach"" target=""_blank"" rel=""noopener"">myspace suffered a data breach that exposed almost 360 million accounts</a>. in may 2016 the data was offered up for sale on the &quot;real deal&quot; dark market website and included email addresses, usernames and sha1 hashes of the first 10 characters of the password converted to lowercase and stored without a salt. the exact breach date is unknown, but <a href=""https://www.troyhunt.com/dating-the-ginormous-myspace-breach"" target=""_blank"" rel=""noopener"">analysis of the data suggests it was 8 years before being made public</a>.",https://haveibeenpwned.com/content/images/pwnedlogos/myspace.png,"['email addresses', 'passwords', 'usernames']",True,False,False,False,False,False,False
myvidster,myvidster,myvidster.com,2015-08-15,2015-10-10 07:06:17+00:00,2015-10-10 07:06:17+00:00,19863,"in august 2015, the social video sharing and bookmarking site <a href=""https://www.reddit.com/r/pwned/comments/3h4tud/myvidstercom_hacked_1_million_member_database/"" target=""_blank"" rel=""noopener"">myvidster was hacked</a> and nearly 20,000 accounts were dumped online. the dump included usernames, email addresses and hashed passwords.",https://haveibeenpwned.com/content/images/pwnedlogos/myvidster.png,"['email addresses', 'passwords', 'usernames']",True,False,False,False,False,False,False
namelessmalware,nameless malware,,2020-01-01,2021-06-09 10:28:14+00:00,2022-01-05 04:11:30+00:00,1121484,"in january 2021, <a href=""http://troyhunt.com/nameless-malware-discovered-by-nordlocker-is-now-in-have-i-been-pwned"" target=""_blank"" rel=""noopener"">nordlocker provided hibp 1.1 million email addresses collected by nameless malware</a>. the malware campaign ran between 2018 and 2020 and infected 3.25 million computers, stealing files, credentials and taking screenshots and photos using the computer's webcam. <a href=""https://nordlocker.com/malware-analysis/"" target=""_blank"" rel=""noopener"">read more in nordlocker's writeup about the nameless malware that stole 1.2 tb of private data.</a>",https://haveibeenpwned.com/content/images/pwnedlogos/list.png,['email addresses'],True,False,True,False,False,True,False
napsgear,napsgear,napsgear.org,2015-10-21,2018-09-10 11:07:00+00:00,2018-09-10 11:07:00+00:00,287071,"in october 2015, the anabolic steroids retailer <a href=""https://thinksteroids.com/community/threads/warning-naps-customer-database-compromised.134375549/"" target=""_blank"" rel=""noopener"">napsgear suffered a data breach</a>. an extensive amount of personal information on 287k customers was exposed including email addresses, names, addresses, phone numbers, purchase histories and salted md5 password hashes.",https://haveibeenpwned.com/content/images/pwnedlogos/napsgear.png,"['dates of birth', 'email addresses', 'genders', 'names', 'passwords', 'phone numbers', 'physical addresses', 'purchases']",True,False,True,False,False,False,False
naughtyamerica,naughty america,naughtyamerica.com,2016-03-14,2016-04-24 06:14:42+00:00,2016-04-24 06:14:42+00:00,1398630,"in march 2016, the adult website <a href=""http://www.forbes.com/sites/thomasbrewster/2016/04/14/naughty-america-fappening-hacked-porn-sites/"" target=""_blank"" rel=""noopener"">naughty america was hacked and the data consequently sold online</a>. the breach included data from numerous systems with various personal identity attributes, the largest of which had passwords stored as easily crackable md5 hashes. there were 1.4 million unique email addresses in the breach.",https://haveibeenpwned.com/content/images/pwnedlogos/naughtyamerica.png,"['dates of birth', 'email addresses', 'ip addresses', 'passwords', 'usernames', 'website activity']",True,False,True,False,False,False,False
nazapi,naz.api,,2023-09-20,2024-01-17 13:24:27+00:00,2024-01-17 13:24:27+00:00,70840771,"in september 2023, <a href=""https://www.troyhunt.com/inside-the-massive-naz-api-credential-stuffing-list/"" target=""_blank"" rel=""noopener"">over 100gb of stealer logs and credential stuffing lists titled &quot;naz.api&quot; was posted to a popular hacking forum</a>. the incident contained a combination of email address and plain text password pairs alongside the service they were entered into, and standalone credential pairs obtained from unnamed sources. in total, the corpus of data included 71m unique email addresses and 100m unique passwords.",https://haveibeenpwned.com/content/images/pwnedlogos/list.png,"['email addresses', 'passwords']",True,False,False,False,False,False,False
nemoweb,nemoweb,nemoweb.net,2016-09-04,2018-09-19 03:53:20+00:00,2018-09-24 05:09:56+00:00,3472916,"in september 2016, almost 21gb of data from the french website used for &quot;standardised and decentralized means of exchange for publishing newsgroup articles&quot; <a href=""http://www.nemoweb.net/"" target=""_blank"" rel=""noopener"">nemoweb</a> was leaked from what appears to have been an unprotected mongo db. the data consisted of a large volume of emails sent to the service and included almost 3.5m unique addresses, albeit many of them auto-generated. multiple attempts were made to contact the operators of nemoweb but no response was received.",https://haveibeenpwned.com/content/images/pwnedlogos/nemoweb.png,"['email addresses', 'names']",True,False,False,False,True,False,False
neopets,neopets,neopets.com,2013-05-05,2016-07-07 23:00:10+00:00,2016-07-07 23:00:10+00:00,26892897,"in may 2016, <a href=""http://motherboard.vice.com/read/neopets-hack-another-day-another-hack-tens-of-millions-of-neopets-accounts"" target=""_blank"" rel=""noopener"">a set of breached data originating from the virtual pet website &quot;neopets&quot; was found being traded online</a>. allegedly hacked &quot;several years earlier&quot;, the data contains sensitive personal information including birthdates, genders and names as well as almost 27 million unique email addresses. passwords were stored in plain text and ip addresses were also present in the breach.",https://haveibeenpwned.com/content/images/pwnedlogos/neopets.png,"['dates of birth', 'email addresses', 'genders', 'geographic locations', 'ip addresses', 'names', 'passwords', 'usernames']",True,False,False,False,False,False,False
netease,netease,163.com,2015-10-19,2016-10-09 06:13:31+00:00,2016-10-09 06:13:31+00:00,234842089,"in october 2015, the chinese site known as <a href=""http://www.163.com"" target=""_blank"" rel=""noopener"">netease</a> (located at <a href=""http://www.163.com"" target=""_blank"" rel=""noopener"">163.com</a>) was <a href=""http://news.mydrivers.com/1/452/452173.htm"" target=""_blank"" rel=""noopener"">reported as having suffered a data breach that impacted hundreds of millions of subscribers</a>. whilst there is evidence that the data itself is legitimate (multiple hibp subscribers confirmed a password they use is in the data), due to the difficulty of emphatically verifying the chinese breach it has been flagged as &quot;unverified&quot;. the data in the breach contains email addresses and plain text passwords. <a href=""https://www.troyhunt.com/handling-chinese-data-breaches-in-have-i-been-pwned/"" target=""_blank"" rel=""noopener"">read more about chinese data breaches in have i been pwned.</a>",https://haveibeenpwned.com/content/images/pwnedlogos/netease.png,"['email addresses', 'passwords']",False,False,False,False,False,False,False
neteller,neteller,neteller.com,2010-05-17,2015-11-30 10:26:47+00:00,2015-11-30 10:26:47+00:00,3619948,"in may 2010, the e-wallet service known as neteller <a href=""http://www.forbes.com/sites/thomasbrewster/2015/11/30/paysafe-optimal-neteller-moneybookers-gambling-cyberattacks-data-breach/"" target=""_blank"" rel=""noopener"">suffered a data breach which exposed over 3.6m customers</a>. the breach was not discovered until october 2015 and included names, email addresses, home addresses and account balances.",https://haveibeenpwned.com/content/images/pwnedlogos/neteller.png,"['account balances', 'dates of birth', 'email addresses', 'genders', 'ip addresses', 'names', 'phone numbers', 'physical addresses', 'security questions and answers', 'website activity']",True,False,False,False,False,False,False
netgalley,netgalley,netgalley.com,2020-12-21,2021-02-23 01:38:21+00:00,2021-11-25 22:08:12+00:00,1436435,"in december 2020, the book promotion site <a href=""https://www.bleepingcomputer.com/news/security/netgalley-discloses-data-breach-after-website-was-hacked/"" target=""_blank"" rel=""noopener"">netgalley suffered a data breach</a>. the incident exposed 1.4 million unique email addresses alongside names, usernames, physical and ip addresses, phone numbers, dates of birth and passwords stored as salted sha-1 hashes. the data was provided to hibp by a source who requested it be attributed to pom@pompur.in.",https://haveibeenpwned.com/content/images/pwnedlogos/netgalley.png,"['dates of birth', 'email addresses', 'ip addresses', 'names', 'passwords', 'phone numbers', 'physical addresses', 'usernames']",True,False,False,False,False,False,False
netlog,netlog,netlog.com,2012-11-01,2019-07-15 10:25:07+00:00,2019-07-15 10:25:07+00:00,49038354,"in july 2018, the belgian social networking site <a href=""https://oag.ca.gov/system/files/communication%20to%20users%20-%20final_0.pdf"" target=""_blank"" rel=""noopener"">netlog identified a data breach of their systems dating back to november 2012 (pdf)</a>. although the service was discontinued in 2015, the data breach still impacted 49 million subscribers for whom email addresses and plain text passwords were exposed. the data was provided to hibp by a source who requested it be attributed to &quot;jimscott.sec@protonmail.com&quot;.",https://haveibeenpwned.com/content/images/pwnedlogos/netlog.png,"['email addresses', 'passwords']",True,False,False,False,False,False,False
netprospex,netprospex,netprospex.com,2016-09-01,2017-03-15 01:57:04+00:00,2017-03-15 01:57:04+00:00,33698126,"in 2016, a list of over 33 million individuals in corporate america sourced from dun & bradstreet's netprospex service <a href=""https://www.troyhunt.com/weve-lost-control-of-our-personal-data-including-33m-netprospex-records"" target=""_blank"" rel=""noopener"">was leaked online</a>. d&b believe the targeted marketing data was lost by a customer who purchased it from them. it contained extensive personal and corporate information including names, email addresses, job titles and general information about the employer.",https://haveibeenpwned.com/content/images/pwnedlogos/netprospex.png,"['email addresses', 'employers', 'job titles', 'names', 'phone numbers', 'physical addresses']",True,False,False,False,True,False,False
netshoes,netshoes,netshoes.com.br,2017-12-07,2017-12-10 04:01:03+00:00,2017-12-10 04:01:03+00:00,499836,"in december 2017, the online brazilian retailer known as <a href=""https://www.databreaches.net/netshoes-customer-data-possibly-hacked-500k-customers-order-info-dumped/"" target=""_blank"" rel=""noopener"">netshoes had half a million records allegedly hacked from their system posted publicly</a>. the company was contacted by local brazilian media outlet tecmundo and subsequently advised that <a href=""https://www.tecmundo.com.br/seguranca/125038-netshoes-invadida-meio-milhao-dados-clientes-vazam-internet.htm"" target=""_blank"" rel=""noopener"">no indications have been identified of an invasion of the company's systems</a>. however, netshoes' own systems successfully confirm the presence of matching identifiers and email addresses from the data set, indicating a high likelihood that the data originated from them.",https://haveibeenpwned.com/content/images/pwnedlogos/netshoes.png,"['dates of birth', 'email addresses', 'names', 'purchases']",True,False,False,False,False,False,False
nextgenupdate,nextgenupdate,nextgenupdate.com,2014-04-22,2015-06-05 04:12:29+00:00,2015-06-05 04:12:29+00:00,1194597,"early in 2014, the video game website <a href=""http://www.nextgenupdate.com"" target=""_blank"" rel=""noopener"">nextgenupdate</a> reportedly <a href=""https://leakforums.org/thread-265363"" target=""_blank"" rel=""noopener"">suffered a data breach</a> that disclosed almost 1.2 million accounts. amongst the data breach was usernames, email addresses, ip addresses and salted and hashed passwords.",https://haveibeenpwned.com/content/images/pwnedlogos/nextgenupdate.png,"['email addresses', 'ip addresses', 'passwords', 'usernames']",True,False,False,False,False,False,False
nexusmods,nexus mods,nexusmods.com,2013-07-22,2016-01-17 17:18:47+00:00,2016-01-17 17:18:47+00:00,5915013,"in december 2015, the game modding site nexus mods <a href=""http://www.nexusmods.com/games/news/12670/"" target=""_blank"" rel=""noopener"">released a statement notifying users that they had been hacked</a>. they subsequently dated the hack as having occurred in july 2013 although there is evidence to suggest the data was being traded months in advance of that. the breach contained usernames, email addresses and passwords stored as a salted hashes.",https://haveibeenpwned.com/content/images/pwnedlogos/nexusmods.png,"['email addresses', 'passwords', 'usernames']",True,False,False,False,False,False,False
nihonomaru,nihonomaru,nihonomaru.net,2015-12-01,2016-08-30 09:54:55+00:00,2016-08-30 09:54:55+00:00,1697282,"in late 2015, the anime community known as nihonomaru had their vbulletin forum hacked and 1.7 million accounts exposed. the compromised data included email and ip addresses, usernames and salted hashes of passwords.",https://haveibeenpwned.com/content/images/pwnedlogos/nihonomaru.png,"['email addresses', 'ip addresses', 'passwords', 'usernames']",True,False,False,False,False,False,False
nitro,nitro,gonitro.com,2020-09-28,2021-01-19 10:45:32+00:00,2021-01-19 10:45:32+00:00,77159696,"in september 2020, <a href=""https://www.bleepingcomputer.com/news/security/massive-nitro-data-breach-impacts-microsoft-google-apple-more/"" target=""_blank"" rel=""noopener"">the nitro pdf service suffered a massive data breach which exposed over 70 million unique email addresses</a>. the breach also exposed names, bcrypt password hashes and the titles of converted documents. the data was provided to hibp by <a href=""https://dehashed.com/"" target=""_blank"" rel=""noopener"">dehashed.com</a>.",https://haveibeenpwned.com/content/images/pwnedlogos/nitro.png,"['email addresses', 'names', 'passwords']",True,False,False,False,False,False,False
nival,nival,nival.com,2016-02-29,2016-03-03 00:32:49+00:00,2016-03-03 00:32:49+00:00,1535473,"in february 2016, the russian gaming company <a href=""http://nival.com"" target=""_blank"" rel=""noopener"">nival</a> was the target of an attack which was consequently <a href=""https://www.reddit.com/r/pwned/comments/47u1bf/operation_wrath_of_anakin_evolved"" target=""_blank"" rel=""noopener"">detailed on reddit</a>. allegedly protesting &quot;the foreign policy of russia in regards to ukraine&quot;, nival was one of several russian sites in the breach and impacted over 1.5m accounts including sensitive personal information.",https://haveibeenpwned.com/content/images/pwnedlogos/nival.png,"['avatars', 'dates of birth', 'email addresses', 'genders', 'names', 'spoken languages', 'usernames', 'website activity']",True,False,False,False,False,False,False
nonnudegirls,non nude girls,nonnudegirls.org,2013-05-21,2017-01-25 06:38:36+00:00,2017-01-25 06:38:36+00:00,75383,"in may 2013, the non-consensual voyeurism site <a href=""http://www.ibtimes.co.uk/upskirt-porn-website-hit-massive-data-leak-exposing-nearly-180000-voyeurs-1602756"" target=""_blank"" rel=""noopener"">&quot;non nude girls&quot; suffered a data breach</a>. the hack of the vbulletin forum led to the exposure of over 75k accounts along with email and ip addresses, names and plain text passwords.",https://haveibeenpwned.com/content/images/pwnedlogos/nonnudegirls.png,"['email addresses', 'ip addresses', 'names', 'passwords', 'usernames', 'website activity']",True,False,True,False,False,False,False
notacxiom,not acxiom,,2020-06-21,2022-11-22 19:17:40+00:00,2022-11-22 19:17:40+00:00,51730831,"in 2020, <a href=""https://www.troyhunt.com/data-breach-misattribution-acxiom-live-ramp/"" target=""_blank"" rel=""noopener"">a corpus of data containing almost a quarter of a billion records spanning over 400 different fields was misattributed to database marketing company acxiom</a> and subsequently circulated within the hacking community. on review, acxiom concluded that &quot;the claims are indeed false and that the data, which has been readily available across multiple environments, does not come from acxiom and is in no way the subject of an acxiom breach&quot;. the data contained almost 52m unique email addresses.",https://haveibeenpwned.com/content/images/pwnedlogos/list.png,"['email addresses', 'ip addresses', 'names', 'phone numbers', 'physical addresses']",False,False,False,False,False,False,False
nulledch,nulled.ch,nulled.ch,2020-05-20,2020-05-24 07:05:43+00:00,2020-05-24 07:05:43+00:00,43491,"in may 2020, the hacking forum <a href=""https://www.nulled.ch/"" target=""_blank"" rel=""noopener"">nulled.ch</a> was breached and the data published to a rival hacking forum. over 43k records were compromised and included ip and email addresses, usernames and passwords stored as salted md5 hashes alongside the private message history of the website's admin. the data was provided to hibp by a source who requested it be attributed to &quot;split10&quot;.",https://haveibeenpwned.com/content/images/pwnedlogos/nulledch.png,"['email addresses', 'ip addresses', 'passwords', 'private messages', 'usernames']",True,False,False,False,False,False,False
nulled,nulled.cr,nulled.cr,2016-05-06,2016-05-09 11:28:01+00:00,2020-05-24 07:00:23+00:00,599080,"in may 2016, the cracking community forum known as <a href=""http://nulled.cr/"" target=""_blank"" rel=""noopener"">nulled.cr</a> was hacked and 599k user accounts were leaked publicly. the compromised data included email and ip addresses, weak salted md5 password hashes and hundreds of thousands of private messages between members.",https://haveibeenpwned.com/content/images/pwnedlogos/nulled.png,"['dates of birth', 'email addresses', 'ip addresses', 'passwords', 'private messages', 'usernames', 'website activity']",True,False,False,False,False,False,False
nurserycam,nurserycam,nurserycam.co.uk,2021-02-12,2021-02-23 07:58:02+00:00,2021-02-23 07:58:02+00:00,10585,"in february 2021, <a href=""https://www.theregister.com/2021/02/18/nurserycam_security_problems_footfallcam_ltd/"" target=""_blank"" rel=""noopener"">a series of egregiously bad security flaws were identified in the nurserycam system</a> designed for parents to remotely monitor their children whilst attending nursery. the flaws led to the exposure of over 10k parent records before the service was shut down. the email addresses alone were provided to have i been pwned to ensure parents were properly notified of the incident.",https://haveibeenpwned.com/content/images/pwnedlogos/nurserycam.png,['email addresses'],True,False,False,False,False,False,False
nvidia,nvidia,nvidia.com,2022-02-23,2022-03-02 23:50:10+00:00,2022-03-02 23:51:53+00:00,71335,"in february 2022, microchip company <a href=""https://www.zdnet.com/article/nvidia-says-employee-credentials-proprietary-information-stolen-during-cyberattack/"" target=""_blank"" rel=""noopener"">nvidia suffered a data breach that exposed employee credentials and proprietary code</a>. impacted data included over 70k employee email addresses and ntlm password hashes, many of which were subsequently cracked and circulated within the hacking community.",https://haveibeenpwned.com/content/images/pwnedlogos/nvidia.png,"['email addresses', 'passwords']",True,False,False,False,False,False,False
ogusers,ogusers (2019 breach),ogusers.com,2018-12-26,2019-05-19 22:45:45+00:00,2020-04-04 08:21:10+00:00,161143,"in may 2019, the account hijacking and sim swapping forum <a href=""https://krebsonsecurity.com/2019/05/account-hijacking-forum-ogusers-hacked/"" target=""_blank"" rel=""noopener"">ogusers suffered a data breach</a>. the breach exposed a database backup from december 2018 which was published on a rival hacking forum. there were 161k unique email addresses spread across 113k forum users and other tables in the database. the exposed data also included usernames, ip addresses, private messages and passwords stored as salted md5 hashes.",https://haveibeenpwned.com/content/images/pwnedlogos/ogusers.png,"['email addresses', 'ip addresses', 'passwords', 'private messages', 'usernames']",True,False,False,False,False,False,False
ogusers2020,ogusers (2020 breach),ogusers.com,2020-04-02,2020-04-04 08:27:13+00:00,2020-04-04 08:27:13+00:00,263189,"in april 2020, the account hijacking and sim swapping forum <a href=""https://www.zdnet.com/article/hacking-forum-gets-hacked-for-the-second-time-in-a-year/"" target=""_blank"" rel=""noopener"">ogusers suffered their second data breach in less than a year</a>. as with the previous breach, the exposed data included email and ip addresses, usernames, private messages and passwords stored as salted md5 hashes. a total of 263k email addresses across user accounts and other tables were posted to a rival hacking forum.",https://haveibeenpwned.com/content/images/pwnedlogos/ogusers.png,"['email addresses', 'ip addresses', 'passwords', 'private messages', 'usernames']",True,False,False,False,False,False,False
ogusers2021,ogusers (2021 breach),ogusers.com,2021-04-11,2022-05-16 00:40:46+00:00,2022-05-16 00:40:46+00:00,348302,"in april 2021, the account hijacking and sim swapping forum <a href=""https://www.bleepingcomputer.com/news/security/fourth-times-a-charm-ogusers-hacking-forum-hacked-again/"" target=""_blank"" rel=""noopener"">ogusers suffered a data breach</a>, the fourth since december 2018. the breach was subsequently sold on a rival hacking forum and contained usernames, email and ip addresses and passwords stored as either salted md5 or argon2 hashes. a total of 348k unique email addresses appeared in the breach.",https://haveibeenpwned.com/content/images/pwnedlogos/ogusers.png,"['email addresses', 'ip addresses', 'passwords', 'usernames']",True,False,False,False,False,False,False
ogusers2022,ogusers (2022 breach),ogusers.com,2022-07-13,2023-04-14 01:51:23+00:00,2023-04-14 01:51:23+00:00,529020,"in july 2022, the account hijacking and sim swapping forum ogusers suffered a data breach, the fifth since december 2018. the breach contained usernames, email and ip addresses and passwords stored as argon2 hashes. a total of 529k unique email addresses appeared in the breach.",https://haveibeenpwned.com/content/images/pwnedlogos/ogusers.png,"['email addresses', 'ip addresses', 'passwords', 'usernames']",True,False,False,False,False,False,False
omgpop,omgpop,omgpop.com,2013-01-01,2023-11-20 21:20:28+00:00,2023-11-20 21:20:28+00:00,7071293,"in approximately 2013, the maker of the draw something game <a href=""https://www.cpomagazine.com/cyber-security/password-breach-of-game-developer-zynga-compromises-170-million-accounts/"" target=""_blank"" rel=""noopener"">omgpop suffered a data breach</a>. formerly known as i'minlikewithyou or iilwy and later purchased by zynga, the breach exposed over 7m email address and plain text password pairs which were later leaked in 2019.",https://haveibeenpwned.com/content/images/pwnedlogos/omgpop.png,"['email addresses', 'passwords']",True,False,False,False,False,False,False
onlinetrade,online trade (онлайн трейд),onlinetrade.ru,2022-09-19,2024-03-07 06:51:12+00:00,2024-03-07 07:01:28+00:00,3805265,"in september 2022, the russian e-commerce website <a href=""https://xakep.ru/2022/09/21/new-leaks/"" target=""_blank"" rel=""noopener"">online trade (онлайн трейд) suffered a data breach</a> that exposed 3.8m customer records. the data included email and ip addresses, names, phone numbers, dates of birth and md5 password hashes.",https://haveibeenpwned.com/content/images/pwnedlogos/onlinetrade.png,"['dates of birth', 'email addresses', 'ip addresses', 'names', 'passwords', 'phone numbers']",True,False,False,False,False,False,False
onlinerspambot,onliner spambot,,2017-08-28,2017-08-29 19:25:56+00:00,2017-08-29 19:25:56+00:00,711477622,"in august 2017, a spambot by the name of <a href=""https://benkowlab.blogspot.com.au/2017/08/from-onliner-spambot-to-millions-of.html"" target=""_blank"" rel=""noopener"">onliner spambot was identified by security researcher benkow moʞuǝq</a>. the malicious software contained a server-based component located on an ip address in the netherlands which exposed a large number of files containing personal information. in total, there were 711 million unique email addresses, many of which were also accompanied by corresponding passwords. a full write-up on what data was found is in the blog post titled <a href=""https://www.troyhunt.com/inside-the-massive-711-million-record-onliner-spambot-dump"" target=""_blank"" rel=""noopener"">inside the massive 711 million record onliner spambot dump</a>.",https://haveibeenpwned.com/content/images/pwnedlogos/email.png,"['email addresses', 'passwords']",True,False,False,False,True,False,False
onverse,onverse,onverse.com,2016-01-01,2016-09-06 06:28:30+00:00,2016-09-06 06:28:30+00:00,800157,"in january 2016, the online virtual world known as <a href=""http://www.onverse.com"" target=""_blank"" rel=""noopener"">onverse</a> was hacked and 800k accounts were exposed. along with email and ip addresses, the site also exposed salted md5 password hashes.",https://haveibeenpwned.com/content/images/pwnedlogos/onverse.png,"['email addresses', 'ip addresses', 'passwords', 'usernames']",True,False,False,False,False,False,False
opencsgo,open cs:go,opencsgo.com,2017-11-28,2018-01-15 06:14:55+00:00,2018-01-15 06:14:55+00:00,512311,"in december 2017, the website for purchasing counter-strike skins known as <a href=""http://opencsgo.com"" target=""_blank"" rel=""noopener"">open cs:go</a> (counter-strike: global offensive) suffered a data breach (address since redirects to dropgun.com). the 10gb file contained an extensive amount of personal information including email and ip addresses, phone numbers, physical addresses and purchase histories. <a href=""https://www.troyhunt.com/streamlining-data-breach-disclosures-a-step-by-step-process"" target=""_blank"" rel=""noopener"">numerous attempts were made to contact open cs:go about the incident</a>, however no responses were received.",https://haveibeenpwned.com/content/images/pwnedlogos/opencsgo.png,"['avatars', 'email addresses', 'ip addresses', 'phone numbers', 'physical addresses', 'purchases', 'social media profiles', 'usernames']",True,False,False,False,False,False,False
opensubtitles,open subtitles,opensubtitles.org,2021-08-01,2022-01-19 04:51:36+00:00,2022-01-19 04:51:36+00:00,6783158,"in august 2021, the subtitling website <a href=""https://forum.opensubtitles.org/viewtopic.php?f=1&p=46835"" target=""_blank"" rel=""noopener"">open subtitles suffered a data breach and subsequent ransom demand</a>. the breach exposed almost 7m subscribers' personal data including email and ip addresses, usernames, the country of the user and passwords stored as unsalted md5 hashes.",https://haveibeenpwned.com/content/images/pwnedlogos/opensubtitles.png,"['email addresses', 'geographic locations', 'ip addresses', 'passwords', 'usernames']",True,False,False,False,False,False,False
operationendgame,operation endgame,,2024-05-30,2024-05-30 04:19:45+00:00,2024-05-31 03:22:05+00:00,16466858,"in may 2024, <a href=""https://www.troyhunt.com/operation-endgame/"" target=""_blank"" rel=""noopener"">a coalition of international law enforcement agencies took down a series of botnets in a campaign they coined &quot;operation endgame&quot;</a>. data seized in the operation included impacted email addresses and passwords which were provided to hibp to help victims learn of their exposure.",https://haveibeenpwned.com/content/images/pwnedlogos/list.png,"['email addresses', 'passwords']",True,False,False,False,False,False,True
ordersnapp,ordersnapp,ordersnapp.com,2020-06-29,2021-08-08 01:53:33+00:00,2021-08-08 02:11:56+00:00,1304447,"in june 2020, the restaurant solutions provider <a href=""https://www.riskbasedsecurity.com/2021/01/25/shinyhunters-wave-3-one-hacker-exposes-over-125-million-credentials/"" target=""_blank"" rel=""noopener"">ordersnapp suffered a data breach</a> which exposed 1.3m unique email addresses. impacted data also included names, phone numbers, dates of birth and passwords stored as bcrypt hashes. the data was provided to hibp by <a href=""https://dehashed.com/"" target=""_blank"" rel=""noopener"">dehashed.com</a>.",https://haveibeenpwned.com/content/images/pwnedlogos/ordersnapp.png,"['dates of birth', 'email addresses', 'names', 'passwords', 'phone numbers']",True,False,False,False,False,False,False
ordineavvocatidiroma,ordine avvocati di roma,ordineavvocatiroma.it,2019-05-07,2019-05-26 23:24:11+00:00,2019-05-26 23:24:11+00:00,41960,"in may 2019, <a href=""https://roma.repubblica.it/cronaca/2019/05/07/news/roma_anonymus_viola_la_mail_di_30mila_avvocati_c_e_anche_quella_di_raggi-225675248/"" target=""_blank"" rel=""noopener"">the lawyers order of rome suffered a data breach by a group claiming to be anonymous italy</a>. data on tens of thousands of roman lawyers was taken from the breached system and redistributed online. the data included contact information, email addresses and email messages themselves encompassing tens of thousands of unique email addresses. a total of 42k unique addresses appeared in the breach.",https://haveibeenpwned.com/content/images/pwnedlogos/ordineavvocatidiroma.png,"['email addresses', 'email messages', 'geographic locations', 'passwords', 'phone numbers']",True,False,False,False,False,False,False
ovh,ovh,ovh.com,2015-05-01,2016-12-27 07:49:12+00:00,2016-12-27 07:49:12+00:00,452899,"in mid-2015, the forum for the hosting provider known as <a href=""https://www.ovh.com"" target=""_blank"" rel=""noopener"">ovh</a> suffered a data breach. the vbulletin forum contained 453k accounts including usernames, email and ip addresses and passwords stored as salted md5 hashes.",https://haveibeenpwned.com/content/images/pwnedlogos/ovh.png,"['email addresses', 'ip addresses', 'passwords', 'usernames']",True,False,False,False,False,False,False
ownedcore,ownedcore,ownedcore.com,2013-08-01,2016-02-06 02:53:13+00:00,2016-02-06 02:53:13+00:00,880331,"in approximately august 2013, the world of warcraft exploits forum known as <a href=""http://www.ownedcore.com"" target=""_blank"" rel=""noopener"">ownedcore</a> was hacked and more than 880k accounts were exposed. the vbulletin forum included ip addresses and passwords stored as salted hashes using a weak implementation enabling many to be rapidly cracked.",https://haveibeenpwned.com/content/images/pwnedlogos/ownedcore.png,"['email addresses', 'ip addresses', 'passwords', 'usernames']",True,False,False,False,False,False,False
oxfam,oxfam,oxfam.org.au,2021-01-20,2021-03-02 07:07:00+00:00,2021-03-02 07:07:00+00:00,1834006,"in january 2021, <a href=""https://www.oxfam.org.au/updates-suspected-data-incident/"" target=""_blank"" rel=""noopener"">oxfam australia was the victim of a data breach</a> which exposed 1.8m unique email addresses of supporters of the charity. the data was put up for sale on a popular hacking forum and also included names, phone numbers, addresses, genders and dates of birth. a small number of people also had partial credit card data exposed (the first 6 and last 3 digits of the card, plus card type and expiry) and in some cases the bank name, account number and bsb were also exposed. the data was subsequently made freely available on the hacking forum later the following month.",https://haveibeenpwned.com/content/images/pwnedlogos/oxfam.png,"['bank account numbers', 'dates of birth', 'email addresses', 'genders', 'names', 'partial credit card data', 'payment histories', 'phone numbers', 'physical addresses']",True,False,False,False,False,False,False
paddypower,paddy power,paddypower.com,2010-10-25,2015-10-11 01:26:05+00:00,2015-10-11 01:26:05+00:00,590954,"in october 2010, the irish bookmaker <a href=""http://www.telegraph.co.uk/technology/internet-security/11005558/irish-government-disappointed-over-paddy-power-hack.html"" target=""_blank"" rel=""noopener"">paddy power suffered a data breach</a> that exposed 750,000 customer records with nearly 600,000 unique email addresses. the breach was not disclosed until july 2014 and contained extensive personal information including names, addresses, phone numbers and plain text security questions and answers.",https://haveibeenpwned.com/content/images/pwnedlogos/paddypower.png,"['account balances', 'dates of birth', 'email addresses', 'ip addresses', 'names', 'phone numbers', 'physical addresses', 'security questions and answers', 'usernames', 'website activity']",True,False,False,False,False,False,False
pampling,pampling,pampling.com,2020-01-04,2023-08-31 05:09:24+00:00,2023-09-03 06:23:38+00:00,383468,"in january 2020, <a href=""https://www.elespanol.com/omicrono/20200308/comprado-camiseta-pampling-cambia-contrasena-seguridad/473202676_0.html"" target=""_blank"" rel=""noopener"">the online clothing retailer pampling suffered a data breach</a> that exposed 383k unique customer email addresses. the data was later shared on a popular hacking forum and also included names, usernames and unsalted md5 password hashes.",https://haveibeenpwned.com/content/images/pwnedlogos/pampling.png,"['email addresses', 'names', 'passwords', 'usernames']",True,False,False,False,False,False,False
pandabuy,pandabuy,pandabuy.com,2024-03-31,2024-04-01 08:34:24+00:00,2024-04-01 08:34:24+00:00,1348407,"in march 2024, <a href=""https://twitter.com/troyhunt/status/1774704266500043067"" target=""_blank"" rel=""noopener"">1.3m unique email addresses from the online store for purchasing goods from china, pandabuy, were posted to a popular hacking forum</a>. the data also included ip and physical addresses, names, phone numbers and order enquiries. the breach was alleged to be attributed to &quot;sanggiero&quot; and &quot;intelbroker&quot;.",https://haveibeenpwned.com/content/images/pwnedlogos/pandabuy.png,"['email addresses', 'ip addresses', 'names', 'phone numbers', 'physical addresses']",True,False,False,False,False,False,False
paragoncheats,paragon cheats,paragoncheats.com,2021-05-22,2022-05-14 02:26:40+00:00,2022-05-14 02:32:52+00:00,188089,"in may 2021, the grand theft auto online cheats website <a href=""https://screenrant.com/gta-online-cheater-mod-shut-down/"" target=""_blank"" rel=""noopener"">paragon cheats suffered a data breach that lead to the shutdown of the service</a>. the breach exposed 188k customer records including usernames, email and ip addresses. the data was provided to hibp by a source who requested it be attributed to &quot;vrairhead and xfuey&quot;.",https://haveibeenpwned.com/content/images/pwnedlogos/paragoncheats.png,"['browser user agent details', 'email addresses', 'ip addresses', 'usernames']",True,False,False,False,False,False,False
parkmobile,parkmobile,parkmobile.io,2021-03-21,2021-04-30 03:07:24+00:00,2021-04-30 03:07:24+00:00,20949825,"in march 2021, the mobile parking app service <a href=""https://krebsonsecurity.com/2021/04/parkmobile-breach-exposes-license-plate-data-mobile-numbers-of-21m-users/"" target=""_blank"" rel=""noopener"">parkmobile suffered a data breach which exposed 21 million customers' personal data</a>. the impacted data included email addresses, names, phone numbers, vehicle licence plates and passwords stored as bcrypt hashes. the following month, the data appeared on a public hacking forum where it was extensively redistributed.",https://haveibeenpwned.com/content/images/pwnedlogos/parkmobile.png,"['email addresses', 'licence plates', 'names', 'passwords', 'phone numbers']",True,False,False,False,False,False,False
patreon,patreon,patreon.com,2015-10-01,2015-10-02 02:29:20+00:00,2021-08-10 06:52:47+00:00,2330382,"in october 2015, the crowdfunding site <a href=""http://www.zdnet.com/article/patreon-hacked-anonymous-patrons-exposed/"" target=""_blank"" rel=""noopener"">patreon was hacked</a> and over 16gb of data was released publicly. the dump included almost 14gb of database records with more than 2.3m unique email addresses,  millions of personal messages and passwords stored as bcrypt hashes.",https://haveibeenpwned.com/content/images/pwnedlogos/patreon.png,"['email addresses', 'passwords', 'payment histories', 'physical addresses', 'private messages', 'website activity']",True,False,False,False,False,False,False
payasugym,payasugym,payasugym.com,2016-12-15,2016-12-17 06:45:44+00:00,2016-12-17 06:45:44+00:00,400260,"in december 2016, <a href=""https://twitter.com/real_1x0123/status/809443917984911364"" target=""_blank"" rel=""noopener"">an attacker breached payasugym's website</a> exposing over 400k customers' personal data. the data was consequently leaked publicly and broadly distributed via twitter. the leaked data contained personal information including email addresses and passwords hashed using md5 without a salt.",https://haveibeenpwned.com/content/images/pwnedlogos/payasugym.png,"['browser user agent details', 'email addresses', 'ip addresses', 'names', 'partial credit card data', 'passwords', 'phone numbers', 'website activity']",True,False,False,False,False,False,False
payhere,payhere,payhere.lk,2022-03-27,2022-05-02 05:26:25+00:00,2022-05-02 08:27:23+00:00,1580249,"in late march 2022, the sri lankan payment gateway <a href=""https://www.yoshlk.me/technicity/payhere-hack/"" target=""_blank"" rel=""noopener"">payhere suffered a data breach that exposed more than 65gb of payment records</a> including over 1.5m unique email addresses. the data also included ip and physical addresses, names, phone numbers, purchase histories and partially obfuscated credit card data (card type, first 6 and last 4 digits plus expiry date). a month later, payhere published a blog on the incident titled <a href=""https://blog.payhere.lk/ensuring-integrity-on-payhere-cybersecurity-incident/"" target=""_blank"" rel=""noopener"">ensuring integrity on payhere cybersecurity incident</a>.",https://haveibeenpwned.com/content/images/pwnedlogos/payhere.png,"['email addresses', 'ip addresses', 'names', 'partial credit card data', 'phone numbers', 'physical addresses', 'purchases']",True,False,False,False,False,False,False
paysystemtech,paysystem.tech,paysystem.tech,2022-04-29,2023-10-08 23:07:02+00:00,2023-10-08 23:07:02+00:00,1410764,"in mid-2022, <a href=""https://twitter.com/troyhunt/status/1711145477872431529"" target=""_blank"" rel=""noopener"">data alleged to have been sourced from the russian payment provider paysystem.tech appeared in hacking circles where it was made publicly available for download</a>. consisting of 16m rows with 1.4m unique email addresses, the data also included purchases and full credit card numbers and expiry dates. the data could not be independently attributed back to paysystem.tech and the breach has been flagged as &quot;unverified&quot;.",https://haveibeenpwned.com/content/images/pwnedlogos/paysystemtech.png,"['credit cards', 'email addresses', 'purchases']",False,False,False,False,False,False,False
paytm,paytm,paytm.com,2020-08-30,2022-07-26 23:17:02+00:00,2022-07-29 00:10:06+00:00,3395101,"in august 2020, the indian payment provider <a href=""https://economictimes.indiatimes.com/tech/internet/paytm-mall-suffers-massive-breach-ransom-demanded-report/articleshow/77833664.cms"" target=""_blank"" rel=""noopener"">paytm was reported as having suffered a data breach and subsequent ransom demand</a>, after which the data was circulated publicly. further investigation into the data concluded that <a href=""https://twitter.com/troyhunt/status/1552808334759043073 target=""_blank"" rel=""noopener"">the breach was fabricated and did not originate from paytm</a>. the impacted data covered 3.4m unique email addresses along with names, phone numbers, genders, dates of birth, income levels and previous purchases.",https://haveibeenpwned.com/content/images/pwnedlogos/paytm.png,"['dates of birth', 'email addresses', 'genders', 'geographic locations', 'income levels', 'names', 'phone numbers', 'purchases']",True,True,False,False,False,False,False
pctattletale,pctattletale,pctattletale.com,2024-05-25,2024-05-25 21:38:18+00:00,2024-05-25 21:38:18+00:00,138751,"in may 2024, <a href=""https://www.bleepingcomputer.com/news/security/hacker-defaces-spyware-apps-site-dumps-database-and-source-code/"" target=""_blank"" rel=""noopener"">the spyware service pctattletale suffered a data breach that defaced the website and posted tens of gigabytes of data to the homepage</a>, allegedly due to pctattletale not responding to a previous security vulnerability report. the breach exposed data including membership records, infected pc names, captured messages and extensive logs of ip addresses and device information.",https://haveibeenpwned.com/content/images/pwnedlogos/pctattletale.png,"['device information', 'email addresses', 'ip addresses', 'names', 'passwords', 'phone numbers', 'physical addresses', 'sms messages', 'usernames']",True,False,False,False,False,False,False
peatix,peatix,peatix.com,2019-01-20,2020-12-06 22:53:53+00:00,2020-12-06 22:53:53+00:00,4227907,"in january 2019, the event organising platform <a href=""https://www.zdnet.com/article/hacker-leaks-the-user-data-of-event-management-app-peatix/"" target=""_blank"" rel=""noopener"">peatix suffered a data breach</a>. the incident exposed 4.2m email addresses, names and salted password hashes. the data was provided to hibp by <a href=""https://dehashed.com/"" target=""_blank"" rel=""noopener"">dehashed.com</a>.",https://haveibeenpwned.com/content/images/pwnedlogos/peatix.png,"['email addresses', 'names', 'passwords']",True,False,False,False,False,False,False
pemiblanc,pemiblanc,pemiblanc.com,2018-04-02,2018-07-09 22:16:26+00:00,2018-07-09 22:16:26+00:00,110964206,"in april 2018, a credential stuffing list containing 111 million email addresses and passwords known as <a href=""https://www.troyhunt.com/the-111-million-pemiblanc-credential-stuffing-list"" target=""_blank"" rel=""noopener"">pemiblanc</a> was discovered on a french server. the list contained email addresses and passwords collated from different data breaches and used to mount account takeover attacks against other services. <a href=""https://www.troyhunt.com/the-111-million-pemiblanc-credential-stuffing-list"" target=""_blank"" rel=""noopener"">read more about the incident.</a>",https://haveibeenpwned.com/content/images/pwnedlogos/list.png,"['email addresses', 'passwords']",False,False,False,False,False,False,False
peoplesenergy,people's energy,peoplesenergy.co.uk,2020-12-16,2021-02-23 03:25:44+00:00,2021-11-25 22:08:12+00:00,358822,"in december 2020, the uk power company <a href=""https://www.bbc.com/news/technology-55350995"" target=""_blank"" rel=""noopener"">people's energy suffered a data breach</a>. the breach exposed almost 7gb of files containing 359k unique email addresses along with names, phones numbers, physical addresses and dates of birth. the incident also included people's energy staff email addresses and bcrypt password hashes (no customer passwords were exposed). the data was provided to hibp by a source who requested it be attributed to pom@pompur.in.",https://haveibeenpwned.com/content/images/pwnedlogos/peoplesenergy.png,"['dates of birth', 'email addresses', 'names', 'passwords', 'phone numbers', 'physical addresses']",True,False,False,False,False,False,False
petflow,petflow,petflow.com,2017-12-09,2020-05-26 02:48:24+00:00,2020-05-26 02:48:24+00:00,990919,"in december 2017, the pet care delivery service <a href=""https://techcrunch.com/2019/02/14/hacker-strikes-again/"" target=""_blank"" rel=""noopener"">petflow suffered a data breach which consequently appeared for sale on a dark web marketplace</a>. almost 1m accounts were impacted and exposed email addresses and passwords stored as unsalted md5 hashes. the data was provided to hibp by a source who requested it be attributed to &quot;nano@databases.pw&quot;.",https://haveibeenpwned.com/content/images/pwnedlogos/petflow.png,"['email addresses', 'passwords']",True,False,False,False,False,False,False
certpolandphish,phished data via cert poland,,2023-02-25,2023-08-31 05:53:44+00:00,2023-08-31 05:53:44+00:00,67943,"in august 2023, <a href=""https://www.troyhunt.com/68k-polish-phishing-victims-are-now-searchable-in-have-i-been-pwned-courtesy-of-cert-poland"" target=""_blank"" rel=""noopener"">cert poland observed a phishing campaign that collected credentials from 68k victims</a>. the campaign collected email addresses and passwords via a phishing email masquerading as a purchase order confirmation. cert poland identified a further 202 other phishing campaigns operating on the same c2 server, which has now been dismantled.",https://haveibeenpwned.com/content/images/pwnedlogos/list.png,"['email addresses', 'passwords']",True,False,False,False,False,False,True
phoenix,phoenix,phoenixim.ddns.net,2021-06-05,2023-10-17 02:27:58+00:00,2023-10-17 02:27:58+00:00,74776,"in mid-2021, the &quot;vintage messaging reborn&quot; service <a href=""https://prnt.sc/_t-usfo2rhqp"" target=""_blank"" rel=""noopener"">phoenix suffered a data breach</a> that exposed 75k unique email addresses. the breach also exposed ip addresses, usernames and passwords.",https://haveibeenpwned.com/content/images/pwnedlogos/phoenix.png,"['email addresses', 'ip addresses', 'passwords', 'usernames']",True,False,False,False,False,False,False
phonehouse,phone house españa,phonehouse.es,2021-04-08,2021-04-22 05:59:07+00:00,2021-04-22 05:59:07+00:00,5223350,"in april 2021, the spanish retailer <a href=""https://thetechzone.online/cyberattack-on-phone-house-with-ransomware-and-possible-data-breach/"" target=""_blank"" rel=""noopener"">phone house allegedly suffered a ransomware attack that also exposed significant volumes of customer data</a>. attributed to the babuk ransomware, a collection of data alleged to be a subset of a larger corpus was posted to a dark web site and contained 5.2m email addresses along with names, nationalities, genders, dates of birth, phone numbers and physical addresses. phone house has been threatened with further releases if a ransom is not paid.",https://haveibeenpwned.com/content/images/pwnedlogos/phonehouse.png,"['dates of birth', 'email addresses', 'genders', 'names', 'nationalities', 'phone numbers', 'physical addresses']",True,False,False,False,False,False,False
phpfreaks,php freaks,phpfreaks.com,2015-10-27,2015-10-30 14:19:52+00:00,2015-10-30 14:19:52+00:00,173891,"in october 2015, the php discussion board <a href=""http://forums.phpfreaks.com/topic/298874-alert-the-phpfreaks-forum-members-data-appears-to-have-been-stolen"" target=""_blank"" rel=""noopener"">php freaks was hacked</a> and 173k user accounts were publicly leaked. the breach included multiple personal data attributes as well as salted and hashed passwords.",https://haveibeenpwned.com/content/images/pwnedlogos/phpfreaks.png,"['dates of birth', 'email addresses', 'ip addresses', 'passwords', 'usernames', 'website activity']",True,False,False,False,False,False,False
pipingrock,piping rock,pipingrock.com,2024-04-24,2024-04-26 01:13:39+00:00,2024-04-26 01:13:39+00:00,2103100,"in april 2024, <a href=""https://cybernews.com/news/piping-rock-data-breach/"" target=""_blank"" rel=""noopener"">2.1m email addresses from the online health products store piping rock were publicly posted to a popular hacking forum</a>. the data also included names, phone numbers and physical addresses. the account posting the data had previously posted multiple other data breaches which all appear to have been obtained from the shopify service used by the respective websites.",https://haveibeenpwned.com/content/images/pwnedlogos/pipingrock.png,"['email addresses', 'names', 'phone numbers', 'physical addresses']",True,False,False,False,False,False,False
pixelfederation,pixel federation,pixelfederation.com,2013-12-04,2013-12-06 00:00:00+00:00,2013-12-06 00:00:00+00:00,38108,"in december 2013, a <a href=""http://www.cyberwarnews.info/2013/12/04/pixel-federation-hacked-38000-user-credentials-leaked"" target=""_blank"" rel=""noopener"">breach of the web-based game community based in slovakia</a> exposed over 38,000 accounts which  were promptly posted online. the breach included email addresses and unsalted md5 hashed passwords, many of which were easily converted back to plain text.",https://haveibeenpwned.com/content/images/pwnedlogos/pixelfederation.png,"['email addresses', 'passwords']",True,False,False,False,False,False,False
pixlr,pixlr,pixlr.com,2020-10-07,2021-02-01 03:40:29+00:00,2021-02-01 03:40:29+00:00,1906808,"in october 2020, the online photo editing application <a href=""https://www.bleepingcomputer.com/news/security/hacker-posts-19-million-pixlr-user-records-for-free-on-forum/"" target=""_blank"" rel=""noopener"">pixlr suffered a data breach</a> exposing 1.9 million subscribers. impacted data included names, email addresses, social media profiles, the country signed up from and passwords stored as sha-512 hashes. the data was provided to hibp by <a href=""https://dehashed.com/"" target=""_blank"" rel=""noopener"">dehashed.com</a>.",https://haveibeenpwned.com/content/images/pwnedlogos/pixlr.png,"['email addresses', 'geographic locations', 'names', 'passwords', 'social media profiles']",True,False,False,False,False,False,False
pizap,pizap,pizap.com,2017-12-07,2019-07-16 05:43:27+00:00,2019-07-16 05:43:27+00:00,41817893,"in approximately december 2017, the online photo editing site <a href=""https://www.zdnet.com/article/hacker-puts-up-for-sale-third-round-of-hacked-databases-on-the-dark-web/"" target=""_blank"" rel=""noopener"">pizap suffered a data breach</a>. the data was later placed up for sale on a dark web marketplace along with a collection of other data breaches in february 2019. a total of 42 million unique email addresses were included in the breach alongside names, genders and links to facebook profiles when the social media platform was used to authenticate to pizap. when accounts were created directly on pizap without using facebook for authentication, passwords stored as sha-1 hashes were also exposed. the data was provided to hibp by a source who requested it be attributed to &quot;jimscott.sec@protonmail.com&quot;.",https://haveibeenpwned.com/content/images/pwnedlogos/pizap.png,"['email addresses', 'genders', 'geographic locations', 'names', 'passwords', 'social media profiles', 'usernames', 'website activity']",True,False,False,False,False,False,False
planetcalypso,planet calypso,planetcalypsoforum.com,2019-07-01,2020-01-12 09:48:57+00:00,2020-01-12 09:48:57+00:00,62261,"in approximately july 2019, <a href=""http://www.planetcalypsoforum.com/forums/showthread.php?311854-et-or-planet-forums-ever-hacked"" target=""_blank"" rel=""noopener"">the forums for the planet calypso game suffered a data breach</a>. the breach of the vbulletin based forum exposed email and ip addresses, usernames and passwords stored as salted md5 hashes.",https://haveibeenpwned.com/content/images/pwnedlogos/planetcalypso.png,"['email addresses', 'ip addresses', 'passwords', 'usernames']",True,False,False,False,False,False,False
planetice,planet ice,planet-ice.co.uk,2023-01-14,2023-01-31 02:00:53+00:00,2023-01-31 02:00:53+00:00,240488,"in january 2023, the uk-based ice skating rink booking service <a href=""https://www.bristolpost.co.uk/news/bristol-news/bristol-planet-ice-cyber-attack-8076491"" target=""_blank"" rel=""noopener"">planet ice suffered a data breach</a>. the incident exposed the personal data of 240k people including email and physical addresses, phone numbers, genders, dates of birth and passwords stored as md5 hashes. the data also included the names, genders and dates of birth of children having parties.",https://haveibeenpwned.com/content/images/pwnedlogos/planetice.png,"['dates of birth', 'email addresses', 'genders', 'ip addresses', 'names', 'passwords', 'phone numbers', 'physical addresses', 'purchases']",True,False,False,False,False,False,False
playbook,playbook,playbook.vc,2020-10-19,2021-10-11 23:39:05+00:00,2021-10-11 23:39:05+00:00,50538,"in september 2021, <a href=""https://www.bankinfosecurity.com/articles.php?art_id=17696"" target=""_blank"" rel=""noopener"">a publicly accessible postgressql database belonging to the playbook service was identified</a>. run by vc firm plug and play ventures, the database had been exposed since october 2020 and contained more than 50 thousand unique email addresses along with names, phone numbers, job titles and passwords stored as pbkdf2 hashes. it took more than 2 weeks after being notified of the exposed data to properly secure it. it's unknown whether plug and play ventures notified impacted individuals as they ceased responding to queries from the press.",https://haveibeenpwned.com/content/images/pwnedlogos/playbook.png,"['email addresses', 'job titles', 'names', 'passwords', 'phone numbers', 'social media profiles']",True,False,False,False,False,False,False
playcybergames,playcybergames,playcybergames.com,2023-08-09,2023-08-31 02:22:55+00:00,2023-08-31 02:22:55+00:00,3681753,"in august 2023, playcybergames which &quot;allows users to play any games with lan function or games using ip address&quot; suffered a data breach which exposed 3.7m customer records. the data included email addresses, usernames and md5 password hashes with a constant value in the &quot;salt&quot; field. playcybergames did not respond to multiple attempts to disclose the breach.",https://haveibeenpwned.com/content/images/pwnedlogos/playcybergames.png,"['email addresses', 'passwords', 'usernames']",True,False,False,False,False,False,False
plex,plex,plex.tv,2015-07-02,2016-02-08 01:35:48+00:00,2016-02-08 01:35:48+00:00,327314,"in july 2015, the discussion forum for plex media centre <a href=""https://blog.plex.tv/2015/07/02/security-notice-forum-user-password-resets"" target=""_blank"" rel=""noopener"">was hacked and over 327k accounts exposed</a>. the ip.board forum included ip addresses and passwords stored as salted hashes using a weak implementation enabling many to be rapidly cracked.",https://haveibeenpwned.com/content/images/pwnedlogos/plex.png,"['email addresses', 'ip addresses', 'passwords', 'usernames']",True,False,False,False,False,False,False
plutotv,pluto tv,pluto.tv,2018-10-12,2020-12-05 22:27:36+00:00,2020-12-05 22:36:02+00:00,3225080,"in october 2018, the internet television service <a href=""https://www.vice.com/en/article/88a8ma/pluto-tv-hacked-data-breach"" target=""_blank"" rel=""noopener"">pluto tv suffered a data breach</a> which was then shared extensively in hacking communities. pluto tv &quot;decided not to proactively inform users of the breach&quot; which contained 3.2m unique email and ip addresses, names, usernames, genders, dates of birth and passwords stored as bcrypt hashes. the data was provided to hibp by <a href=""https://dehashed.com/"" target=""_blank"" rel=""noopener"">dehashed.com</a>.",https://haveibeenpwned.com/content/images/pwnedlogos/plutotv.png,"['dates of birth', 'device information', 'email addresses', 'genders', 'ip addresses', 'names', 'passwords', 'social media profiles', 'usernames']",True,False,False,False,False,False,False
pokebip,pokébip,pokebip.com,2015-07-28,2016-09-09 04:43:00+00:00,2016-09-09 04:43:00+00:00,657001,"in july 2015, the french pokémon site <a href=""https://www.pokebip.com/news3382__message_de_securite_de_l_equipe_pokebip_.html"" target=""_blank"" rel=""noopener"">pokébip suffered a data breach</a> which exposed 657k subscriber identities. the data included email and ip addresses, usernames and passwords stored as unsalted md5 hashes.",https://haveibeenpwned.com/content/images/pwnedlogos/pokebip.png,"['email addresses', 'ip addresses', 'passwords', 'time zones', 'usernames', 'website activity']",True,False,False,False,False,False,False
pokemoncreed,pokémon creed,pokemoncreed.net,2014-08-08,2014-08-10 00:03:59+00:00,2014-08-10 00:03:59+00:00,116465,"in august 2014, the pokémon rpg website <a href=""http://pokemoncreed.net"" target=""_blank"" rel=""noopener"">pokémon creed</a> was hacked after a dispute with rival site, <a href=""http://pkmndusk.in"" target=""_blank"" rel=""noopener"">pokémon dusk</a>. in a <a href=""https://www.facebook.com/ramandeep.s.dehal/posts/749666358442465"" target=""_blank"" rel=""noopener"">post on facebook</a>, &quot;cruz dusk&quot; announced the hack then pasted the dumped mysql database on <a href=""http://pkmndusk.in"" target=""_blank"" rel=""noopener"">pkmndusk.in</a>. the breached data included over 116k usernames, email addresses and plain text passwords.",https://haveibeenpwned.com/content/images/pwnedlogos/pokemoncreed.png,"['email addresses', 'genders', 'ip addresses', 'passwords', 'usernames', 'website activity']",True,False,False,False,False,False,False
pokemonnegro,pokémon negro,pokemonnegro.com,2016-10-01,2017-01-03 20:45:24+00:00,2017-01-03 20:45:24+00:00,830155,"in approximately october 2016, the spanish pokémon site <a href=""http://pokemonnegro.com"" target=""_blank"" rel=""noopener"">pokémon negro</a> suffered a data breach. the attack resulted in the disclosure of 830k accounts including email and ip addresses along with plain text passwords. pokémon negro did not respond when contacted about the breach.",https://haveibeenpwned.com/content/images/pwnedlogos/pokemonnegro.png,"['email addresses', 'ip addresses', 'passwords']",True,False,False,False,False,False,False
policeone,policeone,policeone.com,2014-07-01,2017-11-15 07:57:11+00:00,2017-11-15 07:57:11+00:00,709926,"in february 2017, the law enforcement website <a href=""http://www.zdnet.com/article/police-forum-hacked-thousands-of-records-for-sale-on-dark-web/"" target=""_blank"" rel=""noopener"">policeone confirmed they'd suffered a data breach</a>. the breach contained over 700k accounts which appeared for sale by a data broker and included email and ip addresses, usernames and salted md5 password hashes. the file the data was contained in indicated the original breach dated back to july 2014.",https://haveibeenpwned.com/content/images/pwnedlogos/policeone.png,"['email addresses', 'ip addresses', 'passwords', 'usernames']",True,False,False,False,False,False,False
polishcredentials,polish credentials,,2023-05-29,2023-05-30 23:13:32+00:00,2023-05-30 23:13:32+00:00,1204870,"in may 2023, <a href=""https://zaufanatrzeciastrona.pl/post/kilka-milionow-loginow-i-hasel-z-polski-wycieklo-do-sieci/"" target=""_blank"" rel=""noopener"">a credential stuffing list of 6.3m polish email address and password pairs appeared on a local forum</a>. likely obtained by malware running on victims' machines, each record included an email address and plain text password alongside the website the credentials were used on. the data included 1.2m unique email addresses.",https://haveibeenpwned.com/content/images/pwnedlogos/polishcredentials.png,"['email addresses', 'passwords']",True,False,False,False,False,False,False
poshmark,poshmark,poshmark.com,2018-05-16,2019-09-02 03:36:05+00:00,2019-09-02 03:44:37+00:00,36395491,"in mid-2018, social commerce marketplace <a href=""https://techcrunch.com/2019/08/01/poshmark-confirms-data-breach/"" target=""_blank"" rel=""noopener"">poshmark suffered a data breach</a> that exposed 36m user accounts. the compromised data included email addresses, names, usernames, genders, locations and passwords stored as bcrypt hashes. the data was provided to hibp by a source who requested it be attributed to ""jimscott.sec@protonmail.com"".",https://haveibeenpwned.com/content/images/pwnedlogos/poshmark.png,"['email addresses', 'genders', 'geographic locations', 'names', 'passwords', 'usernames']",True,False,False,False,False,False,False
powerbot,powerbot,powerbot.org,2014-09-01,2017-07-01 16:12:37+00:00,2017-07-01 16:12:37+00:00,503501,"in approximately september 2014, the runescape bot website <a href=""https://www.powerbot.org"" target=""_blank"" rel=""noopener"">powerbot</a> suffered a data breach resulting in the exposure of over half a million unique user records. the data contained email and ip addresses, usernames and salted md5 hashes of passwords. the site was previously reported as compromised on the <a href=""https://vigilante.pw/"" target=""_blank"" rel=""noopener"">vigilante.pw</a> breached database directory.",https://haveibeenpwned.com/content/images/pwnedlogos/powerbot.png,"['email addresses', 'ip addresses', 'passwords', 'usernames']",True,False,False,False,False,False,False
ppcgeeks,ppcgeeks,ppcgeeks.com,2016-08-19,2022-07-18 22:20:50+00:00,2022-07-18 22:20:50+00:00,492518,"in august 2016, the pocket pc fan site forum <a href=""https://web.archive.org/web/20210227221024/https://forum.ppcgeeks.com/site-news-announcements/153465-urgent-ppcgeeks-hacked-database-dumped.html"" target=""_blank"" rel=""noopener"">ppcgeeks suffered a data breach that exposed over 490k records</a>. the breach of the vbulletin forum exposed email and ip addresses, usernames, dates of birth and passwords stored as salted md5 hashes. the data was provided to hibp by a source who requested it be attributed to &quot;fall1984@protonmail.com&quot;.",https://haveibeenpwned.com/content/images/pwnedlogos/ppcgeeks.png,"['dates of birth', 'email addresses', 'ip addresses', 'passwords', 'usernames']",True,False,False,False,False,False,False
preenme,preen.me,preen.me,2020-05-25,2022-05-26 00:58:43+00:00,2022-05-26 00:58:43+00:00,236105,"in may 2020, social media marketing company <a href=""https://www.riskbasedsecurity.com/2020/06/24/personal-data-of-350000-social-media-influencers-and-users-compromised-following-preen-me-hack/"" target=""_blank"" rel=""noopener"">preen.me was the target of a ransom attack that resulted in hundreds of thousands of records being publicly posted</a>. over 236k unique email addresses were exposed in the attack alongside names, usernames and links to social media profiles.",https://haveibeenpwned.com/content/images/pwnedlogos/preenme.png,"['email addresses', 'names', 'social media profiles', 'usernames']",True,False,False,False,False,False,False
proctoru,proctoru,proctoru.com,2020-06-26,2020-08-06 09:37:17+00:00,2020-08-06 09:37:17+00:00,444453,"in june 2020, the online exam service <a href=""https://www.smh.com.au/national/hackers-hit-university-online-exam-tool-20200806-p55j6h.html"" target=""_blank"" rel=""noopener"">proctoru suffered a data breach</a> which was subsequently shared extensively across online hacking communities. the breach contained 444k user records including names, email and physical addresses, phones numbers and passwords stored as bcrypt hashes. the data was provided to hibp by <a href=""https://breachbase.pw/"" target=""_blank"" rel=""noopener"">breachbase.pw</a>.",https://haveibeenpwned.com/content/images/pwnedlogos/proctoru.png,"['email addresses', 'names', 'passwords', 'phone numbers', 'physical addresses', 'usernames']",True,False,False,False,False,False,False
programmingforums,programming forums,programmingforums.org,2015-12-01,2017-07-01 16:42:46+00:00,2017-07-01 16:42:46+00:00,707432,"in approximately late 2015, the programming forum at <a href=""http://www.programmingforums.org/"" target=""_blank"" rel=""noopener"">programmingforums.org</a> suffered a data breach resulting in the exposure of 707k unique user records. the data contained email and ip addresses, usernames and salted md5 hashes of passwords. the site was previously reported as compromised on the <a href=""https://vigilante.pw/"" target=""_blank"" rel=""noopener"">vigilante.pw</a> breached database directory.",https://haveibeenpwned.com/content/images/pwnedlogos/programmingforums.png,"['email addresses', 'ip addresses', 'passwords', 'usernames']",True,False,False,False,False,False,False
promo,promo,promo.com,2020-06-22,2020-07-26 02:44:11+00:00,2020-07-26 02:44:11+00:00,14610585,"in july 2020, the self-proclaimed &quot;world's #1 marketing video maker&quot; <a href=""https://support.promo.com/en/articles/4276475-promo-data-breach-faq"" target=""_blank"" rel=""noopener"">promo suffered a data breach</a> which was then shared extensively on a hacking forum. the incident exposed 22 million records containing almost 15 million unique email addresses alongside ip addresses, genders, names and salted sha-256 password hashes. the data was provided to hibp by <a href=""https://dehashed.com/"" target=""_blank"" rel=""noopener"">dehashed.com</a>.",https://haveibeenpwned.com/content/images/pwnedlogos/promo.png,"['email addresses', 'genders', 'ip addresses', 'names', 'passwords']",True,False,False,False,False,False,False
promofarma,promofarma,promofarma.com,2019-08-03,2020-11-01 07:11:46+00:00,2020-11-03 10:19:52+00:00,1277761,"in august 2019, <a href=""https://www.zdnet.com/article/data-of-21-million-mixcloud-users-put-up-for-sale-on-the-dark-web/"" target=""_blank"" rel=""noopener"">a data breach from the spanish online pharmacy promofarma appeared for sale on a dark web marketplace</a>. the breach exposed over 2.7m records and contained almost 1.3m unique customer email addresses. the data also included customer names and was provided to hibp by <a href=""https://dehashed.com/"" target=""_blank"" rel=""noopener"">dehashed.com</a>.",https://haveibeenpwned.com/content/images/pwnedlogos/promofarma.png,"['email addresses', 'names']",True,False,False,False,False,False,False
proptiger,proptiger,proptiger.com,2018-01-30,2020-03-24 07:21:44+00:00,2020-03-24 07:30:36+00:00,2156921,"in january 2018, the indian property website <a href=""https://www.proptiger.com/"" target=""_blank"" rel=""noopener"">proptiger</a> suffered a data breach which resulted in a 3.46gb database file being exposed and subsequently shared extensively on a popular hacking forum 2 years later. the exposed data contained both user records and login histories with over 2m unique customer email addresses. exposed data also included additional personal attributes such as names, dates of birth, genders, ip addresses and passwords stored as md5 hashes. proptiger advised they believe the usability of the data is &quot;limited&quot; due to how certain data attributes were generated and stored. the data was provided to hibp by <a href=""https://dehashed.com/"" target=""_blank"" rel=""noopener"">dehashed.com</a>.",https://haveibeenpwned.com/content/images/pwnedlogos/proptiger.png,"['dates of birth', 'device information', 'email addresses', 'genders', 'ip addresses', 'names', 'passwords']",True,False,False,False,False,False,False
protemps,protemps,protemps.com.sg,2021-10-04,2021-12-20 02:36:08+00:00,2021-12-20 02:57:50+00:00,49591,"in october 2021, the singaporean recruitment website <a href=""https://www.straitstimes.com/singapore/courts-crime/spore-employment-agency-hacked-ic-scans-and-salaries-of-40000-job-seekers"" target=""_blank"" rel=""noopener"">protemps suffered a data breach</a> that exposed almost 50,000 unique email addresses. the impacted data includes names, email and physical addresses, phone numbers, passport numbers and passwords stored as unsalted md5 hashes, among troves of other jobseeker data. the data was provided to hibp by a source who requested it be attributed to &quot;white_peacock@riseup.net&quot;.",https://haveibeenpwned.com/content/images/pwnedlogos/protemps.png,"['email addresses', 'genders', 'job applications', 'marital statuses', 'names', 'nationalities', 'passport numbers', 'passwords', 'phone numbers', 'physical addresses', 'religions', 'salutations']",True,False,False,False,False,False,False
ps3hax,ps3hax,ps3hax.net,2015-07-01,2016-02-07 04:44:49+00:00,2016-02-07 04:44:49+00:00,447410,"in approximately july 2015, the sony playstation hacks and mods forum known as <a href=""http://www.ps3hax.net"" target=""_blank"" rel=""noopener"">ps3hax</a> was hacked and more than 447k accounts were exposed. the vbulletin forum included ip addresses and passwords stored as salted hashes using a weak implementation enabling many to be rapidly cracked.",https://haveibeenpwned.com/content/images/pwnedlogos/ps3hax.png,"['email addresses', 'ip addresses', 'passwords', 'usernames']",True,False,False,False,False,False,False
pspiso,psp iso,pspiso.com,2015-09-25,2017-01-29 07:28:23+00:00,2017-01-29 07:28:23+00:00,1274070,"in approximately september 2015, the playstation psp forum known as <a href=""http://www.pspiso.com"" target=""_blank"" rel=""noopener"">psp iso</a> was hacked and almost 1.3 million accounts were exposed. along with email and ip addresses, the vbulletin forum also exposed salted md5 password hashes.",https://haveibeenpwned.com/content/images/pwnedlogos/pspiso.png,"['email addresses', 'ip addresses', 'passwords', 'usernames']",True,False,False,False,False,False,False
psx-scene,psx-scene,psx-scene.com,2015-02-01,2016-02-07 03:46:46+00:00,2016-02-07 03:46:46+00:00,341118,"in approximately february 2015, the sony playstation forum known as <a href=""http://psx-scene.com"" target=""_blank"" rel=""noopener"">psx-scene</a> was hacked and more than 340k accounts were exposed. the vbulletin forum included ip addresses and passwords stored as salted hashes using a weak implementation enabling many to be rapidly cracked.",https://haveibeenpwned.com/content/images/pwnedlogos/psx-scene.png,"['email addresses', 'ip addresses', 'passwords', 'usernames']",True,False,False,False,False,False,False
bvd,public business data,bvdinfo.com,2021-08-19,2023-10-09 07:05:10+00:00,2023-12-06 22:45:20+00:00,27917714,"in approximately august 2021, <a href=""https://kaduu.io/blog/2022/02/04/us-strategic-company-bureau-van-dijk-hacked/"" target=""_blank"" rel=""noopener"">hundreds of gigabytes of business data collated from public sources was obtained and later published to a popular hacking forum</a>. sourced from a customer of bureau van dijk's (bvd) &quot;orbis&quot; product, the corpus of data released contained hundreds of millions of lines about corporations and individuals, including personal information such as names and dates of birth. the data also included 28m unique email addresses along with physical addresses (presumedly corporate locations), phone numbers and job titles. there was no unauthorised access to bvd's systems, nor did the incident expose any of their or parent company's moody's clients.",https://haveibeenpwned.com/content/images/pwnedlogos/list.png,"['dates of birth', 'email addresses', 'job titles', 'names', 'phone numbers', 'physical addresses']",True,False,False,False,False,False,False
qakbot,qakbot,,2023-08-29,2023-08-29 19:40:03+00:00,2023-08-29 19:40:03+00:00,6431319,"in august 2023, <a href=""https://www.troyhunt.com/data-from-the-qakbot-malware-is-now-searchable-in-have-i-been-pwned-courtesy-of-the-fbi"" target=""_blank"" rel=""noopener"">the us justice department announced a multinational operation involving actions in the united states, france, germany, the netherlands, and the united kingdom to disrupt the botnet and malware known as qakbot and take down its infrastructure</a>. after the takedown, 6.43m email addresses were provided to hibp to help notify victims of the malware.",https://haveibeenpwned.com/content/images/pwnedlogos/list.png,"['email addresses', 'passwords']",True,False,True,False,False,True,True
qatarnationalbank,qatar national bank,qnb.com,2015-07-01,2016-05-01 01:06:35+00:00,2016-05-01 01:06:35+00:00,88678,"in july 2015, the qatar national bank <a href=""http://www.theregister.co.uk/2016/04/25/breaking_qatar_bank_hack/"" target=""_blank"" rel=""noopener"">suffered a data breach</a> which exposed 15k documents totalling 1.4gb and detailing more than 100k accounts with passwords and pins. the incident was made public some 9 months later in april 2016 when the documents appeared publicly on a file sharing site. analysis of the breached data suggests <a href=""http://blog.trendmicro.co.uk/qatar-bank-breach-lifts-the-veil-on-targeted-attack-strategies/#more-520"" target=""_blank"" rel=""noopener"">the attack began by exploiting a sql injection flaw</a> in the bank's website.",https://haveibeenpwned.com/content/images/pwnedlogos/qatarnationalbank.png,"['bank account numbers', 'customer feedback', 'dates of birth', 'financial transactions', 'genders', 'geographic locations', 'government issued ids', 'ip addresses', 'marital statuses', 'names', 'passwords', 'phone numbers', 'physical addresses', 'pins', 'security questions and answers', 'spoken languages']",True,False,False,False,False,False,False
qip,qip,qip.ru,2011-06-01,2017-01-08 22:23:19+00:00,2017-01-08 22:23:19+00:00,26183992,"in mid-2011, the russian instant messaging service known as  <a href=""http://securityaffairs.co/wordpress/51118/data-breach/qip-data-breach.html"" target=""_blank"" rel=""noopener"">qip (quiet internet pager) suffered a data breach</a>. the attack resulted in the disclosure of over 26 million unique accounts including email addresses and passwords with the data eventually appearing in public years later.",https://haveibeenpwned.com/content/images/pwnedlogos/qip.png,"['email addresses', 'passwords', 'usernames', 'website activity']",True,False,False,False,False,False,False
quantumbooter,quantum booter,quantumbooter.net,2014-03-18,2015-04-04 06:40:05+00:00,2015-04-04 06:40:05+00:00,48592,"in march 2014, the <a href=""http://www.webopedia.com/term/b/booter_services.html"">booter service</a> quantum booter (also referred to as quantum stresser) suffered a breach which lead to the disclosure of their internal database. the leaked data included private discussions relating to malicious activity quantum booter users were performing against online adversaries, including the ip addresses of those using the service to mount ddos attacks.",https://haveibeenpwned.com/content/images/pwnedlogos/quantumbooter.png,"['email addresses', 'ip addresses', 'passwords', 'private messages', 'usernames', 'website activity']",True,False,False,False,False,False,False
questionpro,questionpro,questionpro.com,2022-05-21,2022-08-05 00:05:34+00:00,2022-08-05 23:24:27+00:00,22229637,"in may 2022, <a href=""https://www.bleepingcomputer.com/news/security/hackers-try-to-extort-survey-firm-questionpro-after-alleged-data-theft/"" target=""_blank"" rel=""noopener"">the survey website questionpro was the target of an extortion attempt relating to an alleged data breach</a>. over 100gb of data containing 22m unique email addresses (some of which appear to be generated by the platform), are alleged to have been extracted from the service along with ip addresses, browser user agents and results relating to surveys. questionpro would not confirm whether a breach had occurred (although they did confirm they were the target of an extortion attempt), so the data was initially flagged as &quot;unverified&quot;. <a href=""https://twitter.com/troyhunt/status/1555696116351377410"" target=""_blank"" rel=""noopener"">subsequent verification by impacted hibp subscribers</a> later led to the removal of the unverified flag.",https://haveibeenpwned.com/content/images/pwnedlogos/questionpro.png,"['browser user agent details', 'email addresses', 'ip addresses', 'survey results']",True,False,False,False,False,False,False
quidd,quidd,quidd.co,2019-07-01,2020-06-24 11:05:34+00:00,2020-06-24 11:05:34+00:00,3805863,"in 2019, online marketplace for trading stickers, cards, toys, and other collectibles <a href=""https://www.zdnet.com/article/account-details-for-4-million-quidd-users-shared-on-hacking-forum/"" target=""_blank"" rel=""noopener"">quidd suffered a data breach</a>. the breach exposed almost 4 million users' email addresses, usernames and passwords stored as bcrypt hashes. the data was subsequently sold then redistributed extensively via hacking forums.",https://haveibeenpwned.com/content/images/pwnedlogos/quidd.png,"['email addresses', 'passwords', 'usernames']",True,False,False,False,False,False,False
quinstreet,quinstreet,quinstreet.com,2015-12-14,2016-12-17 07:44:31+00:00,2016-12-17 07:44:31+00:00,4907802,"in approximately late 2015, the maker of &quot;performance marketing products&quot; <a href=""http://quinstreet.com/"" target=""_blank"" rel=""noopener"">quinstreet</a> had a number of their online assets compromised. the attack impacted 28 separate sites, predominantly technology forums such as <a href=""http://quinstreet.com/"" target=""_blank"" rel=""noopener"">flashkit.com</a>, <a href=""http://quinstreet.com/"" target=""_blank"" rel=""noopener"">codeguru.com</a> and <a href=""http://quinstreet.com/"" target=""_blank"" rel=""noopener"">webdeveloper.com</a> (<a href=""http://pastebin.com/raw/6p50ggcv"" target=""_blank"" rel=""noopener"">view a full list of sites</a>). quinstreet advised that impacted users have been notified and passwords reset. the data contained details on over 4.9 million people and included email addresses, dates of birth and salted md5 hashes.",https://haveibeenpwned.com/content/images/pwnedlogos/quinstreet.png,"['dates of birth', 'email addresses', 'ip addresses', 'passwords', 'usernames', 'website activity']",True,False,False,False,False,False,False
r2-2017,r2 (2017 forum breach),r2games.com,2017-01-01,2017-04-25 11:04:29+00:00,2017-04-25 11:04:29+00:00,1023466,"in early 2017, the forum for the gaming website <a href=""http://www.csoonline.com/article/3192246/security/r2games-compromised-again-over-one-million-accounts-exposed.html"" target=""_blank"" rel=""noopener"">r2 games was hacked</a>. r2 had previously appeared on hibp in 2015 after a prior incident. this one exposed over 1 million unique user accounts and corresponding md5 password hashes with no salt.",https://haveibeenpwned.com/content/images/pwnedlogos/r2games.png,"['email addresses', 'passwords', 'usernames', 'website activity']",True,False,False,False,False,False,False
r2games,r2games,r2games.com,2015-11-01,2016-02-09 12:20:35+00:00,2016-02-09 12:20:35+00:00,22281337,"in late 2015, the gaming website <a href=""https://www.r2games.com"" target=""_blank"" rel=""noopener"">r2games</a> was hacked and more than 2.1m personal records disclosed. the vbulletin forum included ip addresses and passwords stored as salted hashes using a weak implementation enabling many to be rapidly cracked. a further 11m accounts were added to ""have i been pwned"" in march 2016 and another 9m in july 2016 bringing the total to over 22m.",https://haveibeenpwned.com/content/images/pwnedlogos/r2games.png,"['email addresses', 'ip addresses', 'passwords', 'usernames']",True,False,False,False,False,False,False
raidforums,raidforums,raidforums.com,2020-09-24,2023-05-31 01:43:34+00:00,2023-05-31 02:12:05+00:00,478604,"in may 2023, <a href=""https://www.bleepingcomputer.com/news/security/new-hacking-forum-leaks-data-of-478-000-raidforums-members/"" target=""_blank"" rel=""noopener"">478k user records from the now defunct hacking forum known as &quot;raidforums&quot; was posted to another hacking forum</a>. the data dated back to september 2020 and included email addresses, usernames, dates of birth, ip addresses and passwords stored as argon2 hashes. the data was provided to hibp by a source who requested it be attributed to &quot;white_peacock@riseup.net&quot;.",https://haveibeenpwned.com/content/images/pwnedlogos/raidforums.png,"['dates of birth', 'email addresses', 'ip addresses', 'passwords', 'usernames']",True,False,False,False,False,False,False
railyatri,railyatri,railyatri.in,2022-12-26,2023-12-05 07:17:53+00:00,2023-12-05 07:17:53+00:00,23209732,"in december 2022, india’s government-approved online travel agency <a href=""https://cybersecuritynews.com/railyatri-data-breach/"" target=""_blank"" rel=""noopener"">railyatri suffered a data breach</a>. the incident impacted over 31m customers and exposed 23m unique email addresses. also impacted were names, genders, phone numbers and tickets purchased, including travel information and fares.",https://haveibeenpwned.com/content/images/pwnedlogos/railyatri.png,"['email addresses', 'genders', 'names', 'phone numbers', 'purchases']",True,False,False,False,False,False,False
rambler,rambler,rambler.ru,2014-03-01,2016-11-01 09:33:34+00:00,2016-11-01 09:33:34+00:00,91436280,"in late 2016, a data dump of almost 100m accounts from rambler, sometimes referred to as &quot;the russian yahoo&quot;, <a href=""http://www.zdnet.com/article/russian-portal-email-provider-rambler-hacked-98-million-accounts-leaked/"" target=""_blank"" rel=""noopener"">was discovered being traded online</a>. the data set provided to have i been pwned included 91m unique usernames (which also form part of rambler email addresses) and plain text passwords. according to rambler, the data dates back to march 2014.",https://haveibeenpwned.com/content/images/pwnedlogos/rambler.png,"['email addresses', 'passwords', 'usernames']",True,False,False,False,False,False,False
rankwatch,rankwatch,rankwatch.com,2016-11-19,2017-11-03 07:04:08+00:00,2017-11-03 07:04:08+00:00,7445067,"in approximately november 2016, the search engine optimisation management company <a href=""https://www.rankwatch.com/"" target=""_blank"" rel=""noopener"">rankwatch</a> exposed a mongo db with no password publicly whereupon their data was exfiltrated and posted to an online forum. the data contained 7.4 million unique email addresses along with names, employers, phone numbers and job titles in a table called &quot;us_emails&quot;. when contacted and advised of the incident, rankwatch would not reveal the purpose of the data, where it had been acquired from and whether the data owners had consented to its collection. the forum which originally posted the data explained it as being &quot;in the same vein as the modbsolutions leak&quot;, <a href=""https://haveibeenpwned.com/pwnedwebsites#modernbusinesssolutions"" target=""_blank"" rel=""noopener"">a large list of corporate data allegedly used for spam purposes</a>.",https://haveibeenpwned.com/content/images/pwnedlogos/rankwatch.png,"['email addresses', 'employers', 'job titles', 'names', 'phone numbers']",True,False,False,False,True,False,False
raychat,raychat,raychat.ir,2021-01-31,2021-07-04 00:52:38+00:00,2021-07-04 00:52:38+00:00,938981,"in january 2021, the now defunct iranian social media platform <a href=""https://www.gizmodo.com.au/2021/02/iranian-chat-app-gets-its-data-wiped-out-in-a-cyberattack/"" target=""_blank"" rel=""noopener"">raychat suffered a data breach that exposed 939 thousand unique email addresses</a>. the data included names, ip addresses, browser user agent strings and passwords stored as bcrypt hashes. the data was provided to hibp by <a href=""https://dehashed.com/"" target=""_blank"" rel=""noopener"">dehashed.com</a>.",https://haveibeenpwned.com/content/images/pwnedlogos/raychat.png,"['browser user agent details', 'email addresses', 'ip addresses', 'names', 'passwords']",True,False,False,False,False,False,False
rbxrocks,rbx.rocks,rbx.rocks,2018-08-06,2018-11-07 13:26:42+00:00,2019-07-27 14:58:29+00:00,149958,"in august 2018, the roblox trading site <a href=""https://rbx.rocks/"" target=""_blank"" rel=""noopener"">rbx.rocks</a> suffered a data breach. almost 25k records were sent to hibp in november and included names, email addresses and passwords stored as bcrypt hashes. in july 2019, a further 125k records emerged bringing the total size of the incident to 150k. the website has since gone offline with a message stating that &quot;rbx.rocks v2.0 is currently under construction&quot;.",https://haveibeenpwned.com/content/images/pwnedlogos/rbxrocks.png,"['email addresses', 'names', 'passwords']",True,False,False,False,False,False,False
readnovel,read novel,readnovel.com,2019-05-01,2022-05-16 08:41:14+00:00,2022-05-16 08:41:14+00:00,22424472,"in may 2019, the chinese literature website <a href=""https://www.readnovel.com/"" target=""_blank"" rel=""noopener"">read novel</a> allegedly suffered a data breach that exposed 22m unique email addresses. data also included usernames, genders, phone numbers and passwords stored as salted md5 hashes. the data was provided to hibp by a source who requested it be attributed to &quot;white_peacock@riseup.net&quot;. <a href=""https://www.troyhunt.com/handling-chinese-data-breaches-in-have-i-been-pwned/"" target=""_blank"" rel=""noopener"">read more about chinese data breaches in have i been pwned.</a>",https://haveibeenpwned.com/content/images/pwnedlogos/readnovel.png,"['email addresses', 'genders', 'passwords', 'phone numbers', 'usernames']",False,False,False,False,False,False,False
realestatemogul,real estate mogul,realestatemogul.com,2016-09-06,2018-09-24 05:08:57+00:00,2018-09-24 05:08:57+00:00,307768,"in september 2016, the real estate investment site <a href=""https://realestatemogul.com/"" target=""_blank"" rel=""noopener"">real estate mogul</a> had a mongo db instance compromised and 5gb of data downloaded by an unauthorised party. the data contained real estate listings including addresses and the names, phone numbers and 308k unique email addresses of the sellers. real estate mogul was advised of the incident in september 2018 and stated that they &quot;found no instance of user account credentials like usernames and passwords nor billing information within this file&quot;.",https://haveibeenpwned.com/content/images/pwnedlogos/realestatemogul.png,"['email addresses', 'names', 'phone numbers', 'physical addresses']",True,False,False,False,False,False,False
realdudesinc,realdudesinc,realdudesinc.com,2022-10-22,2023-02-19 04:52:21+00:00,2023-02-19 04:52:21+00:00,101543,"in october 2022, the gta mod menu provider <a href=""https://twitter.com/falconfeedsio/status/1584795069260869632"" target=""_blank"" rel=""noopener"">realdudesinc suffered a data breach</a> that exposed over 100k email addresses (many of which are temporary guest account addresses). the breach also included usernames and bcrypt password hashes.",https://haveibeenpwned.com/content/images/pwnedlogos/realdudesinc.png,"['email addresses', 'passwords', 'usernames']",True,False,False,False,False,False,False
reddoorz,reddoorz,reddoorz.com,2020-09-04,2022-01-28 03:44:12+00:00,2022-01-28 03:44:12+00:00,5890277,"in september 2020, the hotel management &amp; booking platform <a href=""https://www.bleepingcomputer.com/news/security/58-million-reddoorz-user-records-for-sale-on-hacking-forum/"" target=""_blank"" rel=""noopener"">reddoorz suffered a data breach that exposed over 5.8m user accounts</a>. the breached data included names, email addresses, phone numbers, genders, dates of birth and passwords stored as bcrypt hashes. the data was provided to hibp by a source who requested it be attributed to &quot;white_peacock@riseup.net&quot;.",https://haveibeenpwned.com/content/images/pwnedlogos/reddoorz.png,"['dates of birth', 'email addresses', 'genders', 'names', 'occupations', 'passwords', 'phone numbers']",True,False,False,False,False,False,False
redlinestealer,redline stealer,,2021-12-05,2021-12-30 05:24:21+00:00,2022-01-05 04:11:30+00:00,441657,"in december 2021, <a href=""https://twitter.com/mayhemdayone/status/1474749233475596292"" target=""_blank"" rel=""noopener"">logs from the redline stealer malware were left publicly exposed and were then obtained by security researcher bob diachenko</a>. the data included 441 thousand unique email addresses, usernames and plain text passwords.",https://haveibeenpwned.com/content/images/pwnedlogos/list.png,"['email addresses', 'passwords', 'usernames']",True,False,False,False,False,True,False
bluesnapregpack,regpack,bluesnap.com,2016-05-20,2016-09-13 04:35:05+00:00,2016-09-13 04:35:05+00:00,104977,"in july 2016, a tweet was posted with a link to an alleged data breach of <a href=""http://bluesnap.com"" target=""_blank"" rel=""noopener"">bluesnap, a global payment gateway and merchant account provider</a>. the data contained 324k payment records across 105k unique email addresses and included personal attributes such as name, home address and phone number. the data was verified with multiple have i been pwned subscribers who confirmed it also contained valid transactions, partial credit card numbers, expiry dates and cvvs. a downstream consumer of bluesnap services known as <a href=""http://www.regpacks.com/"" target=""_blank"" rel=""noopener"">regpack</a> was subsequently identified as the source of the data after they identified human error had left the transactions exposed on a publicly facing server. a full investigation of the data and statement by regpack is detailed in the post titled <a href=""https://www.troyhunt.com/someone-just-lost-324k-payment-records-complete-with-cvvs/"" target=""_blank"" rel=""noopener"">someone just lost 324k payment records, complete with cvvs</a>.",https://haveibeenpwned.com/content/images/pwnedlogos/bluesnapregpack.png,"['browser user agent details', 'credit card cvv', 'email addresses', 'ip addresses', 'names', 'partial credit card data', 'phone numbers', 'physical addresses', 'purchases']",True,False,False,False,False,False,False
reincubate,reincubate,reincubate.com,2017-05-11,2020-10-29 06:01:21+00:00,2020-10-29 06:06:15+00:00,616146,"in october 2020, the app data company <a href=""https://reincubate.com/blog/security-incident-oct-2020/"" target=""_blank"" rel=""noopener"">reincubate suffered a data breach</a> which exposed a backup from november 2017 (the newest record in the data appeared several months earlier). the data included over 616k unique email addresses, names and passwords stored as pbkdf2 hashes.",https://haveibeenpwned.com/content/images/pwnedlogos/reincubate.png,"['email addresses', 'names', 'passwords']",True,False,False,False,False,False,False
rentomojo,rentomojo,rentomojo.com,2023-04-15,2023-05-10 22:36:01+00:00,2023-05-10 22:36:01+00:00,2185697,"in april 2023, the indian rental service <a href=""https://www.indiatoday.in/technology/news/story/rentomojo-confirms-data-breach-attackers-accessed-identifiable-customer-information-2362942-2023-04-21"" target=""_blank"" rel=""noopener"">rentomojo suffered a data breach</a>. the breach exposed over 2m unique email addresses along with names, phone, passport and aadhaar numbers, genders, dates of birth, purchases and bcrypt password hashes.",https://haveibeenpwned.com/content/images/pwnedlogos/rentomojo.png,"['dates of birth', 'email addresses', 'genders', 'government issued ids', 'names', 'passport numbers', 'passwords', 'phone numbers', 'purchases', 'social media profiles']",True,False,False,False,False,False,False
republicanpartyoftexas,republican party of texas,texasgop.org,2021-09-11,2021-10-06 07:44:39+00:00,2021-10-06 07:44:39+00:00,72596,"in september 2021, <a href=""https://www.dailydot.com/debug/anonymous-texas-gop-epik/"" target=""_blank"" rel=""noopener"">the republican party of texas was hacked by a group claiming to be &quot;anonymous&quot; in retaliation for the state's controversial abortion ban</a>. the september defacement was followed by a leak of data and documents which included material from the hosting provider epik. impacted data included over 72 thousand unique email addresses across various tables, some also including names, geographic location data, ip addresses and browser user agents.",https://haveibeenpwned.com/content/images/pwnedlogos/republicanpartyoftexas.png,"['browser user agent details', 'email addresses', 'geographic locations', 'ip addresses', 'names']",True,False,False,False,False,False,False
retinax,retina-x,retinax.com,2017-02-23,2017-04-30 01:51:55+00:00,2017-04-30 01:51:55+00:00,71153,"in february 2017, the mobile device monitoring software developer retina-x was hacked and customer data downloaded before being wiped from their servers. the incident was covered in the motherboard article titled <a href=""https://motherboard.vice.com/en_us/article/inside-stalkerware-surveillance-market-flexispy-retina-x"" target=""_blank"" rel=""noopener"">inside the 'stalkerware' surveillance market, where ordinary people tap each other's phones</a>. the service, used to monitor mobile devices, had 71k email addresses and md5 hashes with no salt exposed. retina-x <a href=""http://www.phonesheriff.com/blog/retina-x-studios-server-breached-by-hackers/"" target=""_blank"" rel=""noopener"">disclosed the incident in a blog post</a> on april 27, 2017.",https://haveibeenpwned.com/content/images/pwnedlogos/retinax.png,"['email addresses', 'passwords']",True,False,False,False,False,False,False
reverb-nation,reverbnation,reverbnation.com,2014-01-01,2017-10-05 06:56:23+00:00,2017-10-05 06:56:23+00:00,7040725,"in january 2014, the online service for assisting musicians to build their careers <a href=""https://www.scmagazine.com/2014-breach-prompts-reverbnation-to-notify-customers/article/532492/"" target=""_blank"" rel=""noopener"">reverbnation suffered a data breach which wasn't identified until september the following year</a>. the breach contained over 7 million accounts with unique email addresses and salted sha1 passwords.",https://haveibeenpwned.com/content/images/pwnedlogos/reverb-nation.png,"['email addresses', 'passwords']",True,False,False,False,False,False,False
rightbiz,rightbiz,rightdev.co.uk,2023-07-09,2023-08-10 22:11:35+00:00,2023-08-10 22:43:06+00:00,65376,"in june 2023, data belonging to the &quot;uk's no.1 business marketplace&quot; rightbiz appeared on a popular hacking forum. comprising of more than 18m rows of data, the breach included 65k unique email addresses along with names, phone numbers and physical address. rightbiz didn't respond to mulitple attempts to disclose the incident. the data was provided to hibp by a source who requested it be attributed to <a href=""https://discord.gg/gn9c9em"" target=""_blank"" rel=""noopener"">&quot;https://discord.gg/gn9c9em&quot;</a>.",https://haveibeenpwned.com/content/images/pwnedlogos/rightbiz.png,"['email addresses', 'names', 'phone numbers', 'physical addresses']",True,False,False,False,False,False,False
rivercitymedia,river city media spam list,rivercitymediaonline.com,2017-01-01,2017-03-08 23:49:53+00:00,2017-03-08 23:49:53+00:00,393430309,"in january 2017, <a href=""https://web.archive.org/web/20170426084052/https://mackeeper.com/blog/post/339-spammergate-the-fall-of-an-empire"" target=""_blank"" rel=""noopener"">a massive trove of data from river city media was found exposed online</a>. the data was found to contain almost 1.4 billion records including email and ip addresses, names and physical addresses, all of which was used as part of an enormous spam operation. once de-duplicated, there were 393 million unique email addresses within the exposed data.",https://haveibeenpwned.com/content/images/pwnedlogos/email.png,"['email addresses', 'ip addresses', 'names', 'physical addresses']",True,False,False,False,True,False,False
robinhood,robinhood,robinhood.com,2021-11-03,2022-03-03 22:47:32+00:00,2022-03-03 22:47:32+00:00,5003937,"in november 2021, the online trading platform <a href=""https://techcrunch.com/2021/11/09/robinhood-data-breach/"" target=""_blank"" rel=""noopener"">robinhood suffered a data breach</a> after a customer service representative was socially engineered. the incident exposed over 5m customer email addresses and 2m customer names. the data was provided to hibp by a source who requested it be attributed to &quot;jarand moen romtviet&quot;.",https://haveibeenpwned.com/content/images/pwnedlogos/robinhood.png,['email addresses'],True,False,False,False,False,False,False
roblox,roblox,roblox.com,2016-07-31,2023-07-23 03:51:55+00:00,2023-07-23 04:01:44+00:00,52458,"in august 2016, <a href=""https://roblox.fandom.com/wiki/2016_roblox_security_breach"" target=""_blank"" rel=""noopener"">roblox disclosed a data breach that affected over 50k users</a>. the security incident impacted email and ip addresses, usernames, purchases and robux balances which were left exposed on a test server.",https://haveibeenpwned.com/content/images/pwnedlogos/roblox.png,"['account balances', 'email addresses', 'ip addresses', 'purchases', 'usernames']",True,False,False,False,False,False,False
robloxdeveloperconference,roblox developer conference,rdcglobal.com,2020-12-18,2023-07-18 21:06:48+00:00,2023-07-18 22:40:13+00:00,3943,"in july 2023, <a href=""https://twitter.com/troyhunt/status/1681163196110098432"" target=""_blank"" rel=""noopener"">a list of alleged attendees from the 2017-2020 roblox developers conferences was circulated on a forum</a>. the data contained 4k unique email addresses along with names, usernames, dates of birth, phone numbers, physical and ip addresses and t-shirt sizes",https://haveibeenpwned.com/content/images/pwnedlogos/roblox.png,"['clothing sizes', 'dates of birth', 'email addresses', 'ip addresses', 'names', 'phone numbers', 'physical addresses', 'usernames']",True,False,False,False,False,False,False
roll20,roll20,roll20.net,2018-12-26,2019-07-19 14:26:05+00:00,2019-07-19 14:26:05+00:00,3994436,"in december 2018, the tabletop role-playing games website <a href=""https://app.roll20.net/forum/post/7209691/roll20-security-breach"" target=""_blank"" rel=""noopener"">roll20 suffered a data breach</a>. almost 4 million customers were impacted by the breach and had email and ip addresses, names, bcrypt hashes of passwords and the last 4 digits of credit cards exposed. the data was provided to hibp by a source who requested it be attributed to &quot;jimscott.sec@protonmail.com&quot;.",https://haveibeenpwned.com/content/images/pwnedlogos/roll20.png,"['email addresses', 'ip addresses', 'names', 'partial credit card data', 'passwords']",True,False,False,False,False,False,False
romwe,romwe,romwe.com,2018-06-01,2021-01-18 09:15:42+00:00,2021-01-18 09:15:42+00:00,19531820,"in mid-2018, the hong kong-based retailer <a href=""https://finance.yahoo.com/finance/news/romwe-informs-shoppers-data-security-203054849.html"" target=""_blank"" rel=""noopener"">romwe suffered a data breach which exposed almost 20 million customers</a>. the data was subsequently sold online and includes names, phone numbers, email and ip addresses, customer geographic locations and passwords stored as salted sha-1 hashes. the data was provided to hibp by <a href=""https://dehashed.com/"" target=""_blank"" rel=""noopener"">dehashed.com</a>.",https://haveibeenpwned.com/content/images/pwnedlogos/romwe.png,"['geographic locations', 'ip addresses', 'names', 'passwords', 'phone numbers', 'physical addresses']",True,False,False,False,False,False,False
rosebuttboard,rosebutt board,rosebuttboard.com,2016-05-09,2016-05-10 07:37:46+00:00,2016-05-10 07:37:46+00:00,107303,"some time prior to may 2016, <a href=""https://motherboard.vice.com/read/rosebuttboard-ip-board"" target=""_blank"" rel=""noopener"">the forum known as &quot;rosebutt board&quot; was hacked</a> and 107k accounts were exposed. the self-described &quot;top one board for anal fisting, prolapse, huge insertions and rosebutt fans&quot; had email and ip addresses, usernames and weakly stored salted md5 password hashes hacked from the ip.board based forum.",https://haveibeenpwned.com/content/images/pwnedlogos/rosebuttboard.png,"['email addresses', 'ip addresses', 'passwords', 'usernames']",True,False,True,False,False,False,False
royalenfield,royal enfield,royalenfield.com,2019-01-01,2022-03-31 21:13:58+00:00,2022-03-31 21:13:58+00:00,420873,"in january 2020, motorcycle maker <a href=""https://www.thequint.com/news/india/royal-enfield-exposed-database-containing-450000-customer-data-cyber-security-expert"" target=""_blank"" rel=""noopener"">royal enfield left a database publicly exposed that resulted in the inadvertent publication of over 400k customers</a>. the impacted data included email and physical addresses, names, motorcycle information, social media profiles, passwords, and other personal information. the data was provided to hibp by a source who requested it be attributed to &quot;white_peacock@riseup.net&quot;.",https://haveibeenpwned.com/content/images/pwnedlogos/royalenfield.png,"['dates of birth', 'email addresses', 'genders', 'names', 'passwords', 'phone numbers', 'physical addresses', 'social media profiles', 'vehicle details']",True,False,False,False,False,False,False
russianamerica,russian america,russianamerica.com,2017-01-01,2018-09-13 04:48:08+00:00,2018-09-13 04:48:08+00:00,182717,"in approximately 2017, the website for russian speakers in america known as <a href=""http://www.russianamerica.com/"" target=""_blank"" rel=""noopener"">russian america</a> suffered a data breach. the incident exposed 183k unique records including names, email addresses, phone numbers and passwords stored in both plain text and as md5 hashes. russian america was contacted about the breach but did not respond.",https://haveibeenpwned.com/content/images/pwnedlogos/russianamerica.png,"['email addresses', 'names', 'passwords', 'phone numbers']",True,False,False,False,False,False,False
salvadorancitizens,salvadoran citizens,,2024-04-02,2024-04-10 22:25:03+00:00,2024-04-10 22:26:30+00:00,946989,"in april 2024, <a href=""https://protos.com/hacker-doxxes-nearly-every-adult-in-el-salvador/"" target=""_blank"" rel=""noopener"">nearly 6 million records of salvadoran citizens were published to a popular hacking forum</a>. the data included names, dates of birth, phone numbers, physical addresses and nearly 1m unique email addresses. further, over 5m corresponding profile photos were also included in the breach.",https://haveibeenpwned.com/content/images/pwnedlogos/elsalvadorflag.png,"['dates of birth', 'email addresses', 'government issued ids', 'names', 'phone numbers', 'physical addresses', 'profile photos']",True,False,False,False,False,False,False
saverspy,saverspy,,2018-09-18,2018-09-25 10:59:05+00:00,2018-09-25 10:59:05+00:00,2457420,"in september 2018, <a href=""https://www.linkedin.com/pulse/another-e-marketing-database-11-million-records-bob-diachenko/"" target=""_blank"" rel=""noopener"">security researcher bob diachenko discovered a massive collection of personal details exposed in an unprotected mongo db instance</a>. the data appears to have been used in marketing campaigns (possibly for spam purposes) but had little identifying data about it other than a description of &quot;yahoo_090618_ saverspy&quot;. the data set provided to hibp had almost 2.5m unique email addresses (all of which were from yahoo!) alongside names, genders and physical addresses.",https://haveibeenpwned.com/content/images/pwnedlogos/email.png,"['email addresses', 'genders', 'names', 'physical addresses']",True,False,False,False,True,False,False
scdailyphonespamlist,sc daily phone spam list,data4marketers.com,2015-04-14,2016-11-24 06:04:34+00:00,2016-11-24 06:04:34+00:00,32939105,"in early 2015, a spam list known as <a href=""http://www.data4marketers.com/2015aprspecials.html"" target=""_blank"" rel=""noopener"">sc daily phone</a> emerged containing almost 33m identities. the data includes personal attributes such as names, physical and ip addresses, genders, birth dates and phone numbers. <a href=""https://www.troyhunt.com/have-i-been-pwned-and-spam-lists-of-personal-information"" target=""_blank"" rel=""noopener"">read more about spam lists in hibp.</a>",https://haveibeenpwned.com/content/images/pwnedlogos/email.png,"['dates of birth', 'email addresses', 'genders', 'ip addresses', 'names', 'physical addresses']",True,False,False,False,True,False,False
scentbird,scentbird,scentbird.com,2020-06-22,2020-07-30 00:11:15+00:00,2020-07-30 00:11:15+00:00,5814988,"in june 2020, the online fragrance service <a href=""https://www.bleepingcomputer.com/news/security/hacker-leaks-386-million-user-records-from-18-companies-for-free/"" target=""_blank"" rel=""noopener"">scentbird suffered a data breach</a> that exposed the personal information of over 5.8 million customers. personal information including names, email addresses, genders, dates of birth, passwords stored as bcrypt hashes and indicators of password strength were all exposed. the data was provided to hibp by <a href=""https://breachbase.pw/"" target=""_blank"" rel=""noopener"">breachbase.pw</a>.",https://haveibeenpwned.com/content/images/pwnedlogos/scentbird.png,"['dates of birth', 'email addresses', 'genders', 'names', 'password strengths', 'passwords']",True,False,False,False,False,False,False
schooldistrict42,school district 42,sd42.ca,2023-01-15,2023-02-02 05:27:50+00:00,2023-02-02 08:16:17+00:00,18850,"in january 2023, <a href=""https://www.mapleridgenews.com/news/maple-ridge-pitt-meadows-school-district-suffers-massive-data-breach/"" target=""_blank"" rel=""noopener"">pitt meadows school district 42 in british columbia suffered a data breach</a>. the incident exposed the names and email addresses of approximately 19k students and staff which were consequently redistributed on a popular hacking forum.",https://haveibeenpwned.com/content/images/pwnedlogos/schooldistrict42.png,"['email addresses', 'names']",True,False,False,False,False,False,False
seedpeer,seedpeer,seedpeer.eu,2015-07-12,2016-03-09 02:49:28+00:00,2016-03-09 02:49:28+00:00,281924,"in july 2015, the torrent site seedpeer was hacked and 282k member records were exposed. the data included usernames, email addresses and passwords stored as weak md5 hashes.",https://haveibeenpwned.com/content/images/pwnedlogos/seedpeer.png,"['email addresses', 'passwords', 'usernames']",True,False,False,False,False,False,False
sephora,sephora,sephora.com.au,2017-01-09,2019-10-06 15:14:12+00:00,2019-10-06 15:14:12+00:00,780073,"in approximately january 2017, the beauty store <a href=""https://www.zdnet.com/article/sephora-data-breach-hits-southeast-asia-and-anz-customers/"" target=""_blank"" rel=""noopener"">sephora suffered a data breach</a>. impacting customers in south east asia, australia and new zealand, 780k unique email addresses were included in the breach alongside names, genders, dates of birth, ethnicities and other personal information. the data was provided to hibp by a source who requested it be attributed to &quot;jimscott.sec@protonmail.com&quot;.",https://haveibeenpwned.com/content/images/pwnedlogos/sephora.png,"['dates of birth', 'email addresses', 'ethnicities', 'genders', 'names', 'physical attributes']",True,False,False,False,False,False,False
serverpact,serverpact,serverpact.com,2016-01-01,2016-09-06 04:21:06+00:00,2016-09-06 04:21:06+00:00,73587,"in mid-2015, the dutch minecraft site <a href=""https://twitter.com/serverpact/status/772534083788365829"" target=""_blank"" rel=""noopener"">serverpact was hacked</a> and 73k accounts were exposed. along with birth dates, email and ip addresses, the site also exposed sha1 password hashes with the username as the salt.",https://haveibeenpwned.com/content/images/pwnedlogos/serverpact.png,"['dates of birth', 'email addresses', 'ip addresses', 'passwords', 'usernames']",True,False,False,False,False,False,False
sevenrooms,sevenrooms,sevenrooms.com,2022-12-11,2023-08-24 21:49:00+00:00,2023-08-24 21:49:00+00:00,1205385,"in december 2022, <a href=""https://www.bleepingcomputer.com/news/security/restaurant-crm-platform-sevenrooms-confirms-breach-after-data-for-sale/"" target=""_blank"" rel=""noopener"">over 400gb of data belonging to restaurant customer management platform sevenrooms was posted for sale to a popular hacking forum</a>. the data included 1.2m unique email addresses alongside names and purchases. sevenrooms advised that the breach was due to unauthorised access of &quot;a file transfer interface of a third-party vendor&quot;.",https://haveibeenpwned.com/content/images/pwnedlogos/sevenrooms.png,"['email addresses', 'names', 'purchases']",True,False,False,False,False,False,False
shadi,shadi.com,shadi.com,2016-07-09,2022-07-20 07:07:31+00:00,2022-07-20 07:07:31+00:00,2021984,"in july 2016, the muslim dating site <a href=""https://news.softpedia.com/news/data-from-two-muslim-dating-sites-two-others-dumped-online-506356.shtml"" target=""_blank"" rel=""noopener"">shadi.com suffered a data breach that exposed over 2m members' email addresses</a>. the breach also exposed passwords stored as md5 hashes alongside their plain text equivalents. the data was provided to hibp by a source who requested it be attributed to &quot;fall1984@protonmail.com&quot;.",https://haveibeenpwned.com/content/images/pwnedlogos/shadi.png,"['email addresses', 'passwords']",True,False,True,False,False,False,False
sharethis,sharethis,sharethis.com,2018-07-09,2019-03-03 06:31:39+00:00,2019-03-12 21:00:14+00:00,40960499,"in july 2018, the social bookmarking and sharing service <a href=""https://www.sharethis.com/data-privacy-incident/"" target=""_blank"" rel=""noopener"">sharethis suffered a data breach</a>. the incident exposed 41 million unique email addresses alongside names and in some cases, dates of birth and password hashes. in 2019, <a href=""https://www.theregister.co.uk/2019/02/11/620_million_hacked_accounts_dark_web/"" target=""_blank"" rel=""noopener"">the data appeared listed for sale on a dark web marketplace</a> (along with several other large breaches) and subsequently began circulating more broadly. the data was provided to hibp by <a href=""https://dehashed.com/"" target=""_blank"" rel=""noopener"">dehashed.com</a>.",https://haveibeenpwned.com/content/images/pwnedlogos/sharethis.png,"['dates of birth', 'email addresses', 'names', 'passwords']",True,False,False,False,False,False,False
shein,shein,shein.com,2018-06-01,2019-07-17 13:59:41+00:00,2019-07-17 13:59:41+00:00,39086762,"in june 2018, online fashion retailer <a href=""https://www.zdnet.com/article/shein-fashion-retailer-announces-breach-affecting-6-42-million-users/"" target=""_blank"" rel=""noopener"">shein suffered a data breach</a>. the company discovered the breach 2 months later in august then disclosed the incident another month after that. a total of 39 million unique email addresses were found in the breach alongside md5 password hashes. the data was provided to hibp by a source who requested it be attributed to &quot;jimscott.sec@protonmail.com&quot;.",https://haveibeenpwned.com/content/images/pwnedlogos/shein.png,"['email addresses', 'passwords']",True,False,False,False,False,False,False
shitexpress,shitexpress,shitexpress.com,2022-08-08,2022-08-16 22:40:35+00:00,2022-08-16 22:40:35+00:00,23817,"in august 2022, the online faeces delivery service <a href=""https://www.bleepingcomputer.com/news/security/anonymous-poop-gifting-site-hacked-customers-exposed/"" target=""_blank"" rel=""noopener"">shitexpress suffered a data breach that exposed 24k unique email addresses</a>. the addresses spanned invoices, gift cards, promotions and paypal records. the breach also exposed the ip and email addresses of senders, physical addresses of recipients and messages accompanying the shit delivery.",https://haveibeenpwned.com/content/images/pwnedlogos/shitexpress.png,"['email addresses', 'ip addresses', 'names', 'physical addresses', 'private messages', 'purchases']",True,False,True,False,False,False,False
shockgore,shockgore,shockgore.com,2020-08-11,2022-01-20 00:07:47+00:00,2022-01-20 00:07:47+00:00,73944,"in august 2020, the website for sharing graphic videos and images of gore and animal cruelty suffered a data breach. the breach exposed 74k unique email addresses alongside usernames, ip addresses, genders and unsalted sha-1 password hashes. private messages were also exposed, many containing requests for material of a depraved nature. the data was provided to hibp by a source who requested it be attributed to &quot;white_peacock@riseup.net&quot;.",https://haveibeenpwned.com/content/images/pwnedlogos/shockgore.png,"['email addresses', 'genders', 'ip addresses', 'passwords', 'private messages', 'usernames']",True,False,True,False,False,False,False
shopback,shopback,shopback.com,2020-09-17,2021-04-25 05:41:24+00:00,2021-04-25 05:41:24+00:00,20529819,"in september 2020, the cashback reward program <a href=""https://support.shopback.com.au/hc/en-us/articles/360054141274-customer-notice-faqs"" target=""_blank"" rel=""noopener"">shopback suffered a data breach</a>. the incident exposed over 20 million unique email addresses along with names, phone numbers, country of residence and passwords stored as salted sha-1 hashes. the data was provided to hibp by <a href=""https://dehashed.com/"" target=""_blank"" rel=""noopener"">dehashed.com</a>.",https://haveibeenpwned.com/content/images/pwnedlogos/shopback.png,"['email addresses', 'geographic locations', 'names', 'passwords', 'phone numbers']",True,False,False,False,False,False,False
shopperplus,shopper+,shopperplus.ca,2020-09-14,2023-03-11 07:20:20+00:00,2023-03-11 07:20:20+00:00,878290,"in march 2023, &quot;canada's online shopping mall&quot; <a href=""https://twitter.com/mikesafarimusic/status/1634251270817980424"" target=""_blank"" rel=""noopener"">shopper+ disclosed a data breach discovered on a public hacking forum</a>. the breach dated back to september 2020 and included 878k customer records with email and physical addresses, names, phone numbers and in some cases, genders and dates of birth.",https://haveibeenpwned.com/content/images/pwnedlogos/shopperplus.png,"['dates of birth', 'email addresses', 'genders', 'names', 'phone numbers', 'physical addresses', 'spoken languages']",True,False,False,False,False,False,False
shortedition,short édition,short-edition.com,2021-06-26,2021-07-19 04:49:43+00:00,2021-07-19 04:49:43+00:00,505466,"in june 2021, the french publishing house of short literature <a href=""https://short-edition.com/en/p/cyber-attack"" target=""_blank"" rel=""noopener"">short édition suffered a data breach that exposed 505k records</a>. impacted data included email and physical addresses, names, usernames, phone numbers, dates of birth, genders and passwords stored as either salted sha-1 or salted sha-512 hashes. short édition self-submitted the impacted data to hibp.",https://haveibeenpwned.com/content/images/pwnedlogos/shortedition.png,"['dates of birth', 'email addresses', 'genders', 'names', 'passwords', 'phone numbers', 'physical addresses', 'social media profiles', 'usernames']",True,False,False,False,False,False,False
shotbow,shotbow,shotbow.net,2016-05-09,2017-10-29 23:53:20+00:00,2017-10-29 23:53:20+00:00,1052753,"in may 2016, the multiplayer server for minecraft service <a href=""https://shotbow.net/forum/threads/security-data-breach-and-information-leak.346321/"" target=""_blank"" rel=""noopener"">shotbow announced they'd suffered a data breach</a>. the incident resulted in the exposure of over 1 million unique email addresses, usernames and salted sha-256 password hashes.",https://haveibeenpwned.com/content/images/pwnedlogos/shotbow.png,"['email addresses', 'passwords', 'usernames']",True,False,False,False,False,False,False
sirhurt,sirhurt,sirhurt.net,2021-04-23,2022-05-24 05:06:08+00:00,2022-05-24 05:06:08+00:00,90655,"in april 2021, the the roblox cheats website <a href=""https://wearedevs.net/forum/t/20397"" target=""_blank"" rel=""noopener"">sirhurt suffered a data breach</a> that exposed over 90k customer records. the exposed data included email and ip addresses, usernames and passwords stored as md5 hashes.",https://haveibeenpwned.com/content/images/pwnedlogos/sirhurt.png,"['email addresses', 'ip addresses', 'passwords', 'usernames']",True,False,False,False,False,False,False
sitepoint,sitepoint,sitepoint.com,2020-06-20,2022-08-17 08:21:50+00:00,2022-08-17 08:21:50+00:00,1021790,"in june 2020, the web development site <a href=""https://www.bleepingcomputer.com/news/security/sitepoint-discloses-data-breach-after-stolen-info-used-in-attacks/"" target=""_blank"" rel=""noopener"">sitepoint suffered a data breach that exposed over 1m customer records</a>. impacted data included email and ip addresses, names, usernames, bios and passwords stored as bcrypt hashes.",https://haveibeenpwned.com/content/images/pwnedlogos/sitepoint.png,"['bios', 'email addresses', 'ip addresses', 'names', 'passwords', 'usernames']",True,False,False,False,False,False,False
sktorrent,sktorrent,sktorrent.eu,2016-02-19,2016-02-23 03:30:49+00:00,2016-02-23 03:30:49+00:00,117070,"in february 2016, the slovak torrent tracking site sktorrent <a href=""http://tech.sme.sk/c/20099331/hackeri-ukradli-na-slovensku-118-tisic-identit.html"" target=""_blank"" rel=""noopener"">was hacked and over 117k records leaked online</a>. the data dump included usernames, email addresses and passwords stored in plain text.",https://haveibeenpwned.com/content/images/pwnedlogos/sktorrent.png,"['email addresses', 'passwords', 'usernames']",True,False,False,False,False,False,False
slickwraps,slickwraps,slickwraps.com,2020-02-16,2020-02-22 19:20:00+00:00,2020-02-22 19:20:00+00:00,857611,"in february 2020, the online store for consumer electronics wraps <a href=""https://www.slickwraps.com/blog/update/"" target=""_blank"" rel=""noopener"">slickwraps suffered a data breach</a>. the incident resulted in the exposure of 858k unique email addresses across customer records and newsletter subscribers. additional impacted data included names, physical addresses, phone numbers and purchase histories.",https://haveibeenpwned.com/content/images/pwnedlogos/slickwraps.png,"['email addresses', 'names', 'phone numbers', 'physical addresses', 'purchases']",True,False,False,False,False,False,False
slideteam,slideteam,slideteam.net,2021-04-06,2023-01-07 01:05:24+00:00,2023-01-07 01:05:24+00:00,1464271,"in april 2021, the &quot;world’s largest collection of pre-designed presentation slides&quot; <a href=""https://news.kaduu.ch/2022/08/25/worlds-largest-supplier-of-powerpoint-content-hacked/"" target=""_blank"" rel=""noopener"">slideteam had 1.4m records breached and later published to a popular hacking forum the following year</a>. allegedly sourced from a compromised magento instance, the data included names, email addresses and passwords stored as salted hashes.",https://haveibeenpwned.com/content/images/pwnedlogos/slideteam.png,"['email addresses', 'names', 'passwords']",True,False,False,False,False,False,False
smogon,smogon,smogon.com,2017-09-10,2018-04-11 00:12:09+00:00,2018-04-11 00:12:09+00:00,386489,"in april 2018, the pokémon website known as <a href=""https://www.smogon.com/forums/threads/we-were-hacked-recently-you-may-potentially-want-to-change-your-passwords.3632265/"" target=""_blank"" rel=""noopener"">smogon announced they'd suffered  a data breach</a>. the breach dated back to september 2017 and affected their xenforo based forum. the exposed data included usernames, email addresses, genders and both bcrypt and md5 password hashes.",https://haveibeenpwned.com/content/images/pwnedlogos/smogon.png,"['email addresses', 'genders', 'geographic locations', 'passwords', 'usernames', 'website activity']",True,False,False,False,False,False,False
snail,snail,snail.com,2015-03-14,2019-07-27 16:24:09+00:00,2019-07-27 16:24:09+00:00,1410899,"in march 2015, the gaming website <a href=""https://www.technadu.com/emuparadise-1-1-million-user-data-breach/70025/"" target=""_blank"" rel=""noopener"">snail suffered a data breach</a> that impacted 1.4 million subscribers. the impacted data included usernames, ip and email addresses and passwords stored as unsalted md5 hashes. the data was provided to hibp by <a href=""https://dehashed.com/"" target=""_blank"" rel=""noopener"">dehashed.com</a>.",https://haveibeenpwned.com/content/images/pwnedlogos/snail.png,"['email addresses', 'ip addresses', 'passwords', 'usernames']",True,False,False,False,False,False,False
snapchat,snapchat,snapchat.com,2014-01-01,2014-01-02 00:00:00+00:00,2014-01-02 00:00:00+00:00,4609615,"in january 2014 just one week after <a href=""http://gibsonsec.org/snapchat/fulldisclosure/"" target=""_blank"" rel=""noopener"">gibson security detailed vulnerabilities in the service</a>, snapchat had 4.6 million usernames and phone number exposed. the attack involved <a href=""http://www.troyhunt.com/2014/01/searching-snapchat-data-breach-with.html"" target=""_blank"" rel=""noopener"">brute force enumeration of a large number of phone numbers</a> against the snapchat api in what appears to be a response to snapchat's assertion that such an attack was &quot;theoretical&quot;. consequently, the breach enabled individual usernames (which are often used across other services) to be resolved to phone numbers which users usually wish to keep private.",https://haveibeenpwned.com/content/images/pwnedlogos/snapchat.png,"['geographic locations', 'phone numbers', 'usernames']",True,False,False,False,False,False,False
soargames,soargames,soargames.com,2019-12-16,2023-12-03 06:56:13+00:00,2023-12-03 06:56:13+00:00,4774445,"in december 2019, the now defunct gaming website soargames suffered a data breach that exposed 4.8m unique email addresses. the impacted data included usernames, email and ip addresses and salted md5 password hashes. a significant number of the email addresses appeared to have been generated as opposed to organically provided by the user.",https://haveibeenpwned.com/content/images/pwnedlogos/soargames.png,"['email addresses', 'ip addresses', 'passwords', 'usernames']",True,False,False,False,False,False,False
socialengineered,social engineered,socialengineered.net,2019-06-13,2019-06-23 20:46:39+00:00,2019-06-25 18:06:57+00:00,89392,"in june 2019, the &quot;art of human hacking&quot; site <a href=""https://socialengineered.net"" target=""_blank"" rel=""noopener"">social engineered</a> suffered a data breach. the breach of the mybb forum was published on a rival hacking forum and included 89k unique email addresses spread across 55k forum users and other tables in the database. the exposed data also included usernames, ip addresses, private messages and passwords stored as salted md5 hashes.",https://haveibeenpwned.com/content/images/pwnedlogos/socialengineered.png,"['email addresses', 'ip addresses', 'passwords', 'private messages', 'usernames']",True,False,False,False,False,False,False
siae,società italiana degli autori ed editori,siae.it,2018-11-03,2018-11-07 04:31:14+00:00,2018-11-07 04:37:11+00:00,14609,"in november 2018, the società italiana degli autori ed editori (italian society of authors and publishers, or siae) <a href=""https://www.repubblica.it/tecnologia/sicurezza/2018/11/03/news/tecnologia_altro_attacco_di_anonplus_bucato_il_sito_della_siae_e_rubati_4_giga_di_dati-210654944/?ref=search"" target=""_blank"" rel=""noopener"">was hacked, defaced and almost 4gb of data leaked publicly via twitter</a>. the data included over 14k registered users' names, email addresses and passwords.",https://haveibeenpwned.com/content/images/pwnedlogos/siae.png,"['email addresses', 'ip addresses', 'names', 'passwords', 'phone numbers']",True,False,False,False,False,False,False
sonicbids,sonicbids,sonicbids.com,2019-12-30,2020-08-18 07:39:37+00:00,2020-08-18 07:39:37+00:00,751700,"in december 2019, the booking website <a href=""https://oag.ca.gov/system/files/sonicbids%20-%20%20ca.pdf"" target=""_blank"" rel=""noopener"">sonicbids suffered a data breach</a> which they attributed to &quot;a data privacy event involving our third-party cloud hosting services&quot;. the breach contained 752k user records including names and usernames, email addresses and passwords stored as pbkdf2 hashes. the data was provided to hibp by <a href=""https://breachbase.pw/"" target=""_blank"" rel=""noopener"">breachbase.pw</a>.",https://haveibeenpwned.com/content/images/pwnedlogos/sonicbids.png,"['email addresses', 'names', 'passwords', 'usernames']",True,False,False,False,False,False,False
sony,sony,sony.com,2011-06-02,2013-12-04 00:00:00+00:00,2013-12-04 00:00:00+00:00,37103,"in 2011, sony suffered breach after breach after breach &mdash; it was a <em>very</em> bad year for them. the breaches spanned various areas of the business ranging from the playstation network all the way through to the motion picture arm, sony pictures. a sql injection vulnerability in <a href=""http://www.sonypictures.com"" target=""_blank"" rel=""noopener"">sonypictures.com</a> lead to <a href=""http://www.troyhunt.com/2011/06/brief-sony-password-analysis.html"" target=""_blank"" rel=""noopener"">tens of thousands of accounts across multiple systems being exposed</a> complete with plain text passwords.",https://haveibeenpwned.com/content/images/pwnedlogos/sony.png,"['dates of birth', 'email addresses', 'genders', 'names', 'passwords', 'phone numbers', 'physical addresses', 'usernames']",True,False,False,False,False,False,False
soundwave,soundwave,soundwave.com,2015-07-16,2017-03-17 22:36:34+00:00,2017-03-17 22:36:34+00:00,130705,"in approximately mid 2015, the music tracking app <a href=""http://www.soundwave.com/help/"" target=""_blank"" rel=""noopener"">soundwave suffered a data breach</a>. the breach stemmed from an incident whereby &quot;production data had been used to populate the test database&quot; and was then inadvertently  exposed in a mongodb. the data contained 130k records and included email addresses, dates of birth, genders and md5 hashes of passwords without a salt.",https://haveibeenpwned.com/content/images/pwnedlogos/soundwave.png,"['dates of birth', 'email addresses', 'genders', 'geographic locations', 'names', 'passwords', 'social connections']",True,False,False,False,False,False,False
specialkspamlist,special k data feed spam list,data4marketers.com,2015-10-07,2016-11-24 00:18:27+00:00,2016-11-24 00:18:27+00:00,30741620,"in mid to late 2015, a spam list known as the <a href=""http://www.data4marketers.com/d4m_specialkfeed2015.html"" target=""_blank"" rel=""noopener"">special k data feed</a> was discovered containing almost 31m identities. the data includes personal attributes such as names, physical and ip addresses, genders, birth dates and phone numbers. <a href=""https://www.troyhunt.com/have-i-been-pwned-and-spam-lists-of-personal-information"" target=""_blank"" rel=""noopener"">read more about spam lists in hibp.</a>",https://haveibeenpwned.com/content/images/pwnedlogos/email.png,"['dates of birth', 'email addresses', 'genders', 'ip addresses', 'names', 'physical addresses']",True,False,False,False,True,False,False
sphero,sphero,sphero.com,2023-09-09,2023-10-20 07:16:25+00:00,2023-10-20 07:16:25+00:00,832255,"in september 2023, <a href=""https://www.safetydetectives.com/news/sphero-leak-report/"" target=""_blank"" rel=""noopener"">over 1m rows of data from the educational robots company sphero was posted to a popular hacking forum</a>. the data contained 832k unique email addresses alongside names, usernames, dates of birth and geographic locations.",https://haveibeenpwned.com/content/images/pwnedlogos/sphero.png,"['dates of birth', 'email addresses', 'geographic locations', 'names', 'usernames']",True,False,False,False,False,False,False
spirol,spirol,spirol.com,2014-02-22,2014-02-22 20:47:56+00:00,2014-02-22 20:47:56+00:00,55622,"in february 2014, connecticut based spirol fastening solutions <a href=""http://news.softpedia.com/news/details-of-70-000-users-leaked-by-hackers-from-systems-of-spirol-international-428669.shtml"" target=""_blank"" rel=""noopener"">suffered a data breach that exposed over 70,000 customer records</a>. the attack was allegedly mounted by exploiting a sql injection vulnerability which yielded data from spirol’s crm system ranging from customers’ names, companies, contact information and over 55,000 unique email addresses.",https://haveibeenpwned.com/content/images/pwnedlogos/spirol.png,"['email addresses', 'employers', 'job titles', 'names', 'phone numbers', 'physical addresses']",True,False,False,False,False,False,False
spoutible,spoutible,spoutible.com,2024-01-31,2024-02-05 07:33:00+00:00,2024-02-05 07:33:00+00:00,207114,"in january 2024, <a href=""https://www.troyhunt.com/how-spoutibles-leaky-api-spurted-out-a-deluge-of-personal-data/"" target=""_blank"" rel=""noopener"">spoutible had 207k records scraped from a misconfigured api that inadvertently returned excessive personal information</a>. the data included names, usernames, email and ip addresses, phone numbers (where provided to the platform), genders and bcrypt password hashes. the incident also exposed 2fa secrets and backup codes along with password reset tokens.",https://haveibeenpwned.com/content/images/pwnedlogos/spoutible.png,"['email addresses', 'genders', 'ip addresses', 'names', 'passwords', 'phone numbers', 'usernames']",True,False,False,False,False,False,False
spyfone,spyfone,spyfone.com,2018-08-16,2018-08-24 04:36:24+00:00,2018-08-24 04:36:24+00:00,44109,"in august 2018, the spyware company <a href=""https://motherboard.vice.com/en_us/article/9kmj4v/spyware-company-spyfone-terabytes-data-exposed-online-leak"" target=""_blank"" rel=""noopener"">spyfone left terabytes of data publicly exposed</a>. collected surreptitiously whilst the targets were using their devices, the data included photos, audio recordings, text messages and browsing history which were then exposed via a number of misconfigurations within spyfone's systems. the data belonged the thousands of spyfone customers and included 44k unique email addresses, many likely belonging to people the targeted phones had contact with.",https://haveibeenpwned.com/content/images/pwnedlogos/spyfone.png,"['audio recordings', 'browsing histories', 'device information', 'email addresses', 'geographic locations', 'imei numbers', 'ip addresses', 'names', 'passwords', 'photos', 'sms messages']",True,False,False,False,False,False,False
staminus,staminus,staminus.net,2016-03-11,2017-10-05 03:58:50+00:00,2017-10-05 03:58:50+00:00,26815,"in march 2016, the ddos protection service <a href=""https://krebsonsecurity.com/2016/03/hackers-target-anti-ddos-firm-staminus/"" target=""_blank"" rel=""noopener"">staminus was &quot;massively hacked&quot;</a> resulting in an outage of more than 20 hours and the disclosure of customer credentials (with unsalted md5 hashes), support tickets, credit card numbers and other sensitive data. 27k unique email addresses were found in the data which was subsequently released to the public. staminus is no longer in operation.",https://haveibeenpwned.com/content/images/pwnedlogos/staminus.png,"['credit cards', 'email addresses', 'ip addresses', 'passwords', 'support tickets', 'usernames']",True,False,False,False,False,False,False
starnet,starnet,starnet.md,2015-02-26,2015-04-11 06:35:46+00:00,2015-04-11 06:35:46+00:00,139395,"in february 2015, the moldavian isp &quot;starnet&quot; <a href=""http://www.moldova.org/the-database-of-an-internet-provider-from-moldova-was-stolen-and-published/"" target=""_blank"" rel=""noopener"">had it's database published online</a>. the dump included nearly 140k email addresses, many with personal details including contact information, usage patterns of the isp and even passport numbers.",https://haveibeenpwned.com/content/images/pwnedlogos/starnet.png,"['customer interactions', 'dates of birth', 'email addresses', 'genders', 'ip addresses', 'mac addresses', 'names', 'passport numbers', 'passwords', 'phone numbers']",True,False,False,False,False,False,False
start,start,start.film,2021-06-01,2022-08-30 02:48:30+00:00,2022-08-30 02:55:07+00:00,7455386,"in august 2022, <a href=""https://meduza.io/news/2022/08/28/v-set-popali-dannye-44-millionov-polzovateley-onlayn-kinoteatra-start"" target=""_blank"" rel=""noopener"">news broke of an attack against the russian streaming service &quot;start&quot;</a>. the incident led to the exposure of 44m records containing 7.4m unique email addresses. the impacted data also included the subscriber's country and password hash. start subsequently <a href=""https://t.me/start_shows/1181"" target=""_blank"" rel=""noopener"">acknowledged the incident in a telegram post</a> and stated that the data dated back to 2021.",https://haveibeenpwned.com/content/images/pwnedlogos/start.png,"['email addresses', 'geographic locations', 'names', 'passwords']",True,False,False,False,False,False,False
startribune,startribune,startribune.com,2019-10-10,2020-10-30 23:30:39+00:00,2020-10-31 01:01:09+00:00,2192857,"in october 2019, the minnesota-based news service <a href=""https://www.startribune.com/hacker-group-claims-to-have-stolen-star-tribune-user-information/570384542/"" target=""_blank"" rel=""noopener"">startribune suffered a data breach</a> which was subsequently sold on the dark web. the breach exposed over 2 million unique email addresses alongside names, usernames, physical addresses, dates of birth, genders and passwords stored as bcrypt hashes. the data was provided to hibp by <a href=""https://dehashed.com/"" target=""_blank"" rel=""noopener"">dehashed.com</a>.",https://haveibeenpwned.com/content/images/pwnedlogos/startribune.png,"['dates of birth', 'email addresses', 'genders', 'names', 'passwords', 'physical addresses', 'usernames']",True,False,False,False,False,False,False
sterkinekor,ster-kinekor,sterkinekor.co.za,2017-03-09,2017-03-13 10:13:16+00:00,2017-03-13 10:13:16+00:00,1619544,"in 2016, the south african cinema company <a href=""http://blog.roguecode.co.za/sterkinekor-vulnerability-download-millions-accounts"" target=""_blank"" rel=""noopener"">ster-kinekor had a security flaw</a> which leaked a large amount of customer data via an enumeration vulnerability in the api of their old website. whilst more than 6 million accounts were leaked by the flaw, the exposed data only contained 1.6 million unique email addresses. the data also included extensive personal information such as names, addresses, birthdates, genders and plain text passwords.",https://haveibeenpwned.com/content/images/pwnedlogos/sterkinekor.png,"['dates of birth', 'email addresses', 'genders', 'names', 'passwords', 'phone numbers', 'physical addresses', 'spoken languages']",True,False,False,False,False,False,False
stockx,stockx,stockx.com,2019-07-26,2019-08-10 15:34:08+00:00,2019-08-11 04:12:11+00:00,6840339,"in july 2019, the fashion and sneaker trading platform <a href=""https://stockx.com/news/update-on-data-security-issue/"" target=""_blank"" rel=""noopener"">stockx suffered a data breach</a> which was subsequently sold via a dark webmarketplace. the exposed data included 6.8 million unique email addresses, names, physical addresses, purchases and passwords stored as salted md5 hashes. the data was provided to hibp by <a href=""https://dehashed.com/"" target=""_blank"" rel=""noopener"">dehashed.com</a>.",https://haveibeenpwned.com/content/images/pwnedlogos/stockx.png,"['email addresses', 'names', 'passwords', 'physical addresses', 'purchases', 'usernames']",True,False,False,False,False,False,False
storybird,storybird,storybird.com,2015-08-07,2021-02-02 00:39:58+00:00,2021-02-02 00:39:58+00:00,1047200,"in august 2015, the storytelling service <a href=""https://www.zdnet.com/article/hacker-puts-up-for-sale-third-round-of-hacked-databases-on-the-dark-web/"" target=""_blank"" rel=""noopener"">storybird suffered a data breach</a> exposing 4 million records with 1 million unique email addresses. impacted data also included names, usernames and passwords stored as pbkdf2 hashes. the data was provided to hibp by <a href=""https://dehashed.com/"" target=""_blank"" rel=""noopener"">dehashed.com</a>.",https://haveibeenpwned.com/content/images/pwnedlogos/storybird.png,"['email addresses', 'names', 'passwords', 'usernames']",True,False,False,False,False,False,False
straffic,straffic,straffic.io,2020-02-14,2020-02-27 19:28:29+00:00,2020-02-27 19:28:29+00:00,48580249,"in february 2020, israeli marketing company <a href=""https://www.databreachtoday.com/israeli-marketing-company-exposes-contacts-database-a-13785"" target=""_blank"" rel=""noopener"">straffic exposed a database with 140gb of personal data</a>. the publicly accessible elasticsearch database contained over 300m rows with 49m unique email addresses. exposed data also included names, phone numbers, physical addresses and genders. in <a href=""https://straffic.io/updates.php"" target=""_blank"" rel=""noopener"">their breach disclosure message</a>, straffic stated that &quot;it is impossible to create a totally immune system, and these things can occur&quot;.",https://haveibeenpwned.com/content/images/pwnedlogos/straffic.png,"['email addresses', 'genders', 'names', 'phone numbers', 'physical addresses']",True,False,False,False,False,False,False
stratfor,stratfor,stratfor.com,2011-12-24,2013-12-04 00:00:00+00:00,2013-12-04 00:00:00+00:00,859777,"in december 2011, &quot;anonymous&quot; <a href=""http://www.troyhunt.com/2011/12/5-website-security-lessons-courtesy-of.html"" target=""_blank"" rel=""noopener"">attacked the global intelligence company known as &quot;stratfor&quot;</a> and consequently disclosed a veritable treasure trove of data including hundreds of gigabytes of email and tens of thousands of credit card details which were promptly used by the attackers to make charitable donations (among other uses). the breach also included 860,000 user accounts complete with email address, time zone, some internal system data and md5 hashed passwords with no salt.",https://haveibeenpwned.com/content/images/pwnedlogos/stratfor.png,"['credit cards', 'email addresses', 'names', 'passwords', 'phone numbers', 'physical addresses', 'usernames']",True,False,False,False,False,False,False
streeteasy,streeteasy,streeteasy.com,2016-06-28,2019-10-06 18:18:50+00:00,2019-10-06 18:25:03+00:00,988230,"in approximately june 2016, the real estate website <a href=""https://therealdeal.com/2019/02/19/a-million-streeteasy-accounts-hacked/"" target=""_blank"" rel=""noopener"">streeteasy suffered a data breach</a>. in total, 988k unique email addresses were included in the breach alongside names, usernames and sha-1 hashes of passwords, all of which appeared for sale on a dark web marketplace in february 2019. the data was provided to hibp by a source who requested it be attributed to &quot;jimscott.sec@protonmail.com&quot;.",https://haveibeenpwned.com/content/images/pwnedlogos/streeteasy.png,"['email addresses', 'names', 'passwords', 'usernames']",True,False,False,False,False,False,False
stripchat,stripchat,stripchat.com,2021-11-05,2022-08-31 06:17:42+00:00,2022-08-31 06:37:07+00:00,10001355,"in november 2021, the live sex cams and adult chat website <a href=""https://www.bitdefender.com.au/blog/hotforsecurity/unsecure-server-exposed-200-million-records-of-adult-webcam-models-and-users-online/"" target=""_blank"" rel=""noopener"">stripchat left several databases exposed and unsecured</a>. in june the following year, over 10m stripchat records appeared on a popular hacking forum. the exposed data included usernames, email addresses and ip addresses.",https://haveibeenpwned.com/content/images/pwnedlogos/stripchat.png,"['email addresses', 'ip addresses', 'usernames']",True,False,True,False,False,False,False
strongholdkingdoms,stronghold kingdoms,strongholdkingdoms.com,2018-07-04,2019-07-21 15:36:01+00:00,2019-07-21 15:36:01+00:00,5187305,"in july 2018, the massive multiplayer online game <a href=""https://techraptor.net/content/roll20-stronghold-kingdoms-subject-security-breach"" target=""_blank"" rel=""noopener"">stronghold kingdoms suffered a data breach</a>. almost 5.2 million accounts were impacted by the incident which exposed emails addresses, usernames and passwords stored as salted sha-1 hashes. the data was provided to hibp by a source who requested it be attributed to &quot;jimscott.sec@protonmail.com&quot;.",https://haveibeenpwned.com/content/images/pwnedlogos/strongholdkingdoms.png,"['email addresses', 'passwords', 'usernames']",True,False,False,False,False,False,False
subagames,subagames,subagames.com,2016-11-01,2021-08-25 06:39:28+00:00,2021-08-25 06:44:29+00:00,6137666,"in november 2016, the game developer <a href=""https://www.hackread.com/vbulletin-forums-hacked-accounts-sold-on-dark-web/"" target=""_blank"" rel=""noopener"">suba games suffered a data breach</a> which led to the exposure of 6.1m unique email addresses. impacted data also included usernames and passwords, most of which appeared circulating in the breached file in plain text after being cracked from salted md5 hashes. the data was provided to hibp by <a href=""https://dehashed.com/"" target=""_blank"" rel=""noopener"">dehashed.com</a>.",https://haveibeenpwned.com/content/images/pwnedlogos/subagames.png,"['email addresses', 'passwords', 'usernames']",True,False,False,False,False,False,False
sumotorrent,sumo torrent,sumotorrent.sx,2014-06-21,2016-03-09 01:23:23+00:00,2016-03-09 01:23:23+00:00,285191,"in june 2014, the torrent site sumo torrent was hacked and 285k member records were exposed. the data included ip addresses, email addresses and passwords stored as weak md5 hashes.",https://haveibeenpwned.com/content/images/pwnedlogos/sumotorrent.png,"['email addresses', 'ip addresses', 'passwords', 'usernames', 'website activity']",True,False,False,False,False,False,False
sundryfiles,sundry files,sundryfiles.com,2022-01-21,2023-03-31 04:51:11+00:00,2023-03-31 04:51:11+00:00,274461,"in january 2022, the now defunct file upload service sundry files suffered a data breach that exposed 274k unique email addresses. the data also included usernames, ip addresses and passwords stored as salted sha-256 hashes.",https://haveibeenpwned.com/content/images/pwnedlogos/sundryfiles.png,"['email addresses', 'ip addresses', 'passwords', 'usernames']",True,False,False,False,False,False,False
supervpngeckovpn,supervpn & geckovpn,,2021-02-25,2021-02-28 22:30:29+00:00,2021-02-28 22:49:32+00:00,20339937,"in february 2021, <a href=""https://cybernews.com/security/one-of-the-biggest-android-vpns-hacked-data-of-21-million-users-from-3-android-vpns-put-for-sale-online/"" target=""_blank"" rel=""noopener"">a series of &quot;free&quot; vpn services were breached including supervpn and geckovpn</a>, exposing over 20m records. the data appeared together in a single file with a small number of records also included from flashvpn, suggesting that all three brands may share the same platform. impacted data also included email addresses, the country logged in from and the date and time each login occurred alongside device information including the make and model, imsi number and serial number. the data was provided to hibp by a source who requested it be attributed to redredred@riseup.net.",https://haveibeenpwned.com/content/images/pwnedlogos/supervpngeckovpn.png,"['device information', 'device serial numbers', 'email addresses', 'geographic locations', 'imsi numbers', 'login histories']",True,False,False,False,False,False,False
surveylama,surveylama,surveylama.com,2024-02-01,2024-04-02 23:04:58+00:00,2024-04-02 23:04:58+00:00,4426879,"in february 2024, the paid survey website surveylama suffered a data breach that exposed 4.4m customer email addresses. the incident also exposed names, physical and ip addresses, phone numbers, dates of birth and passwords stored as either salted sha-1, bcrypt or argon2 hashes. when contacted about the incident, surveylama advised that they had already &quot;notified the users by email&quot;.",https://haveibeenpwned.com/content/images/pwnedlogos/surveylama.png,"['dates of birth', 'email addresses', 'ip addresses', 'names', 'passwords', 'phone numbers', 'physical addresses']",True,False,False,False,False,False,False
svenskamagic,svenskamagic,svenskamagic.com,2015-07-01,2018-08-30 05:05:04+00:00,2018-08-30 05:08:09+00:00,30327,"sometime in 2015, the swedish magic website <a href=""https://www.svenskamagic.com/"" target=""_blank"" rel=""noopener"">svenskamagic</a> suffered a data breach that exposed over 30k records. the compromised data included usernames, email addresses and md5 password hashes. the data was self-submitted to hibp by svenskamagic.",https://haveibeenpwned.com/content/images/pwnedlogos/svenskamagic.png,"['email addresses', 'passwords', 'usernames']",True,False,False,False,False,False,False
sweclockers,sweclockers.com,sweclockers.com,2015-04-01,2017-03-22 02:01:20+00:00,2018-07-27 21:59:04+00:00,254867,"in early 2015, the swedish tech news site <a href=""http://www.sweclockers.com/nyhet/20800-sweclockers-drabbas-av-dataintrang"" target=""_blank"" rel=""noopener"">sweclockers was hacked</a> and 255k accounts were exposed. the attack led to the exposure of usernames, email addresses and salted hashes of passwords stored with a combination of md5 and sha512.",https://haveibeenpwned.com/content/images/pwnedlogos/sweclockers.png,"['email addresses', 'passwords', 'usernames']",True,False,False,False,False,False,False
swordfantasy,swordfantasy,swordfantasy.com,2017-01-20,2024-03-26 08:31:58+00:00,2024-03-26 08:31:58+00:00,2690657,"in january 2019, the now defunct mmo and rpg game swordfantasy suffered a data breach that exposed 2.7m unique email addresses. other impacted data included username, ip address and salted md5 password hashes.",https://haveibeenpwned.com/content/images/pwnedlogos/swordfantasy.png,"['email addresses', 'ip addresses', 'passwords', 'usernames']",True,False,False,False,False,False,False
swvl,swvl,swvl.com,2020-06-23,2020-07-31 06:24:42+00:00,2020-07-31 07:59:49+00:00,4195918,"in june 2020, the egyptian bus operator <a href=""https://portswigger.net/daily-swig/egyptian-bus-operator-swvl-hit-by-data-breach"" target=""_blank"" rel=""noopener"">swvl suffered a data breach</a> which impacted over 4 million members of the service. the exposed data included names, email addresses, phone numbers, profile photos, partial credit card data (type and last 4 digits) and passwords stored as bcrypt hashes, all of which was subsequently shared extensively throughout online hacking communities. the data was provided to hibp by <a href=""https://breachbase.pw/"" target=""_blank"" rel=""noopener"">breachbase.pw</a>.",https://haveibeenpwned.com/content/images/pwnedlogos/swvl.png,"['email addresses', 'names', 'partial credit card data', 'passwords', 'phone numbers', 'profile photos']",True,False,False,False,False,False,False
t2,t2,t2tea.com,2024-04-17,2024-04-22 06:17:17+00:00,2024-04-24 04:06:11+00:00,94584,"in april 2024, <a href=""https://www.cyberdaily.au/security/10446-t2-scalded-by-alleged-data-breach-affecting-more-than-80-000-customers"" target=""_blank"" rel=""noopener"">95k records from the t2 tea store were posted to a popular hacking forum</a>. data included email and physical addresses, names, phone numbers, dates of birth, purchases and passwords stored as scrypt hashes.",https://haveibeenpwned.com/content/images/pwnedlogos/t2.png,"['dates of birth', 'email addresses', 'names', 'passwords', 'phone numbers', 'physical addresses', 'purchases', 'salutations']",True,False,False,False,False,False,False
tailieu,tailieu,tailieu.vn,2019-11-24,2020-05-03 23:48:08+00:00,2020-05-03 23:48:08+00:00,7327477,"in november 2019, the vietnamese education website <a href=""https://tailieu.vn/"" target=""_blank"" rel=""noopener"">tailieu</a> allegedly suffered a data breach exposing 7.3m customer records. impacted data included names and usernames, email addresses, dates of birth, genders and passwords stored as unsalted md5 hashes. the data was provided to hibp by <a href=""https://dehashed.com/"" target=""_blank"" rel=""noopener"">dehashed.com</a> after being shared on a popular hacking forum. tailieu did not respond when contacted about the incident.",https://haveibeenpwned.com/content/images/pwnedlogos/tailieu.png,"['dates of birth', 'email addresses', 'genders', 'geographic locations', 'names', 'passwords', 'phone numbers', 'usernames']",True,False,False,False,False,False,False
tamodo,tamodo,tamodo.com,2020-02-28,2020-03-24 23:47:43+00:00,2020-03-24 23:55:46+00:00,494945,"in february 2020, the affiliate marketing network <a href=""https://www.tamodo.com/"" target=""_blank"" rel=""noopener"">tamodo</a> suffered a data breach which was subsequently shared on a popular hacking forum. the incident exposed almost 500k accounts including names, email addresses, dates of birth and passwords stored as bcrypt hashes. tamodo failed to respond to multiple attempts to report the breach via published communication channels.",https://haveibeenpwned.com/content/images/pwnedlogos/tamodo.png,"['dates of birth', 'email addresses', 'genders', 'geographic locations', 'ip addresses', 'names', 'passwords']",True,False,False,False,False,False,False
tangerine,tangerine,tangerinetelecom.com.au,2024-02-18,2024-02-28 01:42:43+00:00,2024-02-28 01:42:43+00:00,243462,"in february 2024, the australian telco <a href=""https://www.itnews.com.au/news/tangerine-telecom-says-customer-data-of-232000-affected-by-cyber-incident-605337"" target=""_blank"" rel=""noopener"">tangerine suffered a data breach that exposed over 200k customer records</a>. attributed to a legacy customer database, the data included physical and email addresses, names, phone numbers and dates of birth. whilst the tangerine login process involves sending a one-time password after entering an email address and phone number, it previously used a traditional password which was also exposed as a bcrypt hash.",https://haveibeenpwned.com/content/images/pwnedlogos/tangerine.png,"['dates of birth', 'email addresses', 'names', 'passwords', 'phone numbers', 'physical addresses', 'salutations']",True,False,False,False,False,False,False
taobao,taobao,taobao.com,2012-01-01,2016-10-08 10:53:23+00:00,2016-10-08 10:53:23+00:00,21149008,"in approximately 2012, it's alleged that the chinese shopping site known as <a href=""https://www.taobao.com"" target=""_blank"" rel=""noopener"">taobao</a> suffered a data breach that impacted over 21 million subscribers. whilst there is evidence that the data is legitimate, due to the difficulty of emphatically verifying the chinese breach it has been flagged as &quot;unverified&quot;. the data in the breach contains email addresses and plain text passwords. <a href=""https://www.troyhunt.com/handling-chinese-data-breaches-in-have-i-been-pwned/"" target=""_blank"" rel=""noopener"">read more about chinese data breaches in have i been pwned.</a>",https://haveibeenpwned.com/content/images/pwnedlogos/taobao.png,"['email addresses', 'passwords']",False,False,False,False,False,False,False
tapairportugal,tap air portugal,flytap.com,2022-08-25,2022-09-23 05:33:05+00:00,2023-02-05 06:13:01+00:00,6083479,"in august 2022, the portuguese airline <a href=""https://www.bleepingcomputer.com/news/security/ragnar-locker-ransomware-claims-attack-on-portugals-flag-airline/"" target=""_blank"" rel=""noopener"">tap air portugal was the target of a ransomware attack perpetrated by the ragnar locker gang</a> who later leaked the compromised data via a public dark web site. over 5m unique email addresses were exposed alongside other personal data including names, genders, dobs, phone numbers and physical addresses.",https://haveibeenpwned.com/content/images/pwnedlogos/tapairportugal.png,"['dates of birth', 'email addresses', 'genders', 'names', 'nationalities', 'phone numbers', 'physical addresses', 'salutations', 'spoken languages']",True,False,False,False,False,False,False
tappware,tappware,tappware.com,2024-04-23,2024-05-09 00:34:12+00:00,2024-05-09 00:34:12+00:00,94734,"in april 2024, <a href=""https://bcsi.gov.bd/bangladeshi-tech-company-tappware-database-compromise/"" target=""_blank"" rel=""noopener"">a substantial volume of data was taken from the bangladeshi it services provider tappware and published to a popular hacking forum</a>. comprising of 95k unique email addresses, the data also included extensive labour information on local citizens including names, physical addresses, job titles, dates of birth, genders and scans of government issued national identity (nid) cards.",https://haveibeenpwned.com/content/images/pwnedlogos/tappware.png,"['dates of birth', 'email addresses', 'genders', 'government issued ids', 'job titles', 'names', 'phone numbers', 'physical addresses', 'religions']",True,False,False,False,False,False,False
taringa,taringa,taringa.net,2017-08-01,2018-04-19 10:11:37+00:00,2018-04-19 10:11:37+00:00,27971100,"in september 2017, news broke that <a href=""https://thehackernews.com/2017/09/taringa-data-breach-hacking.html"" target=""_blank"" rel=""noopener"">taringa had suffered a data breach exposing 28 million records</a>. known as &quot;the latin american reddit&quot;, <a href=""https://www.taringa.net/posts/taringa/19972402/un-mensaje-importante-sobre-la-seguridad-de-tu-cuenta.html"" target=""_blank"" rel=""noopener"">taringa's breach disclosure notice</a> indicated the incident dated back to august that year. the exposed data included usernames, email addresses and weak md5 hashes of passwords.",https://haveibeenpwned.com/content/images/pwnedlogos/taringa.png,"['email addresses', 'passwords', 'usernames']",True,False,False,False,False,False,False
solomid,team solomid,solomid.net,2014-12-22,2016-03-09 13:04:08+00:00,2016-03-09 13:04:08+00:00,442166,"in december 2014, the electronic sports organisation known as <a href=""http://www.dailydot.com/esports/null-consolidated-team-solomid-hack/"" target=""_blank"" rel=""noopener"">team solomid was hacked</a> and 442k members accounts were leaked. the accounts included email and ip addresses, usernames and salted hashes of passwords.",https://haveibeenpwned.com/content/images/pwnedlogos/solomid.png,"['email addresses', 'ip addresses', 'passwords', 'usernames']",True,False,False,False,False,False,False
technic,technic,technicpack.net,2018-11-30,2018-12-04 02:32:35+00:00,2018-12-04 02:32:35+00:00,265410,"in november 2018, the minecraft modpack platform known as <a href=""https://www.technicpack.net/article/forums-database-breach.149"" target=""_blank"" rel=""noopener"">technic suffered a data breach</a>. technic promptly disclosed the breach and advised that the impacted data included over 265k unique users' email and ip addresses, chat logs, private messages and <a href=""https://twitter.com/pedroacunha/status/1069740224497020929"" target=""_blank"" rel=""noopener"">passwords stored as bcrypt hashes with a work factor of 13</a>. technic self-submitted the breach to hibp.",https://haveibeenpwned.com/content/images/pwnedlogos/technic.png,"['chat logs', 'email addresses', 'ip addresses', 'passwords', 'private messages', 'time zones']",True,False,False,False,False,False,False
teespring,teespring,teespring.com,2020-04-01,2021-06-25 06:58:48+00:00,2021-06-25 06:58:48+00:00,8234193,"in april 2020, the custom printed apparel website <a href=""https://www.zdnet.com/article/hacker-leaks-data-of-millions-of-teespring-users/"" target=""_blank"" rel=""noopener"">teespring suffered a data breach that exposed 8.2 million customer records</a>. the data included email addresses, names, geographic locations and social media ids.",https://haveibeenpwned.com/content/images/pwnedlogos/teespring.png,"['email addresses', 'geographic locations', 'names', 'social media profiles']",True,False,False,False,False,False,False
trai,telecom regulatory authority of india,trai.gov.in,2015-04-27,2015-04-27 11:21:59+00:00,2015-04-27 11:21:59+00:00,107776,"in april 2015, the telecom regulatory authority of india (trai) <a href=""http://www.dnaindia.com/scitech/report-email-savetheinternet-net-neutrality-campaign-public-privacy-spam-phishing-2081037"" target=""_blank"" rel=""noopener"">published tens of thousand of emails</a> sent by indian citizens supporting net neutrality as part of the savetheinternet campaign. the published data included lists of emails including the sender's name and email address as well as the contents of the email as well, often with signatures including other personal data.",https://haveibeenpwned.com/content/images/pwnedlogos/trai.png,"['email addresses', 'email messages']",True,False,False,False,False,False,False
telegramcombolists,telegram combolists,,2024-05-28,2024-06-03 19:10:03+00:00,2024-06-03 19:34:45+00:00,361468099,"in may 2024, <a href=""https://troyhunt.com/telegram-combolists-and-361m-email-addresses"" target=""_blank"" rel=""noopener"">2b rows of data with 361m unique email addresses were collated from malicious telegram channels</a>. the data contained 122gb across 1.7k files with email addresses, usernames, passwords and in many cases, the website they were entered into. the data appears to have been sourced from a combination of existing combolists and info stealer malware.",https://haveibeenpwned.com/content/images/pwnedlogos/list.png,"['email addresses', 'passwords', 'usernames']",True,False,False,False,False,False,False
teracod,teracod,teracod.org,2016-05-28,2016-08-22 11:21:27+00:00,2016-08-22 11:21:27+00:00,97151,"in may 2015, almost 100k user records were extracted from the hungarian torrent site known as teracod. the data was later discovered being torrented itself and included email addresses, passwords, private messages between members and the peering history of ip addresses using the service.",https://haveibeenpwned.com/content/images/pwnedlogos/teracod.png,"['avatars', 'email addresses', 'ip addresses', 'passwords', 'payment histories', 'private messages', 'usernames', 'website activity']",True,False,False,False,False,False,False
terravision,terravision,terravision.eu,2023-02-01,2023-04-23 03:50:37+00:00,2023-04-23 03:50:37+00:00,2075625,"in february 2023, the european airport transfers service <a href=""https://www.terravision.eu/"" target=""_blank"" rel=""noopener"">terravision</a> suffered a data breach. the breach exposed over 2m records of customer data including names, phone numbers, email addresses, salted password hashes and in some cases, date of birth and country of origin. terravision did not respond to multiple attempts by individuals period over a period of months to report the incident.",https://haveibeenpwned.com/content/images/pwnedlogos/terravision.png,"['dates of birth', 'email addresses', 'geographic locations', 'names', 'passwords', 'phone numbers']",True,False,False,False,False,False,False
tesco,tesco,tesco.com,2014-02-12,2014-02-13 21:19:24+00:00,2014-02-13 21:19:24+00:00,2239,"in february 2014, <a href=""http://www.bbc.co.uk/news/technology-26171130"" target=""_blank"" rel=""noopener"">over 2,000 tesco accounts with usernames, passwords and loyalty card balances appeared on pastebin</a>. whilst the source of the breach is not clear, many confirmed the credentials were valid for tesco and indeed <a href=""http://www.troyhunt.com/2012/07/lessons-in-website-security-anti.html"" target=""_blank"" rel=""noopener""> they have a history of poor online security</a>.",https://haveibeenpwned.com/content/images/pwnedlogos/tesco.png,"['email addresses', 'passwords', 'reward program balances']",True,False,False,False,False,False,False
tgbus,tgbus,tgbus.com,2017-09-01,2018-04-28 02:02:29+00:00,2018-04-28 02:02:29+00:00,10371766,"in approximately 2017, it's alleged that the chinese gaming site known as <a href=""http://www.tgbus.com/"" target=""_blank"" rel=""noopener"">tgbus</a> suffered a data breach that impacted over 10 million unique subscribers. whilst there is evidence that the data is legitimate, due to the difficulty of emphatically verifying the chinese breach it has been flagged as &quot;unverified&quot;. the data in the breach contains usernames, email addresses and salted md5 password hashes and was provided with support from <a href=""https://dehashed.com/"" target=""_blank"" rel=""noopener"">dehashed.com</a>. <a href=""https://www.troyhunt.com/handling-chinese-data-breaches-in-have-i-been-pwned/"" target=""_blank"" rel=""noopener"">read more about chinese data breaches in have i been pwned.</a>",https://haveibeenpwned.com/content/images/pwnedlogos/tgbus.png,"['email addresses', 'passwords', 'usernames']",False,False,False,False,False,False,False
thecandidboard,the candid board,thecandidboard.com,2015-09-03,2017-01-22 08:33:43+00:00,2017-01-22 08:33:43+00:00,178201,"in september 2015, the non-consensual voyeurism site <a href=""http://www.ibtimes.co.uk/upskirt-porn-website-hit-massive-data-leak-exposing-nearly-180000-voyeurs-1602756"" target=""_blank"" rel=""noopener"">&quot;the candid board&quot; suffered a data breach</a>. the hack of the vbulletin forum led to the exposure of over 178k accounts along with email and ip addresses, dates of birth and salted passwords hashed with md5.",https://haveibeenpwned.com/content/images/pwnedlogos/thecandidboard.png,"['dates of birth', 'email addresses', 'geographic locations', 'ip addresses', 'passwords', 'usernames', 'website activity']",True,False,True,False,False,False,False
thefappening,the fappening,thefappening.so,2015-12-01,2016-04-13 01:08:20+00:00,2016-04-13 01:08:20+00:00,179030,"in december 2015, the forum for discussing naked celebrity photos known as &quot;the fappening&quot; (named after the icloud leaks of 2014) was compromised and 179k accounts were leaked. exposed member data included usernames, email addresses and salted hashes of passwords.",https://haveibeenpwned.com/content/images/pwnedlogos/thefappening.png,"['email addresses', 'passwords', 'usernames']",True,False,True,False,False,False,False
theflyonthewall,the fly on the wall,theflyonthewall.com,2017-12-31,2018-01-15 06:42:31+00:00,2018-01-15 06:42:31+00:00,84011,"in december 2017, the stock market news website <a href=""http://theflyonthewall.com/"" target=""_blank"" rel=""noopener"">the fly on the wall</a> suffered a data breach. the data in the breach included 84k unique email addresses as well as purchase histories and credit card data. <a href=""https://www.troyhunt.com/streamlining-data-breach-disclosure-a-step-by-step-process"" target=""_blank"" rel=""noopener"">numerous attempts were made to contact the fly on the wall about the incident</a>, however no responses were received.",https://haveibeenpwned.com/content/images/pwnedlogos/theflyonthewall.png,"['age groups', 'credit cards', 'email addresses', 'genders', 'names', 'passwords', 'phone numbers', 'physical addresses', 'purchases', 'usernames']",True,False,False,False,False,False,False
halloweenspot,the halloween spot,thehalloweenspot.com,2019-09-27,2020-03-16 05:20:32+00:00,2020-03-16 22:07:11+00:00,10653,"in september 2019, the halloween costume store <a href=""https://www.thehalloweenspot.com/"" target=""_blank"" rel=""noopener"">the halloween spot</a> suffered a data breach. originally misattributed to fancy dress store <a href=""https://www.smiffys.com/"" target=""_blank"" rel=""noopener"">smiffys</a>, the breach contained 13gb of data with over 10k unique email addresses alongside names, physical and ip addresses, phone numbers and order histories. the halloween spot advised customers the breach was traced back to &quot;an old shipping information database&quot;.",https://haveibeenpwned.com/content/images/pwnedlogos/halloweenspot.png,"['email addresses', 'ip addresses', 'names', 'phone numbers', 'physical addresses', 'purchases']",True,False,False,False,False,False,False
kodifoundation,the kodi foundation,kodi.tv,2023-02-16,2023-04-13 05:01:41+00:00,2023-04-13 05:01:41+00:00,400635,"in february 2023, <a href=""https://www.bleepingcomputer.com/news/security/kodi-discloses-data-breach-after-forum-database-for-sale-online/"" target=""_blank"" rel=""noopener"">the kodi foundation suffered a data breach that exposed more than 400k user records</a>. attributed to an account belonging to &quot;a trusted but currently inactive member of the forum admin team&quot;, the breach involved the administrator account creating a database backup that was subsequently downloaded before being sold on a hacking forum. the breach exposed email and ip addresses, usernames, genders and passwords stored as mybb salted hashes. the kodi foundation elected to self-submit impacted email addresses to hibp.",https://haveibeenpwned.com/content/images/pwnedlogos/kodifoundation.png,"['browser user agent details', 'dates of birth', 'email addresses', 'ip addresses', 'passwords', 'private messages', 'usernames']",True,False,False,False,False,False,False
thepostmillennial,the post millennial,thepostmillennial.com,2024-05-02,2024-05-10 01:55:22+00:00,2024-05-14 20:33:14+00:00,56973345,"in may 2024, <a href=""https://www.mediaite.com/politics/conservative-news-websites-hacked-replaced-with-page-leaking-private-information/"" target=""_blank"" rel=""noopener"">the conservative news website the post millennial suffered a data breach</a>. the breach resulted in the defacement of the website and links posted to 3 different corpuses of data including hundreds of writers and editors (ip, physical address and email exposed), tens of thousands of subscribers to the site (name, email, username, phone and plain text password exposed), and tens of millions of email addresses from <a href=""https://sprunge.us/sztt4n"" target=""_blank"" rel=""noopener"">thousands of mailing lists</a> <em>alleged</em> to have been used by the post millennial (this has not been independently verified). the mailing lists appear to be sourced from various campaigns not necessarily run by the post millennial and contain a variety of different personal attributes including name, phone and physical address (depending on the campaign). the data was subsequently posted to a popular hacking forum and extensively torrented.",https://haveibeenpwned.com/content/images/pwnedlogos/thepostmillennial.png,"['email addresses', 'genders', 'ip addresses', 'names', 'passwords', 'phone numbers', 'physical addresses', 'usernames']",True,False,False,False,False,False,False
thegradcafe,thegradcafe,thegradcafe.com,2023-02-26,2023-03-24 04:12:17+00:00,2023-03-24 04:12:17+00:00,310975,"in february 2023, the grad school admissions search website thegradcafe suffered a data breach that disclosed the personal records of 310k users. the data included email addresses, names and usernames, genders, geographic locations and passwords stored as bcrypt hashes. some records also included physical address, phone number and date of birth. thegradcafe did not respond to multiple attempts to disclose the breach.",https://haveibeenpwned.com/content/images/pwnedlogos/thegradcafe.png,"['email addresses', 'genders', 'geographic locations', 'ip addresses', 'names', 'passwords', 'phone numbers', 'physical addresses', 'usernames']",True,False,False,False,False,False,False
thetvdb,thetvdb.com,thetvdb.com,2017-11-21,2018-01-29 07:50:12+00:00,2018-01-29 07:50:12+00:00,181871,"in november 2017, the open television database known as <a href=""https://forums.thetvdb.com/viewtopic.php?f=3&t=43254"" target=""_blank"" rel=""noopener"">thetvdb.com suffered a data breach</a>. the breached data was posted to a hacking forum and included 182k records with usernames, email addresses and mysql password hashes.",https://haveibeenpwned.com/content/images/pwnedlogos/thetvdb.png,"['email addresses', 'passwords', 'usernames']",True,False,False,False,False,False,False
thingiverse,thingiverse,thingiverse.com,2020-10-13,2021-10-14 10:02:04+00:00,2021-10-14 10:02:04+00:00,228102,"in october 2021, a database backup taken from the 3d model sharing service <a href=""https://www.databreachtoday.com/thingiverse-data-leak-affects-25-million-subscribers-a-17729"" target=""_blank"" rel=""noopener"">thingiverse began extensively circulating within the hacking community</a>. dating back to october 2020, the 36gb file contained 228 thousand unique email addresses, mostly alongside comments left on 3d models. the data also included usernames, ip addresses, full names and passwords stored as either unsalted sha-1 or bcrypt hashes. in some cases, physical addresses was also exposed. thingiverse's owner, makerbot, is aware of the incident but at the time of writing, is yet to issue a disclosure statement. the data was provided to hibp by <a href=""https://dehashed.com/"" target=""_blank"" rel=""noopener"">dehashed.com</a>.",https://haveibeenpwned.com/content/images/pwnedlogos/thingiverse.png,"['dates of birth', 'email addresses', 'ip addresses', 'names', 'passwords', 'physical addresses', 'usernames']",True,False,False,False,False,False,False
thishabboforum,thishabbo forum,thishabboforum.com,2014-01-01,2015-03-28 05:35:28+00:00,2015-03-28 05:35:28+00:00,612414,"in 2014, the thishabbo forum (a fan site for habbo.com, a finnish social networking site) <a href=""https://www.google.com/search?q=""thishabbo_forum.txt"" target=""_blank"" rel=""noopener"">appeared among a list of compromised sites</a> which has subsequently been removed from the internet. whilst the actual date of the exploit is not clear, the breached data includes usernames, email addresses, ip addresses and salted hashes of passwords. a further 584k records were added from a more comprehensive breach file provided in october 2016.",https://haveibeenpwned.com/content/images/pwnedlogos/thishabboforum.png,"['email addresses', 'ip addresses', 'passwords', 'usernames']",True,False,False,False,False,False,False
tianya,tianya,tianya.cn,2011-12-26,2016-06-30 03:39:05+00:00,2016-06-30 03:39:05+00:00,29020808,"in december 2011, <a href=""http://thehackernews.com/2011/12/tianya-chinas-biggest-online-forum-40.html"" target=""_blank"" rel=""noopener"">china's largest online forum known as tianya was hacked</a> and tens of millions of accounts were obtained by the attacker. the leaked data included names, usernames and email addresses.",https://haveibeenpwned.com/content/images/pwnedlogos/tianya.png,"['email addresses', 'names', 'usernames']",True,False,False,False,False,False,False
ticketcounter,ticketcounter,ticketcounter.nl,2021-02-22,2021-03-01 22:37:54+00:00,2023-06-21 20:28:24+00:00,1921722,"in august 2020, the dutch ticketing service <a href=""https://www.bleepingcomputer.com/news/security/european-e-ticketing-platform-ticketcounter-extorted-in-data-breach/"" target=""_blank"" rel=""noopener"">ticketcounter inadvertently published a database backup to a publicly accessible location where it was then found and downloaded in february 2021</a>. the data contained 1.9m unique email addresses which were offered for sale on a hacking forum and in some cases included names, physical and ip addresses, genders, dates of birth, payment histories and bank account numbers. ticketcounter was later held to ransom with the threat of the breached being released publicly. the data was provided to hibp by a source who requested it be attributed to redredred@riseup.net.",https://haveibeenpwned.com/content/images/pwnedlogos/ticketcounter.png,"['bank account numbers', 'dates of birth', 'email addresses', 'genders', 'ip addresses', 'names', 'payment histories', 'phone numbers', 'physical addresses']",True,False,False,False,False,False,False
ticketfly,ticketfly,ticketfly.com,2018-05-31,2018-06-03 06:14:14+00:00,2021-07-23 03:15:33+00:00,26151608,"in may 2018, the website for the ticket distribution service <a href=""https://motherboard.vice.com/en_us/article/mbk3nx/ticketfly-website-database-hacked-data-breach"" target=""_blank"" rel=""noopener"">ticketfly was defaced by an attacker and was subsequently taken offline</a>. the attacker allegedly requested a ransom to share details of the vulnerability with ticketfly but did not receive a reply and subsequently posted the breached data online to a publicly accessible location. the data included over 26 million unique email addresses along with names, physical addresses and phone numbers. whilst there were no passwords in the publicly leaked data, <a href=""https://support.ticketfly.com/customer/en/portal/articles/2941983-ticketfly-cyber-incident-update"" target=""_blank"" rel=""noopener"">ticketfly later issued an incident update</a> and stated that &quot;it is possible, however, that hashed values of password credentials could have been accessed&quot;.",https://haveibeenpwned.com/content/images/pwnedlogos/ticketfly.png,"['email addresses', 'names', 'phone numbers', 'physical addresses']",True,False,False,False,False,False,False
tigo,tigo,tigo.chat,2023-03-31,2023-07-24 23:25:32+00:00,2023-07-24 23:25:32+00:00,700394,"in mid-2023, 300gb of data containing over 100m records from <a href=""https://tigo.chat/"" target=""_blank"" rel=""noopener"">the chinese video chat platform &quot;tigo&quot;</a> dating back to march that year was discovered. the data contained over 700k unique names, usernames, email and ip addresses, genders, profile photos and private messages. tigo did not respond to multiple attempts to disclose the incident.",https://haveibeenpwned.com/content/images/pwnedlogos/tigo.png,"['device information', 'email addresses', 'genders', 'geographic locations', 'ip addresses', 'names', 'private messages', 'profile photos', 'usernames']",True,False,False,False,False,False,False
tokopedia,tokopedia,tokopedia.com,2020-04-17,2020-05-02 23:45:21+00:00,2020-07-17 00:53:20+00:00,71443698,"in april 2020, indonesia's largest online store <a href=""https://www.zdnet.com/article/hacker-leaks-15-million-records-from-tokopedia-indonesias-largest-online-store/"" target=""_blank"" rel=""noopener"">tokopedia suffered a data breach</a>. the incident resulted in 15m rows of data being posted to a popular hacking forum. an additional 76m rows were later provided to hibp in july 2020. in total, the data included over 71m unique email addresses alongside names, genders, birth dates and passwords stored as sha2-384 hashes.",https://haveibeenpwned.com/content/images/pwnedlogos/tokopedia.png,"['dates of birth', 'email addresses', 'genders', 'names', 'passwords']",True,False,False,False,False,False,False
toondoo,toondoo,toondoo.com,2019-08-21,2019-11-11 06:19:53+00:00,2019-11-11 06:19:53+00:00,6002694,"in august 2019, the comic strip creation website <a href=""https://www.zataz.com/6-000-000-de-donnees-personnelles-piratees-pour-le-site-toondoo/"" target=""_blank"" rel=""noopener"">toondoo suffered a data breach</a>. the data was subsequently redistributed on a popular hacking forum in november where the personal information of over 6m subscribers was shared. impacted data included email and ip addresses, usernames, genders, the location of the individual and salted password hashes.",https://haveibeenpwned.com/content/images/pwnedlogos/toondoo.png,"['email addresses', 'genders', 'geographic locations', 'ip addresses', 'passwords', 'usernames']",True,False,False,False,False,False,False
torrentinvites,torrent invites,torrent-invites.com,2013-12-12,2017-03-22 01:14:11+00:00,2017-03-22 01:14:11+00:00,352120,"in december 2013, the torrent site <a href=""https://www.reddit.com/r/trackers/comments/1sqqf7/torrentinvites_hacked/"" target=""_blank"" rel=""noopener"">torrent invites was hacked</a> and over 352k accounts were exposed. the vbulletin forum contained usernames, email and ip addresses, birth dates and salted md5 hashes of passwords.",https://haveibeenpwned.com/content/images/pwnedlogos/torrentinvites.png,"['dates of birth', 'email addresses', 'ip addresses', 'passwords', 'usernames', 'website activity']",True,False,False,False,False,False,False
toumei,toumei,toumei.co.jp,2023-10-18,2023-10-27 07:16:19+00:00,2023-10-27 07:16:19+00:00,76682,"in october 2023, the japanese consultancy firm <a href=""https://www.toumei.co.jp/news/2023/10/information_privacy/"" target=""_blank"" rel=""noopener"">toumei suffered a data breach</a>. the breach exposed over 100m lines and 10gb of data including 77k unique email addresses along with names, phone numbers and physical addresses.",https://haveibeenpwned.com/content/images/pwnedlogos/toumei.png,"['email addresses', 'names', 'phone numbers', 'physical addresses']",True,False,False,False,False,False,False
tout,tout,tout.com,2014-09-11,2020-01-25 06:12:28+00:00,2020-01-25 06:12:28+00:00,652683,"in approximately september 2014, the now defunct social networking service <a href=""https://en.wikipedia.org/wiki/tout_(company)"" target=""_blank"" rel=""noopener"">tout</a> suffered a data breach. the breach subsequently appeared years later and included 653k unique email addresses, names, ip addresses, the location of the user, their bio and passwords stored as bcrypt hashes. the data was provided to hibp by a source who requested it to be attributed to &quot;nmapthis@protonmail.com&quot;.",https://haveibeenpwned.com/content/images/pwnedlogos/tout.png,"['bios', 'email addresses', 'geographic locations', 'ip addresses', 'names', 'passwords', 'usernames']",True,False,False,False,False,False,False
travelok,travel oklahoma,travelok.com,2020-12-17,2021-03-10 22:48:23+00:00,2021-03-10 22:48:23+00:00,637279,"in december 2020, <a href=""https://tulsaworld.com/news/local/state-tourism-department-reports-data-breach-no-social-security-financial-data-compromised/article_105b0d18-6595-11eb-998b-1b96c12d2d14.html"" target=""_blank"" rel=""noopener"">the oklahoma state tourism and recreation department suffered a data breach</a>. the incident exposed 637k email addresses across a variety of tables including age ranges against brochure orders and dates of birth against contest entries. genders, names and physical addresses were also exposed. the data was provided to hibp by a source who requested it be attributed to &quot;badhou3a&quot;.",https://haveibeenpwned.com/content/images/pwnedlogos/travelok.png,"['age groups', 'dates of birth', 'email addresses', 'genders', 'names', 'physical addresses']",True,False,False,False,False,False,False
travelio,travelio,travelio.com,2021-11-23,2022-04-08 00:05:43+00:00,2022-04-08 00:05:43+00:00,471376,"in november 2021, the indonesian real estate website <a href=""https://www.riskbasedsecurity.com/2021/12/14/dark-web-roundup-november-2021/"" target=""_blank"" rel=""noopener"">travelio suffered a data breach that exposed over 470k customer accounts</a>. the data included email addresses, names, password hashes, phone numbers and for some accounts, dates of birth, physical address and facebook auth tokens. the data was provided to hibp by a source who requested it be attributed to &quot;white_peacock@riseup.net&quot;.",https://haveibeenpwned.com/content/images/pwnedlogos/travelio.png,"['auth tokens', 'dates of birth', 'email addresses', 'names', 'passwords', 'phone numbers', 'physical addresses']",True,False,False,False,False,False,False
trello,trello,trello.com,2024-01-16,2024-01-22 19:41:05+00:00,2024-01-22 19:41:05+00:00,15111945,"in january 2024, <a href=""https://twitter.com/h4ckmanac/status/1747527579559411959"" target=""_blank"" rel=""noopener"">data was scraped from trello and posted for sale on a popular hacking forum</a>. containing over 15m email addresses, names and usernames, the data was obtained by enumerating a publicly accessible resource using email addresses from previous breach corpuses. trello advised that no unauthorised access had occurred.",https://haveibeenpwned.com/content/images/pwnedlogos/trello.png,"['email addresses', 'names', 'usernames']",True,False,False,False,False,False,False
trikspambotnet,trik spam botnet,,2018-06-12,2018-06-14 08:05:50+00:00,2022-01-05 04:11:30+00:00,43432346,"in june 2018, the command and control server of a malicious botnet known as the &quot;trik spam botnet&quot; <a href=""https://www.bleepingcomputer.com/news/security/trik-spam-botnet-leaks-43-million-email-addresses/"" target=""_blank"" rel=""noopener"">was misconfigured such that it exposed the email addresses of more than 43 million people</a>. the researchers who discovered the exposed russian server believe the list of addresses was used to distribute various malware strains via malspam campaigns (emails designed to deliver malware).",https://haveibeenpwned.com/content/images/pwnedlogos/email.png,['email addresses'],True,False,False,False,True,True,False
trillian,trillian,trillian.im,2015-12-27,2016-07-15 11:14:44+00:00,2016-07-15 11:14:44+00:00,3827238,"in december 2015, the instant messaging application <a href=""https://www.trillian.im/help/trillian-blog-and-forums-security-incident/"" target=""_blank"" rel=""noopener"">trillian suffered a data breach</a>. the breach became known in july 2016 and exposed various personal data attributes including names, email addresses and passwords stored as salted md5 hashes.",https://haveibeenpwned.com/content/images/pwnedlogos/trillian.png,"['dates of birth', 'email addresses', 'ip addresses', 'names', 'passwords', 'usernames']",True,False,False,False,False,False,False
truckersmp,truckersmp,truckersmp.com,2016-02-25,2016-04-24 21:27:05+00:00,2016-04-24 21:27:05+00:00,83957,"in february 2016, the online trucking simulator mod <a href=""http://truckersmp.com/en_us/blog/8"" target=""_blank"" rel=""noopener"">truckersmp suffered a data breach</a> which exposed 84k user accounts. in a first for ""have i been pwned"", <a href=""https://www.troyhunt.com/100-data-breaches-later-have-i-been-pwned-gets-its-first-self-submission/"" target=""_blank"" rel=""noopener"">the breached data was self-submitted directly by the organisation that was breached itself</a>.",https://haveibeenpwned.com/content/images/pwnedlogos/truckersmp.png,"['email addresses', 'passwords', 'usernames']",True,False,False,False,False,False,False
truefire,truefire,truefire.com,2020-02-21,2020-08-02 20:46:26+00:00,2020-08-02 20:46:26+00:00,599667,"in february 2020, the guitar tuition website <a href=""https://guitar.com/news/industry-news/truefire-data-breach/"" target=""_blank"" rel=""noopener"">truefire suffered a data breach</a> which impacted 600k members. the breach exposed extensive personal information including names, email and physical addresses, account balances and unsalted md5 password hashes. the data was provided to hibp by <a href=""https://dehashed.com/"" target=""_blank"" rel=""noopener"">dehashed.com</a>.",https://haveibeenpwned.com/content/images/pwnedlogos/truefire.png,"['account balances', 'dates of birth', 'email addresses', 'names', 'passwords', 'phone numbers', 'physical addresses', 'usernames']",True,False,False,False,False,False,False
truthfinder,truth finder,truthfinder.com,2019-04-12,2023-02-04 07:02:52+00:00,2023-02-04 07:02:52+00:00,8159573,"in 2019, the public records search service <a href=""https://www.truthfinder.com/security-incident-alert/"" target=""_blank"" rel=""noopener"">truthfinder suffered a data breach that later came to light in early 2023</a>. the data included over 8m unique customer email addresses, names, phone numbers and passwords stored as scrypt hashes.",https://haveibeenpwned.com/content/images/pwnedlogos/truthfinder.png,"['email addresses', 'names', 'passwords', 'phone numbers']",True,False,False,False,False,False,False
tumblr,tumblr,tumblr.com,2013-02-28,2016-05-29 22:59:04+00:00,2016-05-29 22:59:04+00:00,65469298,"in early 2013, <a href=""https://staff.tumblr.com/post/144263069415/we-recently-learned-that-a-third-party-had"" target=""_blank"" rel=""noopener"">tumblr suffered a data breach</a> which resulted in the exposure of over 65 million accounts. the data was later put up for sale on a dark market website and included email addresses and passwords stored as salted sha1 hashes.",https://haveibeenpwned.com/content/images/pwnedlogos/tumblr.png,"['email addresses', 'passwords']",True,False,False,False,False,False,False
tunedglobal,tuned global,tunedglobal.com,2016-03-16,2022-08-03 00:00:15+00:00,2022-08-03 03:10:14+00:00,985586,"in january 2021, <a href=""https://siliconangle.com/2021/01/20/shinyhunters-publishes-1-9m-stolen-user-credentials-photo-editing-site-pixlr/"" target=""_blank"" rel=""noopener"">data from a number of breached services including tuned global were released to a public hacking forum</a>. the breach appears to date back to 2016 and includes 985k records containing email addresses, names, a small number of physical addresses and phone numbers and passwords stored in plain text.",https://haveibeenpwned.com/content/images/pwnedlogos/tunedglobal.png,"['email addresses', 'names', 'passwords', 'phone numbers', 'physical addresses']",True,False,False,False,False,False,False
tunngle,tunngle,tunngle.net,2016-07-01,2023-10-21 21:20:33+00:00,2023-10-21 21:20:33+00:00,8192928,"in 2016, the now defunct global lan gaming network <a href=""https://web.archive.org/web/20160305044242/http://www.tunngle.net/en/"" target=""_blank"" rel=""noopener"">tunngle</a> suffered a data breach that exposed 8.2m unique email addresses. the compromised data also included usernames, ip addresses and passwords stored as salted md5 hashes.",https://haveibeenpwned.com/content/images/pwnedlogos/tunngle.png,"['email addresses', 'ip addresses', 'passwords', 'usernames']",True,False,False,False,False,False,False
twitter,twitter,twitter.com,2022-01-01,2022-08-13 02:29:52+00:00,2022-08-13 02:40:49+00:00,6682453,"in january 2022, <a href=""https://www.bleepingcomputer.com/news/security/hacker-selling-twitter-account-data-of-54-million-users-for-30k/"" target=""_blank"" rel=""noopener"">a vulnerability in twitter's platform allowed an attacker to build a database of the email addresses and phone numbers of millions of users of the social platform</a>. in a disclosure notice later shared in august 2022, <a href=""https://privacy.twitter.com/en/blog/2022/an-issue-affecting-some-anonymous-accounts"" target=""_blank"" rel=""noopener"">twitter advised that the vulnerability was related to a bug introduced in june 2021</a> and that they are directly notifying impacted customers. the impacted data included either email address or phone number alongside other public information including the username, display name, bio, location and profile photo. the data included 6.7m unique email addresses across both active and suspended accounts, the latter appearing in a separate list of 1.4m addresses.",https://haveibeenpwned.com/content/images/pwnedlogos/twitter.png,"['bios', 'email addresses', 'geographic locations', 'names', 'phone numbers', 'profile photos', 'usernames']",True,False,False,False,False,False,False
twitter200m,twitter (200m),twitter.com,2021-01-01,2023-01-05 20:49:16+00:00,2023-01-05 20:49:16+00:00,211524284,"in early 2023, <a href=""https://www.bleepingcomputer.com/news/security/200-million-twitter-users-email-addresses-allegedly-leaked-online/"" target=""_blank"" rel=""noopener"">over 200m records scraped from twitter appeared on a popular hacking forum</a>. the data was obtained sometime in 2021 by abusing an api that enabled email addresses to be resolved to twitter profiles. the subsequent results were then composed into a corpus of data containing email addresses alongside public twitter profile information including names, usernames and follower counts.",https://haveibeenpwned.com/content/images/pwnedlogos/twitter.png,"['email addresses', 'names', 'social media profiles', 'usernames']",True,False,False,False,False,False,False
uiggy,uiggy,uiggy.com,2016-06-01,2016-06-27 08:07:18+00:00,2016-06-27 08:07:18+00:00,2682650,"in june 2016, the facebook application known as <a href=""http://www.uiggy.com"" target=""_blank"" rel=""noopener"">uiggy</a> was hacked and 4.3m accounts were exposed, 2.7m of which had email addresses against them. the leaked accounts also exposed names, genders and the facebook id of the owners.",https://haveibeenpwned.com/content/images/pwnedlogos/uiggy.png,"['email addresses', 'genders', 'names', 'social connections', 'website activity']",True,False,False,False,False,False,False
ulmon,ulmon,ulmon.com,2020-01-26,2020-05-08 02:10:50+00:00,2020-05-08 02:14:52+00:00,777769,"in january 2020, the travel app creator <a href=""https://www.ulmon.com/blogging/2020/5/4/information-on-ulmon-user-account-data-breach"" target=""_blank"" rel=""noopener"">ulmon suffered a data breach</a>. the service had almost 1.3m records with 777k unique email addresses, names, passwords stored as bcrypt hashes and in some cases, social media profile ids, telephone numbers and bios. the data was subsequently posted to a popular hacking forum.",https://haveibeenpwned.com/content/images/pwnedlogos/ulmon.png,"['bios', 'email addresses', 'names', 'passwords', 'phone numbers', 'social media profiles']",True,False,False,False,False,False,False
igf,un internet governance forum,intgovforum.org,2014-02-20,2014-02-23 04:32:08+00:00,2014-02-23 04:32:08+00:00,3200,"in february 2014, the internet governance forum (formed by the united nations for policy dialogue on issues of internet governance) was <a href=""http://www.cyberwarnews.info/2014/02/20/united-nations-internet-governance-forum-hacked-3215-accounts-leaked/"" target=""_blank"" rel=""noopener"">attacked by hacker collective known as deletesec</a>. although tasked with &quot;ensuring the security and stability of the internet&quot;, the igf’s website was still breached and resulted in the leak of 3,200 email addresses, names, usernames and cryptographically stored passwords.",https://haveibeenpwned.com/content/images/pwnedlogos/igf.png,"['email addresses', 'names', 'passwords', 'usernames']",True,False,False,False,False,False,False
underworldempire,underworld empire,underworldempireforums.com,2017-04-25,2018-02-19 10:28:11+00:00,2018-02-19 10:28:11+00:00,428779,"in april 2017, <a href=""http://underworldempireforums.com/"" target=""_blank"" rel=""noopener"">the vbulletin forum for the underworld empire game</a> suffered a data breach that exposed 429k accounts. the data was then posted to a hacking forum in mid-february 2018 where it was made available to download. the source data contained ip and email addresses, usernames and salted md5 hashes.",https://haveibeenpwned.com/content/images/pwnedlogos/underworldempire.png,"['email addresses', 'ip addresses', 'passwords', 'usernames']",True,False,False,False,False,False,False
unicocampania,unico campania,unicocampania.it,2020-08-19,2020-08-19 23:29:21+00:00,2020-08-19 23:29:21+00:00,166031,"in august 2020, the neapolitan public transport website <a href=""https://www.fanpage.it/napoli/unico-campania-hackerato-il-sito-65mila-email-e-password-di-utenti-in-rete-subito-disattivati/"" target=""_blank"" rel=""noopener"">unico campania was hacked and the data extensively circulated</a>. the breach contained 166k user records with email addresses and plain text passwords.",https://haveibeenpwned.com/content/images/pwnedlogos/unicocampania.png,"['email addresses', 'passwords']",True,False,False,False,False,False,False
universarium,universarium,universarium.org,2019-11-01,2020-01-03 09:40:01+00:00,2020-01-03 09:54:20+00:00,564962,"in approximately november 2019, the russian &quot;remote preparatory faculty for it specialties&quot; <a href=""https://universarium.org/"" target=""_blank"" rel=""noopener"">universarium</a> suffered a data breach. the incident exposed 565k email addresses and passwords in plain text. universarium did not respond to multiple attempts to make contact over a period of many weeks. the data was provided to hibp by <a href=""https://dehashed.com/"" target=""_blank"" rel=""noopener"">dehashed.com</a>.",https://haveibeenpwned.com/content/images/pwnedlogos/universarium.png,"['email addresses', 'passwords']",True,False,False,False,False,False,False
uc,university of california,universityofcalifornia.edu,2020-12-24,2021-06-20 07:44:34+00:00,2021-07-04 01:03:54+00:00,547422,"in december 2020, <a href=""https://portswigger.net/daily-swig/uc-berkeley-confirms-data-breach-becomes-latest-victim-of-accellion-cyber-attack"" target=""_blank"" rel=""noopener"">the university of california suffered a data breach due to vulnerability in in a third-party provider, accellion</a>. the breach exposed extensive personal data on both students and staff including 547 thousand unique email addresses, names, dates of birth, genders, social security numbers, ethnicities and other academic related data attributes. further analysis is available in <a href=""https://cgorlla.github.io/project/uc"" target=""_blank"" rel=""noopener"">exploring the impact of the uc data breach</a>. the data was provided to hibp courtesy of cyril gorlla.",https://haveibeenpwned.com/content/images/pwnedlogos/uc.png,"['dates of birth', 'education levels', 'email addresses', 'ethnicities', 'genders', 'job titles', 'names', 'phone numbers', 'physical addresses', 'social security numbers']",True,False,False,False,False,False,False
unrealengine,unreal engine,unrealengine.com,2016-08-11,2016-11-07 09:04:54+00:00,2016-11-07 09:04:54+00:00,530147,"in august 2016, <a href=""http://www.zdnet.com/article/epic-games-unreal-engine-forums-hacked-in-latest-data-breach"" target=""_blank"" rel=""noopener"">the unreal engine forum suffered a data breach</a>, allegedly due to a sql injection vulnerability in vbulletin. the attack resulted in the exposure of 530k accounts including usernames, email addresses and salted md5 hashes of passwords.",https://haveibeenpwned.com/content/images/pwnedlogos/unrealengine.png,"['email addresses', 'passwords', 'usernames']",True,False,False,False,False,False,False
astoria,unverified data source,astoriacompany.com,2021-01-26,2021-03-24 01:47:35+00:00,2021-04-12 22:58:35+00:00,11498146,"in january 2021, over 11m unique email addresses were discovered by night lion security alongside an extensive amount of personal information including names, physical and ip addresses, phone numbers and dates of birth. some records also contained social security numbers, driver's license details, personal financial information and health-related data, depending on where the information was sourced from. initially attributed to astoria company, <a href=""https://astoriacompany.com/cyber-update/"" target=""_blank"" rel=""noopener"">they subsequently investigated the incident and confirmed the data did not originate from their services</a>.",https://haveibeenpwned.com/content/images/pwnedlogos/list.png,"['bank account numbers', 'credit status information', 'dates of birth', 'email addresses', 'employers', 'health insurance information', 'income levels', 'ip addresses', 'names', 'personal health data', 'phone numbers', 'physical addresses', 'smoking habits', 'social security numbers']",False,False,False,False,False,False,False
upstox,upstox,upstox.com,2021-04-08,2022-01-19 03:29:03+00:00,2022-01-19 03:29:03+00:00,111002,"in april 2021, indian brokerage firm <a href=""https://www.hackread.com/shinyhunters-broker-firm-upstox-database-leak/"" target=""_blank"" rel=""noopener"">upstox suffered a data breach</a>. the incident exposed extensive personal information on over 100k customers including names, genders, dates of birth, physical addresses, banking information and passwords stored as bcrypt hashes. extensive &quot;know your customer&quot; information was also exposed including scans of bank statements, cheques and identity documents complete with aadhaar numbers. the data was provided to hibp by a source who requested it be attributed to &quot;white_peacock@riseup.net&quot;.",https://haveibeenpwned.com/content/images/pwnedlogos/upstox.png,"['bank account numbers', 'dates of birth', 'email addresses', ""family members' names"", 'genders', 'government issued ids', 'income levels', 'marital statuses', 'nationalities', 'occupations', 'passwords', 'phone numbers', 'physical addresses']",True,False,False,False,False,False,False
utahgunexchange,utah gun exchange,utahgunexchange.com,2020-07-17,2020-08-19 07:56:09+00:00,2020-08-19 08:05:00+00:00,235233,"in july 2020, <a href=""https://www.forbes.com/sites/daveywinder/2020/08/15/gun-owners-beware-hacker-offers-240000-stolen-records-on-dark-web-report-utah-gun-exchange-amazon-cloud/"" target=""_blank"" rel=""noopener"">the utah gun exchange website suffered a data breach</a> which included several other associated websites. in total, 235k unique email addresses were exposed before being traded online alongside names, usernames, genders, ip addresses and password hashes. the data was provided to hibp by <a href=""https://breachbase.pw/"" target=""_blank"" rel=""noopener"">breachbase.pw</a>.",https://haveibeenpwned.com/content/images/pwnedlogos/utahgunexchange.png,"['email addresses', 'genders', 'ip addresses', 'passwords', 'usernames']",True,False,False,False,False,False,False
utorrent,utorrent,utorrent.com,2016-01-14,2016-11-05 22:32:39+00:00,2016-11-05 22:32:39+00:00,395044,"in early 2016, the forum for the utorrent bittorrent client <a href=""https://torrentfreak.com/utorrent-forums-hacked-passwords-compromised-160608/"" target=""_blank"" rel=""noopener"">suffered a data breach</a> which came to light later in the year. the database from the ip.board based forum contained 395k accounts including usernames, email addresses and md5 password hashes without a salt.",https://haveibeenpwned.com/content/images/pwnedlogos/utorrent.png,"['email addresses', 'passwords', 'usernames']",True,False,False,False,False,False,False
uuu9,uuu9,uuu9.com,2016-09-06,2016-12-27 10:05:41+00:00,2016-12-27 10:05:41+00:00,7485802,"in september 2016, data was allegedly obtained from the chinese website known as <a href=""http://www.uuu9.com"" target=""_blank"" rel=""noopener"">uuu9.com</a> and contained 7.5m accounts. whilst there is evidence that the data is legitimate, due to the difficulty of emphatically verifying the chinese breach it has been flagged as &quot;unverified&quot;. the data in the breach contains email addresses and user names. <a href=""https://www.troyhunt.com/handling-chinese-data-breaches-in-have-i-been-pwned/"" target=""_blank"" rel=""noopener"">read more about chinese data breaches in have i been pwned.</a>",https://haveibeenpwned.com/content/images/pwnedlogos/uuu9.png,"['email addresses', 'passwords', 'usernames']",False,False,False,False,False,False,False
vakinha,vakinha,vakinha.com.br,2020-06-22,2020-08-01 05:56:06+00:00,2020-08-01 05:56:06+00:00,4775203,"in june 2020, the brazilian fund raising service <a href=""https://www.bleepingcomputer.com/news/security/hacker-leaks-386-million-user-records-from-18-companies-for-free/"" target=""_blank"" rel=""noopener"">vakinha suffered a data breach</a> which impacted almost 4.8 million members. the exposed data included email addresses, names, phone numbers, geographic locations and passwords stored as bcrypt hashes, all of which was subsequently shared extensively throughout online hacking communities. the data was provided to hibp by <a href=""https://dehashed.com/"" target=""_blank"" rel=""noopener"">dehashed.com</a>.",https://haveibeenpwned.com/content/images/pwnedlogos/vakinha.png,"['dates of birth', 'email addresses', 'ip addresses', 'names', 'passwords', 'phone numbers']",True,False,False,False,False,False,False
vastaamo,vastaamo,vastaamo.fi,2019-03-31,2021-07-17 01:51:01+00:00,2021-08-27 05:37:20+00:00,30433,"in october 2020, the finnish psychotherapy service <a href=""https://www.wired.com/story/vastaamo-psychotherapy-patients-hack-data-breach/"" target=""_blank"" rel=""noopener"">vastaamo was the subject of a ransomware attack targeting first the company itself, followed by their patients directly</a>. the original security incident dates back to a period between late 2018 and early 2019 and exposed data including 30k unique email addresses, names, social security numbers and notes on individuals' psychotherapy sessions. this breach has been flagged as &quot;sensitive&quot; and is only searchable by owners of the email addresses and domains exposed in the incident.",https://haveibeenpwned.com/content/images/pwnedlogos/vastaamo.png,"['email addresses', 'names', 'personal health data', 'social security numbers']",True,False,True,False,False,False,False
vbulletin,vbulletin,vbulletin.com,2015-11-03,2016-01-24 13:15:11+00:00,2016-01-24 13:15:11+00:00,518966,"in november 2015, the forum software maker <a href=""http://www.theregister.co.uk/2015/11/03/vbulletin_forum_software_hacked_defaced/"" target=""_blank"" rel=""noopener"">vbulletin suffered a serious data breach</a>. the attack lead to the release of both forum user and customer accounts totalling almost 519k records. the breach included email addresses, birth dates, security questions and answers for customers and salted hashes of passwords for both sources.",https://haveibeenpwned.com/content/images/pwnedlogos/vbulletin.png,"['dates of birth', 'email addresses', 'homepage urls', 'instant messenger identities', 'ip addresses', 'passwords', 'security questions and answers', 'spoken languages', 'website activity']",True,False,False,False,False,False,False
vedantu,vedantu,vedantu.com,2019-07-08,2019-11-01 05:13:40+00:00,2019-11-01 05:13:40+00:00,686899,"in mid-2019, the indian interactive online tutoring platform <a href=""https://www.vedantu.com/"" target=""_blank"" rel=""noopener"">vedantu</a> suffered a data breach which exposed the personal data of 687k users. the json formatted database dump exposed extensive personal information including email and ip address, names, phone numbers, genders and passwords stored as bcrypt hashes. when contacted about the incident, vedantu advised that they were aware of the breach and were in the process of informing their customers.",https://haveibeenpwned.com/content/images/pwnedlogos/vedantu.png,"['browser user agent details', 'email addresses', 'genders', 'ip addresses', 'names', 'passwords', 'phone numbers', 'spoken languages', 'time zones', 'website activity']",True,False,False,False,False,False,False
verificationsio,verifications.io,verifications.io,2019-02-25,2019-03-09 19:29:54+00:00,2019-03-09 20:49:51+00:00,763117241,"in february 2019, the email address validation service <a href=""https://securitydiscovery.com/800-million-emails-leaked-online-by-email-verification-service"" target=""_blank"" rel=""noopener"">verifications.io suffered a data breach</a>. discovered by <a href=""https://twitter.com/mayhemdayone"" target=""_blank"" rel=""noopener"">bob diachenko</a> and <a href=""https://twitter.com/vinnytroia"" target=""_blank"" rel=""noopener"">vinny troia</a>, the breach was due to the data being stored in a mongodb instance left publicly facing without a password and resulted in 763 million unique email addresses being exposed. many records within the data also included additional personal attributes such as names, phone numbers, ip addresses, dates of birth and genders. no passwords were included in the data. the verifications.io website went offline during the disclosure process, although <a href=""https://web.archive.org/web/20190227230352/https://verifications.io/"" target=""_blank"" rel=""noopener"">an archived copy remains viewable</a>.",https://haveibeenpwned.com/content/images/pwnedlogos/verificationsio.png,"['dates of birth', 'email addresses', 'employers', 'genders', 'geographic locations', 'ip addresses', 'job titles', 'names', 'phone numbers', 'physical addresses']",True,False,False,False,False,False,False
verified,verified,verified.cm,2014-01-10,2014-07-06 04:16:37+00:00,2014-07-06 04:16:37+00:00,16919,"in january 2014, <a href=""http://securityaffairs.co/wordpress/21120/cyber-crime/verified-communities-hacked.html"" target=""_blank"" rel=""noopener"">one of the largest communities of eastern europe cybercriminals known as ""verified"" was hacked</a>. the breach exposed nearly 17k users of the vbulletin forum including their personal messages and other potentially personally identifiable information.",https://haveibeenpwned.com/content/images/pwnedlogos/verified.png,"['email addresses', 'historical passwords', 'ip addresses', 'passwords', 'private messages', 'usernames', 'website activity']",True,False,False,False,False,False,False
vermillion,vermillion,v3rmillion.net,2014-08-30,2023-07-11 08:14:42+00:00,2023-07-11 08:14:42+00:00,8106,"in august 2014, the roblox hacking forum vermillion suffered a data breach that exposed over 8k subscriber records. the breach of the mybb forum exposed email and ip addresses, usernames, dates of birth and salted password hashes.",https://haveibeenpwned.com/content/images/pwnedlogos/vermillion.png,"['dates of birth', 'email addresses', 'ip addresses', 'passwords', 'usernames']",True,False,False,False,False,False,False
vianet,vianet,vianet.com.np,2020-04-08,2020-04-22 03:00:17+00:00,2020-04-22 03:00:17+00:00,94353,"in april 2020, the nepalese internet service provider <a href=""https://myrepublica.nagariknetwork.com/news/hackers-leak-personal-info-of-vianet-users/"" target=""_blank"" rel=""noopener"">vianet suffered a data breach</a>. the attack on the isp led to the exposure of 177k customer records including 94k unique email addresses. also exposed were names, phone numbers and physical addresses.",https://haveibeenpwned.com/content/images/pwnedlogos/vianet.png,"['email addresses', 'names', 'phone numbers', 'physical addresses']",True,False,False,False,False,False,False
victoryphones,victory phones,victoryphones.com,2017-01-01,2017-10-11 21:01:33+00:00,2017-10-11 21:01:33+00:00,166046,"in january 2017, the automated telephony services company <a href=""http://www.zdnet.com/article/republican-polling-firm-hacked-exposing-donor-records/"" target=""_blank"" rel=""noopener"">victory phones left a mongo db database publicly facing without a password</a>. subsequently, 213gb of data was downloaded by an unauthorised party including names, addresses, phone numbers and over 166k unique email addresses.",https://haveibeenpwned.com/content/images/pwnedlogos/victoryphones.png,"['dates of birth', 'email addresses', 'ip addresses', 'names', 'phone numbers', 'physical addresses']",True,False,False,False,False,False,False
viewfines,viewfines,viewfines.co.za,2018-05-07,2018-05-24 09:11:55+00:00,2018-05-24 09:11:55+00:00,777649,"in may 2018, the south african website for viewing traffic fines online known as <a href=""https://www.iafrikan.com/2018/05/24/south-africas-viewfines-suffered-major-data-leak/"" target=""_blank"" rel=""noopener"">viewfines suffered a data breach</a>. over 934k records containing 778k unique email addresses were exposed and included names, phone numbers, government issued ids and passwords stored in plain text.",https://haveibeenpwned.com/content/images/pwnedlogos/viewfines.png,"['email addresses', 'government issued ids', 'names', 'passwords', 'phone numbers']",True,False,False,False,False,False,False
vivaair,viva air,vivaair.com,2022-03-14,2023-09-11 07:11:30+00:00,2023-09-11 07:11:30+00:00,932232,"in march 2022, the now defunct columbian airline <a href=""https://muchohacker.lol/2023/01/viva-air-leak-26-millones-de-datos-privados-de-clientes-de-la-aerolinea-de-bajo-costo-estarian-en-linea-desde-hace-nueve-meses/"" target=""_blank"" rel=""noopener"">viva air suffered a data breach and subsequent ransomware attack</a>. among a trove of other ransomed data, the incident exposed a log of 2.6m transactions with 932k unique email addresses, physical and ip addresses, names, phone numbers and partial credit card data (last 4 digits).",https://haveibeenpwned.com/content/images/pwnedlogos/vivaair.png,"['email addresses', 'ip addresses', 'names', 'partial credit card data', 'phone numbers', 'physical addresses', 'purchases']",True,False,False,False,False,False,False
vk,vk,vk.com,2012-01-01,2016-06-09 09:16:36+00:00,2016-06-09 09:16:36+00:00,93338602,"in approximately 2012, the russian social media site known as <a href=""http://motherboard.vice.com/read/another-day-another-hack-100-million-accounts-for-vk-russias-facebook"" target=""_blank"" rel=""noopener"">vk was hacked</a> and almost 100 million accounts were exposed. the data emerged in june 2016 where it was being sold via a dark market website and included names, phone numbers email addresses and plain text passwords.",https://haveibeenpwned.com/content/images/pwnedlogos/vk.png,"['email addresses', 'names', 'passwords', 'phone numbers']",True,False,False,False,False,False,False
vng,vng,zing.vn,2015-05-19,2018-04-28 07:49:02+00:00,2018-04-28 07:49:02+00:00,24853850,"in april 2018, <a href=""https://congnghe.tuoitre.vn/lo-thong-tin-hang-tram-trieu-tai-khoan-khach-hang-vng-xin-loi-20180427225719109.htm"" target=""_blank"" rel=""noopener"">news broke of a massive data breach impacting the vietnamese company known as vng</a> after data was discovered being traded on a popular hacking forum where it was extensively redistributed. the breach dated back to an incident in may of 2015 and included of over 163 million customers. the data in the breach contained a wide range of personal attributes including usernames, birth dates, genders and home addresses along with unsalted md5 hashes and 25 million unique email addresses. the data was provided to hibp by <a href=""https://dehashed.com/"" target=""_blank"" rel=""noopener"">dehashed.com</a>.",https://haveibeenpwned.com/content/images/pwnedlogos/vng.png,"['dates of birth', 'email addresses', 'genders', 'ip addresses', 'marital statuses', 'names', 'occupations', 'passwords', 'phone numbers', 'physical addresses', 'usernames']",True,False,False,False,False,False,False
vodafone,vodafone,vodafone.is,2013-11-30,2013-11-30 00:00:00+00:00,2019-05-13 12:22:01+00:00,56021,"in november 2013, <a href=""http://thehackernews.com/2013/11/vodafone-iceland-hacked-and-exposed.html"" target=""_blank"" rel=""noopener"">vodafone in iceland suffered an attack</a> attributed to the turkish hacker collective &quot;maxn3y&quot;. the data was consequently publicly exposed and included user names, email addresses, social security numbers, sms message, server logs and passwords from a variety of different internal sources.",https://haveibeenpwned.com/content/images/pwnedlogos/vodafone.png,"['credit cards', 'email addresses', 'government issued ids', 'ip addresses', 'names', 'passwords', 'phone numbers', 'physical addresses', 'purchases', 'sms messages', 'usernames']",True,False,False,False,False,False,False
voidto,void.to,void.to,2019-06-13,2019-09-11 06:47:08+00:00,2019-09-11 06:47:08+00:00,95431,"in june 2019, the hacking website <a href=""https://void.to/"" target=""_blank"" rel=""noopener"">void.to</a> suffered a data breach. there were 95k unique email addresses spread across 86k forum users and other tables in the database. a rival hacking website claimed responsibility for breaching the mybb based forum which disclosed email and ip addresses, usernames, private messages and passwords stored as either salted md5 or bcrypt hashes.",https://haveibeenpwned.com/content/images/pwnedlogos/voidto.png,"['email addresses', 'ip addresses', 'passwords', 'private messages', 'usernames']",True,False,False,False,False,False,False
vtech,vtech,vtechda.com,2015-11-13,2015-11-25 07:00:57+00:00,2015-11-25 07:00:57+00:00,4833678,"in november 2015, <a href=""http://www.troyhunt.com/2015/11/when-children-are-breached-inside.html"" target=""_blank"" rel=""noopener"">hackers extracted more than 4.8 million parents' and 227k children's accounts from vtech's learning lodge website</a>. the hong kong company produces learning products for children including software sold via the compromised website. the data breach exposed extensive personal details including home addresses, security questions and answers and passwords stored as weak md5 hashes. furthermore, children's details including names, ages, genders and associations to their parents' records were also exposed.",https://haveibeenpwned.com/content/images/pwnedlogos/vtech.png,"['dates of birth', 'email addresses', ""family members' names"", 'genders', 'ip addresses', 'names', 'passwords', 'physical addresses', 'security questions and answers', 'usernames', 'website activity']",True,False,False,True,False,False,False
vtightgel,v-tight gel,vtightgel.com,2016-02-13,2017-11-17 07:31:16+00:00,2017-11-17 07:47:39+00:00,2013164,"in approximately february 2016, data surfaced which was allegedly obtained from <a href=""http://vtightgel.com/"" target=""_blank"" rel=""noopener"">v-tight gel (vaginal tightening gel)</a>. whilst the data set was titled v-tight, within there were <a href=""https://pastebin.com/raw/pn7nyjj7"" target=""_blank"" rel=""noopener"">50 other (predominantly wellness-related) domain names</a>, most owned by the same entity. multiple hibp subscribers confirmed that although they couldn't recall providing data specifically to v-tight, their personal information including name, phone and physical address was accurate. v-tight gel did not reply to multiple requests for comment.",https://haveibeenpwned.com/content/images/pwnedlogos/vtightgel.png,"['email addresses', 'ip addresses', 'names', 'phone numbers', 'physical addresses']",False,False,True,False,False,False,False
wakanim,wakanim,wakanim.tv,2022-08-28,2022-10-06 22:44:01+00:00,2022-10-06 22:44:01+00:00,6706951,"in august 2022, the european streaming service <a href=""https://www.animenewsnetwork.com/news/2022-09-07/wakanim-streaming-service-delays-content-after-possible-data-breach/.189234"" target=""_blank"" rel=""noopener"">wakanim suffered a data breach which was subsequently advertised and sold on a popular hacking forum</a>. the breach exposed 6.7m customer records including email, ip and physical addresses, names and usernames.",https://haveibeenpwned.com/content/images/pwnedlogos/wakanim.png,"['browser user agent details', 'email addresses', 'ip addresses', 'names', 'physical addresses', 'usernames']",True,False,False,False,False,False,False
wanelo,wanelo,wanelo.com,2018-12-13,2019-09-30 17:15:11+00:00,2019-10-01 05:39:41+00:00,23165793,"in approximately december 2018, the digital mall <a href=""https://www.zdnet.com/article/a-hacker-has-dumped-nearly-one-billion-user-records-over-the-past-two-months/"" target=""_blank"" rel=""noopener"">wanelo suffered a data breach</a>. the data was later placed up for sale on a dark web marketplace along with a collection of other data breaches in april 2019. a total of 23 million unique email addresses were included in the breach alongside passwords stored as either md5 or bcrypt hashes. after the initial hibp load, further data containing names, shipping addresses and ip addresses were also provided to hibp, albeit without direct association to the email addresses and passwords. the data was provided to hibp by a source who requested it be attributed to &quot;jimscott.sec@protonmail.com&quot;.",https://haveibeenpwned.com/content/images/pwnedlogos/wanelo.png,"['email addresses', 'ip addresses', 'names', 'passwords', 'physical addresses']",True,False,False,False,False,False,False
warinc,war inc.,thewarinc.com,2012-07-04,2016-11-07 11:07:25+00:00,2016-11-07 11:07:25+00:00,1020136,"in mid-2012, the real-time strategy game <a href=""http://thewarinc.com"" target=""_blank"" rel=""noopener"">war inc.</a> suffered a data breach. the attack resulted in the exposure of over 1 million accounts including usernames, email addresses and salted md5 hashes of passwords.",https://haveibeenpwned.com/content/images/pwnedlogos/warinc.png,"['email addresses', 'passwords', 'usernames', 'website activity']",True,False,False,False,False,False,False
warframe,warframe,warframe.com,2014-11-24,2016-07-21 02:25:49+00:00,2016-07-21 02:25:49+00:00,819478,"in november 2014, the online game <a href=""http://motherboard.vice.com/read/gaming-site-warframe-hacked"" target=""_blank"" rel=""noopener"">warframe was hacked</a> and 819k unique email addresses were exposed. allegedly due to a sql injection flaw in drupal, the attack exposed usernames, email addresses and data in a ""pass"" column which adheres to the salted sha12 password hashing pattern used by drupal 7. digital extremes (the developers of warframe), asserts the salted hashes are of ""alias names"" rather than passwords.",https://haveibeenpwned.com/content/images/pwnedlogos/warframe.png,"['email addresses', 'usernames', 'website activity']",True,False,False,False,False,False,False
warmane,warmane,warmane.com,2016-12-01,2018-09-08 07:54:18+00:00,2018-09-08 07:57:44+00:00,1116256,"in approximately december 2016, the online service for world of warcraft private servers <a href=""https://www.warmane.com"" target=""_blank"" rel=""noopener"">warmane</a> suffered a data breach. the incident exposed over 1.1m accounts including usernames, email addresses, dates of birth and salted md5 password hashes. the data was subsequently extensively circulated online and was later provided to hibp by whitehat security researcher and data analyst adam davies.",https://haveibeenpwned.com/content/images/pwnedlogos/warmane.png,"['dates of birth', 'email addresses', 'passwords', 'usernames']",True,False,False,False,False,False,False
washingtonstatefoodworkercard,washington state food worker card,foodworkercard.wa.gov,2022-11-17,2024-03-31 02:34:15+00:00,2024-03-31 02:38:36+00:00,1594305,"in june 2023, <a href=""https://tpchd.org/news/data-breach-exposed-food-worker-card-records-we-are-notifying-those-affected/"" target=""_blank"" rel=""noopener"">the tacoma-pierce county health department announced a data breach of their washington state food worker card online training system</a>. the breach was published to a popular hacking forum the year before and dated back to a 2018 database backup. included in the data were 1.6m unique email addresses along with names, post codes, dates of birth and approximately 9.5k driver's licence numbers.",https://haveibeenpwned.com/content/images/pwnedlogos/tacomapiercecountyhealthdepartment.png,"['dates of birth', ""driver's licenses"", 'email addresses', 'geographic locations', 'names']",True,False,False,False,False,False,False
wattpad,wattpad,wattpad.com,2020-06-29,2020-07-19 22:49:19+00:00,2020-07-19 22:49:19+00:00,268765495,"in june 2020, the user-generated stories website <a href=""https://www.bleepingcomputer.com/news/security/wattpad-data-breach-exposes-account-info-for-millions-of-users/"" target=""_blank"" rel=""noopener"">wattpad suffered a huge data breach that exposed almost 270 million records</a>. the data was initially sold then published on a public hacking forum where it was broadly shared. the incident exposed extensive personal information including names and usernames, email and ip addresses, genders, birth dates and passwords stored as bcrypt hashes.",https://haveibeenpwned.com/content/images/pwnedlogos/wattpad.png,"['bios', 'dates of birth', 'email addresses', 'genders', 'geographic locations', 'ip addresses', 'names', 'passwords', 'social media profiles', 'user website urls', 'usernames']",True,False,False,False,False,False,False
weheartit,we heart it,weheartit.com,2013-11-03,2017-10-14 20:14:58+00:00,2017-10-14 20:14:58+00:00,8600635,"in november 2013, the image-based social network <a href=""http://help.weheartit.com/customer/portal/articles/2889018"" target=""_blank"" rel=""noopener"">we heart it suffered a data breach</a>. the incident wasn't discovered until october 2017 when 8.6 million user records were sent to hibp. the data contained user names, email addresses and password hashes, 80% of which were salted sha-256 with the remainder being md5 with no salt.",https://haveibeenpwned.com/content/images/pwnedlogos/weheartit.png,"['email addresses', 'passwords', 'usernames']",True,False,False,False,False,False,False
wedmegood,wedmegood,wedmegood.com,2021-01-06,2021-05-13 00:08:20+00:00,2021-05-13 00:08:20+00:00,1306723,"in january 2021, the indian wedding planning platform <a href=""https://www.thenewsminute.com/article/wedmegood-and-two-more-sites-hacked-103-crore-users-card-data-leaked-140996"" target=""_blank"" rel=""noopener"">wedmegood suffered a data breach that exposed 1.3 million customers</a>. the breach exposed 41.5gb of data including email and physical addresses, names, genders, phone numbers and password hashes. the data was provided to hibp by <a href=""https://dehashed.com/"" target=""_blank"" rel=""noopener"">dehashed.com</a>.",https://haveibeenpwned.com/content/images/pwnedlogos/wedmegood.png,"['email addresses', 'genders', 'names', 'passwords', 'phone numbers', 'physical addresses']",True,False,False,False,False,False,False
weee,weee,sayweee.com,2022-07-11,2023-02-08 23:17:51+00:00,2023-02-08 23:17:51+00:00,1117405,"in february 2023, <a href=""https://www.bleepingcomputer.com/news/security/weee-grocery-service-confirms-data-breach-11-million-affected/"" target=""_blank"" rel=""noopener"">data belonging to the asian and hispanic food delivery service weee appeared on a popular hacking forum</a>. dating back to mid-2022, the data included 1.1m unique email addresses from 11m rows of orders containing names, phone numbers and delivery instructions.",https://haveibeenpwned.com/content/images/pwnedlogos/weee.png,"['delivery instructions', 'email addresses', 'names', 'phone numbers', 'purchases']",True,False,False,False,False,False,False
weleakinfo,weleakinfo,weleakinfo.com,2021-03-08,2021-03-15 22:48:25+00:00,2021-05-03 11:08:29+00:00,11788,"in march 2021, <a href=""https://krebsonsecurity.com/2021/03/weleakinfo-leaked-customer-payment-info/"" target=""_blank"" rel=""noopener"">the stripe account of the now-defunct weleakinfo service was taken over by &quot;pompompurin&quot;</a> after acquiring an expired domain name with an email address used to manage the account. access to stripe then exposed almost 12k unique email addresses from customers who'd made credit card payments in order to obtain breached data hosted by weleakinfo. the data was subsequently leaked publicly and also included names, payment histories, ip addresses, billing addresses, partial credit card data and the organisation making the purchase.",https://haveibeenpwned.com/content/images/pwnedlogos/weleakinfo.png,"['browser user agent details', 'email addresses', 'employers', 'ip addresses', 'names', 'partial credit card data', 'physical addresses', 'purchases']",True,False,True,False,False,False,False
wendys,wendy's,wendys.com.ph,2018-03-31,2022-05-24 23:50:35+00:00,2022-05-24 23:50:35+00:00,52485,"in march 2018, <a href=""https://www.rappler.com/technology/202040-wendys-philippines-data-breach/"" target=""_blank"" rel=""noopener"">wendy's in the philippines suffered a data breach</a> which impacted over 52k customers and job applicants. the breach exposed extensive personal information including names, email and ip addresses, physical addresses, phone numbers and passwords stored as md5 hashes.",https://haveibeenpwned.com/content/images/pwnedlogos/wendys.png,"['education levels', 'email addresses', 'ip addresses', 'job applications', 'names', 'passwords', 'phone numbers', 'physical addresses']",True,False,False,False,False,False,False
whitepages,whitepages,whitepages.com,2016-06-27,2019-03-27 01:50:45+00:00,2019-03-27 01:50:45+00:00,11657763,"in mid-2016, the telephone and address directory service <a href=""https://www.theregister.co.uk/2019/02/11/620_million_hacked_accounts_dark_web/"" target=""_blank"" rel=""noopener"">whitepages was among a raft of sites that were breached and their data then sold in early-2019</a>. the data included over 11 million unique email addresses alongside names and passwords stored as either a sha-1 or bcrypt hash. the data was provided to hibp by a source who requested it to be attributed to &quot;benjaminblue@exploit.im&quot;.",https://haveibeenpwned.com/content/images/pwnedlogos/whitepages.png,"['email addresses', 'names', 'passwords']",True,False,False,False,False,False,False
whmcs,whmcs,whmcs.com,2012-05-21,2016-06-28 23:47:07+00:00,2016-06-28 23:47:07+00:00,134047,"in may 2012, the web hosting, billing and automation company <a href=""http://news.softpedia.com/news/ugnazi-leaks-1-7-gb-of-data-from-whmcs-servers-270914.shtml"" target=""_blank"" rel=""noopener"">whmcs suffered a data breach</a> that exposed 134k email addresses. the breach included extensive information about customers and payment histories including partial credit card numbers.",https://haveibeenpwned.com/content/images/pwnedlogos/whmcs.png,"['email addresses', 'email messages', 'employers', 'ip addresses', 'names', 'partial credit card data', 'passwords', 'payment histories', 'physical addresses', 'website activity']",True,False,False,False,False,False,False
wienerbuchereien,wiener büchereien,,2019-06-10,2019-06-28 07:51:50+00:00,2019-06-28 07:51:50+00:00,224119,"in june 2019, <a href=""https://futurezone.at/digital-life/wiener-buechereien-gehackt-daten-von-77000-nutzern-im-netz/400524190"" target=""_blank"" rel=""noopener"">the library of vienna (wiener büchereien) suffered a data breach</a>. the compromised data included 224k unique email addresses, names, physical addresses, phone numbers and dates of birth. the breached data was subsequently posted to twitter by the alleged perpetrator of the breach.",https://haveibeenpwned.com/content/images/pwnedlogos/wienerbuchereien.png,"['dates of birth', 'email addresses', 'names', 'phone numbers', 'physical addresses']",True,False,False,False,False,False,False
wifelovers,wife lovers,wifelovers.com,2018-10-07,2018-10-20 20:26:13+00:00,2018-10-23 06:00:07+00:00,1274051,"in october 2018, the site dedicated to posting naked photos and other erotica of wives <a href=""https://arstechnica.com/information-technology/2018/10/hack-on-8-adult-websites-exposes-oodles-of-intimate-user-data/"" target=""_blank"" rel=""noopener"">wife lovers suffered a data breach</a>. the underlying database supported a total of 8 different adult websites and contained over 1.2m unique email addresses. <a href=""https://web.archive.org/web/20181020185005/http://wifelovers.com/"" target=""_blank"" rel=""noopener"">wife lovers acknowledged the breach</a> which impacted names, usernames, email and ip addresses and passwords hashed using the weak descrypt algorithm. the breach has been marked as &quot;sensitive&quot; due to the nature of the site.",https://haveibeenpwned.com/content/images/pwnedlogos/wifelovers.png,"['email addresses', 'ip addresses', 'names', 'passwords', 'usernames']",True,False,True,False,False,False,False
wiiuiso,wiiu iso,wiiuiso.com,2015-09-25,2016-09-06 05:51:12+00:00,2016-09-06 05:51:12+00:00,458155,"in september 2015, the nintendo wii u forum known as <a href=""http://www.wiiuiso.com"" target=""_blank"" rel=""noopener"">wiiu iso</a> was hacked and 458k accounts were exposed. along with email and ip addresses, the vbulletin forum also exposed salted md5 password hashes.",https://haveibeenpwned.com/content/images/pwnedlogos/wiiuiso.png,"['email addresses', 'ip addresses', 'passwords', 'usernames']",True,False,False,False,False,False,False
wildstar,wildstar,wildstar-online.com,2015-07-11,2016-03-06 21:41:16+00:00,2016-03-06 21:41:16+00:00,738556,"in july 2015, the ip.board forum for the gaming website <a href=""http://www.wildstar-online.com"" target=""_blank"" rel=""noopener"">wildstar</a> suffered a data breach that exposed over 738k forum members' accounts. the data was being actively traded on underground forums and included email addresses, birth dates and passwords.",https://haveibeenpwned.com/content/images/pwnedlogos/wildstar.png,"['dates of birth', 'email addresses', 'ip addresses', 'passwords', 'usernames']",True,False,False,False,False,False,False
win7vista,win7vista forum,win7vista.com,2013-09-03,2014-06-01 10:01:32+00:00,2014-06-01 10:01:32+00:00,202683,"in september 2013, the <a href=""http://www.win7vista.com"" target=""_blank"" rel=""noopener"">win7vista</a> windows forum (since renamed to the ""beyond windows 9"" forum) was hacked and later <a href=""http://leak.sx/thread-186933"" target=""_blank"" rel=""noopener"">had its internal database dumped</a>. the dump included over 200k members’ personal information and other internal data extracted from the forum.",https://haveibeenpwned.com/content/images/pwnedlogos/win7vista.png,"['email addresses', 'instant messenger identities', 'ip addresses', 'names', 'passwords', 'private messages', 'usernames', 'website activity']",True,False,False,False,False,False,False
wishbone,wishbone (2016),wishbone.io,2016-08-07,2017-03-15 19:29:52+00:00,2020-05-28 03:55:18+00:00,2247314,"in august 2016, the mobile app to &quot;compare anything&quot; known as <a href=""https://motherboard.vice.com/en_us/article/popular-teen-quiz-app-wishbone-has-been-hacked-exposing-tons-of-user-information"" target=""_blank"" rel=""noopener"">wishbone suffered a data breach</a>. the data contained 9.4 million records with 2.2 million unique email addresses and was allegedly a subset of the complete data set. the exposed data included genders, birthdates, email addresses and phone numbers for an audience predominantly composed of teenagers and young adults.",https://haveibeenpwned.com/content/images/pwnedlogos/wishbone.png,"['auth tokens', 'dates of birth', 'email addresses', 'genders', 'names', 'phone numbers', 'usernames']",True,False,False,False,False,False,False
wishbone2020,wishbone (2020),wishbone.io,2020-01-27,2020-05-28 03:54:44+00:00,2020-05-28 03:54:44+00:00,9705172,"in january 2020, the mobile app to &quot;compare anything&quot; <a href=""https://www.infosecurity-magazine.com/news/wishbone-breach-40-million-records/"" target=""_blank"" rel=""noopener"">wishbone suffered another data breach</a> which followed their breach from 2016. an extensive amount of personal information including almost 10m unique email addresses alongside names, phone numbers geographic locations and other personal attributes were leaked online and extensively redistributed. passwords stored as unsalted md5 hashes were also included in the breach. the data was provided to hibp by a source who requested it be attributed to &quot;all3in&quot;.",https://haveibeenpwned.com/content/images/pwnedlogos/wishbone.png,"['auth tokens', 'dates of birth', 'email addresses', 'genders', 'geographic locations', 'ip addresses', 'names', 'passwords', 'phone numbers', 'profile photos', 'social media profiles', 'usernames']",True,False,False,False,False,False,False
wizishop,wizishop,wizishop.fr,2020-07-14,2020-10-05 03:42:29+00:00,2021-11-25 22:08:12+00:00,2856769,"in july 2020, the french e-commerce platform <a href=""https://www.wizishop.fr/"" target=""_blank"" rel=""noopener"">wizishop</a> suffered a data breach. the breach exposed 18gb worth of data including names, phone numbers, dates of birth, physical and ip addresses, sha-1 password hashes and almost 3 million unique email addresses. the data was provided to hibp by a source who requested it be attributed to &quot;pom@pompur.in&quot;.",https://haveibeenpwned.com/content/images/pwnedlogos/wizishop.png,"['dates of birth', 'email addresses', 'ip addresses', 'names', 'passwords', 'phone numbers', 'physical addresses']",True,False,False,False,False,False,False
wongnai,wongnai,wongnai.com,2020-10-28,2020-11-04 21:14:50+00:00,2020-11-05 04:42:20+00:00,3924454,"in october 2020, <a href=""https://www.bleepingcomputer.com/news/security/hacker-is-selling-34-million-user-records-stolen-from-17-companies/"" target=""_blank"" rel=""noopener"">17 previously undisclosed data breaches appeared for sale</a> including the thai restaurant, hotel and attraction finding service, wongnai. the breach exposed almost 4m unique customer records from some time during 2020 along with names, phone numbers, links to social media profiles and passwords stored as md5 hashes. the data was self-submitted to hibp by wongnai.",https://haveibeenpwned.com/content/images/pwnedlogos/wongnai.png,"['dates of birth', 'email addresses', 'geographic locations', 'ip addresses', 'names', 'passwords', 'phone numbers', 'social media profiles']",True,False,False,False,False,False,False
wotlabs,wotlabs,wotlabs.net,2024-03-03,2024-03-07 03:32:45+00:00,2024-03-07 03:45:25+00:00,21994,"in march 2024, wotlabs (world of tanks statistics and resources) suffered a data breach and <a href=""https://web.archive.org/web/20240303062156/http://forum.wotlabs.net/"" target=""_blank"" rel=""noopener"">website defacement attributed to &quot;chromebook breachers&quot;</a>. the breach exposed 22k forum members' personal data including email and ip addresses, usernames, dates of birth and time zones.",https://haveibeenpwned.com/content/images/pwnedlogos/wotlabs.png,"['dates of birth', 'email addresses', 'ip addresses', 'time zones', 'usernames']",True,False,False,False,False,False,False
wpsandbox,wpsandbox,wpsandbox.io,2018-11-04,2018-11-06 07:26:07+00:00,2018-11-06 07:26:07+00:00,858,"in november 2018, the wordpress sandboxing service that allows people to create temporary websites <a href=""https://wpsandbox.io/"" target=""_blank"" rel=""noopener"">wp sandbox</a> discovered their service was being used to host a phishing site attempting to collect microsoft onedrive accounts. after identifying the malicious site, wp sandbox took it offline, contacted the 858 people who provided information to it then self-submitted their addresses to hibp. the phishing page requested both email addresses and passwords.",https://haveibeenpwned.com/content/images/pwnedlogos/wpsandbox.png,"['email addresses', 'passwords']",True,False,False,False,False,False,False
wpt,wpt amateur poker league,wptapl.com,2014-01-04,2014-02-01 02:57:21+00:00,2014-02-01 02:57:21+00:00,148366,"in january 2014, the <a href=""http://www.wptapl.com"" target=""_blank"" rel=""noopener"">world poker tour (wpt) amateur poker league website</a> was hacked by the twitter user @smitt3nz. the attack resulted in the public disclosure of 175,000 accounts including 148,000 email addresses. the plain text password for each account was also included in the breach.",https://haveibeenpwned.com/content/images/pwnedlogos/wpt.png,"['email addresses', 'passwords']",True,False,False,False,False,False,False
xat,xat,xat.com,2015-11-04,2016-08-05 06:53:35+00:00,2016-08-05 06:53:35+00:00,5968783,"in november 2015, the online chatroom known as <a href=""http://xat.com/databreach.html"" target=""_blank"" rel=""noopener"">&quot;xat&quot; was hacked</a> and 6 million user accounts were exposed. used as a chat engine on websites, the leaked data included usernames, email and ip addresses along with hashed passwords.",https://haveibeenpwned.com/content/images/pwnedlogos/xat.png,"['email addresses', 'ip addresses', 'passwords', 'usernames', 'website activity']",True,False,False,False,False,False,False
xbox360iso,xbox 360 iso,xbox360iso.com,2015-09-25,2017-01-29 07:20:52+00:00,2017-01-29 07:20:52+00:00,1296959,"in approximately september 2015, the xbox 360 forum known as <a href=""http://www.xbox360iso.com"" target=""_blank"" rel=""noopener"">xbox360 iso</a> was hacked and 1.2 million accounts were exposed. along with email and ip addresses, the vbulletin forum also exposed salted md5 password hashes.",https://haveibeenpwned.com/content/images/pwnedlogos/xbox360iso.png,"['email addresses', 'ip addresses', 'passwords', 'usernames']",True,False,False,False,False,False,False
xbox-scene,xbox-scene,xboxscene.com,2015-02-01,2016-02-07 20:26:56+00:00,2016-02-07 20:26:56+00:00,432552,"in approximately february 2015, the xbox forum known as <a href=""http://xboxscene.com/"" target=""_blank"" rel=""noopener"">xbox-scene</a> was hacked and more than 432k accounts were exposed. the ip.board forum included ip addresses and passwords stored as salted hashes using a weak implementation enabling many to be rapidly cracked.",https://haveibeenpwned.com/content/images/pwnedlogos/xbox-scene.png,"['email addresses', 'ip addresses', 'passwords', 'usernames']",True,False,False,False,False,False,False
xhamster,xhamster,xhamster.com,2016-11-28,2018-03-08 02:09:26+00:00,2018-03-08 02:09:26+00:00,377377,"in november 2016, news broke that <a href=""https://motherboard.vice.com/en_us/article/kb7kqx/hackers-are-trading-hundreds-of-thousands-of-xhamster-porn-account-details"" target=""_blank"" rel=""noopener"">hackers were trading hundreds of thousands of xhamster porn account details</a>. in total, the data contained almost 380k unique user records including email addresses, usernames and unsalted md5 password hashes.",https://haveibeenpwned.com/content/images/pwnedlogos/xhamster.png,"['email addresses', 'passwords', 'usernames']",True,False,True,False,False,False,False
xiaomi,xiaomi,xiaomi.cn,2012-08-01,2019-07-21 21:45:31+00:00,2019-07-21 21:45:31+00:00,7088010,"in august 2012, <a href=""https://thehackernews.com/2014/10/xiaomi-data-breach-hacker.html"" target=""_blank"" rel=""noopener"">the xiaomi user forum website suffered a data breach</a>. in all, 7 million email addresses appeared in the breach although a significant portion of them were numeric aliases on the bbs_ml_as_uid.xiaomi.com domain. usernames, ip addresses and passwords stored as salted md5 hashes were also exposed. the data was provided with support from <a href=""https://dehashed.com/"" target=""_blank"" rel=""noopener"">dehashed.com</a>. <a href=""https://www.troyhunt.com/handling-chinese-data-breaches-in-have-i-been-pwned/"" target=""_blank"" rel=""noopener"">read more about chinese data breaches in have i been pwned.</a>",https://haveibeenpwned.com/content/images/pwnedlogos/xiaomi.png,"['email addresses', 'ip addresses', 'passwords', 'usernames']",False,False,False,False,False,False,False
xkcd,xkcd,xkcd.com,2019-07-01,2019-09-01 08:58:32+00:00,2019-09-01 08:58:32+00:00,561991,"in july 2019, <a href=""https://forums.xkcd.com/"" target=""_blank"" rel=""noopener"">the forum for webcomic xkcd</a> suffered a data breach that impacted 562k subscribers. the breached phpbb forum leaked usernames, email and ip addresses and passwords stored in md5 phpbb3 format. the data was provided to hibp by white hat security researcher and data analyst adam davies.",https://haveibeenpwned.com/content/images/pwnedlogos/xkcd.png,"['email addresses', 'ip addresses', 'passwords', 'usernames']",True,False,False,False,False,False,False
xpgamesaves,xpg,xpgamesaves.com,2016-01-01,2017-07-01 15:28:17+00:00,2017-07-01 15:28:17+00:00,890341,"in approximately early 2016, the gaming website <a href=""http://www.xpgamesaves.com/"" target=""_blank"" rel=""noopener"">xpgamesaves</a> (xpg) suffered a data breach resulting in the exposure of 890k unique user records. the data contained email and ip addresses, usernames and salted md5 hashes of passwords. the site was previously reported as compromised on the <a href=""https://vigilante.pw/"" target=""_blank"" rel=""noopener"">vigilante.pw</a> breached database directory. this data was provided by security researcher and data analyst, adam davies.",https://haveibeenpwned.com/content/images/pwnedlogos/xpgamesaves.png,"['email addresses', 'ip addresses', 'passwords', 'usernames']",True,False,False,False,False,False,False
xsplit,xsplit,xsplit.com,2013-11-07,2015-08-08 04:28:48+00:00,2015-08-08 04:28:48+00:00,2983472,"in november 2013, the makers of gaming live streaming and recording software <a href=""https://www.xsplit.com/blog/xsplit-password-reset-alert"" target=""_blank"" rel=""noopener"">xsplit was compromised in an online attack</a>. the data breach leaked almost 3m names, email addresses, usernames and hashed passwords.",https://haveibeenpwned.com/content/images/pwnedlogos/xsplit.png,"['email addresses', 'names', 'passwords', 'usernames']",True,False,False,False,False,False,False
yahoo,yahoo,yahoo.com,2012-07-11,2013-12-04 00:00:00+00:00,2013-12-04 00:00:00+00:00,453427,"in july 2012, yahoo! had their online publishing service &quot;voices&quot; compromised via a sql injection attack. the breach resulted in the disclosure of nearly half a million usernames and passwords stored in plain text. the breach showed that of the compromised accounts, a staggering <a href=""http://www.troyhunt.com/2012/07/what-do-sony-and-yahoo-have-in-common.html"" target=""_blank"" rel=""noopener"">59% of people who also had accounts in the sony breach reused their passwords across both services</a>.",https://haveibeenpwned.com/content/images/pwnedlogos/yahoo.png,"['email addresses', 'passwords']",True,False,False,False,False,False,False
yam,yam,yam.com,2013-06-02,2021-05-22 08:02:31+00:00,2021-05-22 08:02:31+00:00,13258797,"in june 2013, the taiwanese website <a href=""https://twitter.com/stillazureh/status/1383234219153846276"" target=""_blank"" rel=""noopener"">yam.com suffered a data breach which was shared to a popular hacking forum in 2021</a>. the data included 13 million unique email addresses alongside names, usernames, phone numbers, physical addresses, dates of birth and unsalted md5 password hashes.",https://haveibeenpwned.com/content/images/pwnedlogos/yam.png,"['dates of birth', 'email addresses', 'names', 'passwords', 'phone numbers', 'physical addresses', 'usernames']",True,False,False,False,False,False,False
yandex,yandex dump,forum.btcsec.com,2014-09-07,2014-09-12 04:50:32+00:00,2014-09-12 04:50:32+00:00,1186564,"in september 2014, <a href=""http://habrahabr.ru/post/235949/"" target=""_blank"" rel=""noopener"">news broke of a massive leak of accounts from yandex</a>, the russian search engine giants who also provides email services. the purported million &quot;breached&quot; accounts were disclosed at the same time as nearly 5m mail.ru accounts with <a href=""http://globalvoicesonline.org/2014/09/10/russia-email-yandex-mailru-passwords-hacking/"" target=""_blank"" rel=""noopener"">both companies claiming the credentials were acquired via phishing scams</a> rather than being obtained as a result of direct attacks against their services.",https://haveibeenpwned.com/content/images/pwnedlogos/yandex.png,"['email addresses', 'passwords']",True,False,False,False,False,False,False
yatra,yatra,yatra.com,2013-09-01,2018-07-04 23:15:57+00:00,2018-07-04 23:15:57+00:00,5033997,"in september 2013, the indian bookings website known as <a href=""https://www.yatra.com/"" target=""_blank"" rel=""noopener"">yatra</a> had 5 million records exposed in a data breach. the data contained email and physical addresses, dates of birth and phone numbers along with both pins and passwords stored in plain text. the site was previously reported as compromised on the <a href=""https://vigilante.pw/"" target=""_blank"" rel=""noopener"">vigilante.pw</a> breached database directory.",https://haveibeenpwned.com/content/images/pwnedlogos/yatra.png,"['dates of birth', 'email addresses', 'names', 'passwords', 'phone numbers', 'physical addresses', 'pins']",True,False,False,False,False,False,False
yoteprestocom,yotepresto.com,yotepresto.com,2020-06-22,2021-06-25 05:04:47+00:00,2021-06-25 05:04:47+00:00,1444629,"in june 2020, the mexican lending platform <a href=""https://newsbeezer.com/mexicoeng/yotepresto-has-disclosed-the-emails-and-passwords-of-all-1-4-million-customers/"" target=""_blank"" rel=""noopener"">yotepresto.com suffered a data breach</a>. over 1.4 million customers were impacted by the breach which disclosed email and ip addresses, usernames and passwords stored as bcrypt hashes. the data was provided to hibp by <a href=""https://dehashed.com/"" target=""_blank"" rel=""noopener"">dehashed.com</a>.",https://haveibeenpwned.com/content/images/pwnedlogos/yoteprestocom.png,"['email addresses', 'ip addresses', 'passwords', 'usernames']",True,False,False,False,False,False,False
youku,youku,youku.com,2016-12-01,2017-04-15 11:02:35+00:00,2017-04-15 11:02:35+00:00,91890110,"in late 2016, the online chinese video service <a href=""http://www.youku.com"" target=""_blank"" rel=""noopener"">youku</a> suffered a data breach. the incident exposed 92 million unique user accounts and corresponding md5 password hashes. the data was contributed to have i been pwned courtesy of rip@creep.im.",https://haveibeenpwned.com/content/images/pwnedlogos/youku.png,"['email addresses', 'passwords']",True,False,False,False,False,False,False
younow,younow,younow.com,2019-02-15,2019-07-18 08:59:45+00:00,2019-07-18 08:59:45+00:00,18241518,"in february 2019, <a href=""https://techcrunch.com/2019/02/14/hacker-strikes-again/"" target=""_blank"" rel=""noopener"">data from the live broadcasting service younow appeared for sale on a dark web marketplace</a>. whilst it's not clear what date the actual breach occurred on, the impacted data included 18m unique email addresses, ip addresses, names, usernames and links to social media profiles. as authentication is performed via social providers, no passwords were exposed in the breach. many records didn't have associated email addresses thus the unique number is lower than the reported total number of accounts. the data was provided to hibp by a source who requested it be attributed to &quot;jimscott.sec@protonmail.com&quot;.",https://haveibeenpwned.com/content/images/pwnedlogos/younow.png,"['email addresses', 'ip addresses', 'names', 'social media profiles', 'usernames']",True,False,False,False,False,False,False
youporn,youporn,youporn.com,2012-02-21,2015-07-30 05:32:00+00:00,2018-05-20 05:24:11+00:00,1327567,"in february 2012, the adult website youporn <a href=""http://www.huffingtonpost.com/2012/02/22/youporn-hacked-email-addresses-passwords_n_1294502.html"" target=""_blank"" rel=""noopener"">had over 1.3m user accounts exposed in a data breach</a>. the publicly released data included both email addresses and plain text passwords.",https://haveibeenpwned.com/content/images/pwnedlogos/youporn.png,"['email addresses', 'passwords']",True,False,True,False,False,False,False
youvebeenscraped,you've been scraped,,2018-10-05,2018-12-06 19:11:27+00:00,2018-12-06 19:11:27+00:00,66147869,"in october and november 2018, <a href=""https://blog.hackenproof.com/industry-news/new-report-unknown-data-scraper-breach/"" target=""_blank"" rel=""noopener"">security researcher bob diachenko identified several unprotected mongodb instances believed to be hosted by a data aggregator</a>. containing a total of over 66m records, the owner of the data couldn't be identified but it is believed to have been scraped from linkedin hence the title &quot;you've been scraped&quot;. the exposed records included names, both work and personal email addresses, job titles and links to the individuals' linkedin profiles.",https://haveibeenpwned.com/content/images/pwnedlogos/list.png,"['email addresses', 'employers', 'geographic locations', 'job titles', 'names', 'social media profiles']",True,False,False,False,False,False,False
zacks,zacks,zacks.com,2020-05-10,2023-06-10 23:10:02+00:00,2023-06-10 23:23:18+00:00,8929503,"in december 2022, the investment research company <a href=""https://www.zacks.com/breach/"" target=""_blank"" rel=""noopener"">zacks announced a data breach</a>. the following month, <a href=""https://www.bleepingcomputer.com/news/security/zacks-investment-research-data-breach-affects-820-000-clients/"" target=""_blank"" rel=""noopener"">reports emerged of the incident impacting 820k customers</a>. however, in june 2023, a corpus of data with almost 9m zacks customers appeared before being broadly circulated on a popular hacking forum. the most recent data was dated may 2020 and included names, usernames, email and physical addresses, phone numbers and passwords stored as unsalted sha-256 hashes. on disclosure of the larger breach, zacks advised that in addition to their original report &quot;the unauthorised third parties also gained access to encrypted [sic] passwords of zacks.com customers, but only in the encrypted [sic] format&quot;.",https://haveibeenpwned.com/content/images/pwnedlogos/zacks.png,"['email addresses', 'names', 'passwords', 'phone numbers', 'physical addresses', 'usernames']",True,False,False,False,False,False,False
zaphosting,zap-hosting,zap-hosting.com,2021-11-22,2022-03-19 23:48:45+00:00,2022-03-19 23:48:45+00:00,746682,"in november 2021, web host <a href=""https://twitter.com/zaphosting/status/1503346593591873543"" target=""_blank"" rel=""noopener"">zap-hosting suffered a data breach</a> that exposed over 60gb of data containing 746k unique email addresses. the breach also contained support chat logs, ip addresses, names, purchases, physical addresses and phone numbers.",https://haveibeenpwned.com/content/images/pwnedlogos/zaphosting.png,"['browser user agent details', 'chat logs', 'email addresses', 'ip addresses', 'names', 'phone numbers', 'physical addresses', 'purchases']",True,False,False,False,False,False,False
zhenai,zhenai.com,zhenai.com,2011-12-21,2019-07-11 06:31:32+00:00,2019-07-11 06:31:32+00:00,5024908,"in december 2011, the chinese dating site known as <a href=""http://nic.xjtu.edu.cn/info/1018/1909.htm"" target=""_blank"" rel=""noopener"">zhenai.com suffered a data breach</a> that impacted 5 million subscribers. whilst there is evidence that the data is legitimate, due to the difficulty of emphatically verifying the chinese breach it has been flagged as &quot;unverified&quot;. the data in the breach contains email addresses and plain text passwords. <a href=""https://www.troyhunt.com/handling-chinese-data-breaches-in-have-i-been-pwned/"" target=""_blank"" rel=""noopener"">read more about chinese data breaches in have i been pwned.</a>",https://haveibeenpwned.com/content/images/pwnedlogos/zhenai.png,"['email addresses', 'passwords']",False,False,True,False,False,False,False
zomato,zomato,zomato.com,2017-05-17,2017-09-04 21:06:46+00:00,2017-09-04 21:06:46+00:00,16472873,"in may 2017, the restaurant guide website <a href=""https://www.hackread.com/zomato-hacked-17-million-accounts-sold-on-dark-web/"" target=""_blank"" rel=""noopener"">zomato was hacked</a> resulting in the exposure of almost 17 million accounts. the data was consequently redistributed online and contains email addresses, usernames and salted md5 hashes of passwords (the password hash was not present on all accounts). this data was provided to hibp by whitehat security researcher and data analyst adam davies.",https://haveibeenpwned.com/content/images/pwnedlogos/zomato.png,"['email addresses', 'passwords', 'usernames']",True,False,False,False,False,False,False
zoomcar,zoomcar,zoomcar.com,2018-07-01,2020-06-05 02:57:26+00:00,2020-06-05 02:57:26+00:00,3589795,"in july 2018, the indian self-drive car rental company <a href=""https://tech.economictimes.indiatimes.com/news/internet/data-of-3-5-million-zoomcar-customers-up-for-sale/75896086"" target=""_blank"" rel=""noopener"">zoomcar suffered a data breach which was subsequently sold on a dark web marketplace in 2020</a>. the breach exposed over 3.5m records including names, email and ip addresses, phone numbers and passwords stored as bcrypt hashes. the data was provided to hibp by <a href=""https://dehashed.com/"" target=""_blank"" rel=""noopener"">dehashed.com</a>.",https://haveibeenpwned.com/content/images/pwnedlogos/zoomcar.png,"['email addresses', 'ip addresses', 'names', 'passwords', 'phone numbers']",True,False,False,False,False,False,False
zoosk,zoosk (2011),zoosk.com,2011-01-01,2017-02-08 07:59:39+00:00,2020-08-06 21:54:13+00:00,52578183,"in approximately 2011, an alleged breach of the dating website <a href=""https://www.zoosk.com/"" target=""_blank"" rel=""noopener"">zoosk</a> began circulating. comprised of almost 53 million records, the data contained email addresses and plain text passwords. however, during extensive verification in may 2016 <a href=""https://www.troyhunt.com/heres-how-i-verify-data-breaches/"" target=""_blank"" rel=""noopener"">no evidence could be found that the data was indeed sourced from the dating service</a>. this breach has consequently been flagged as <a href=""https://www.troyhunt.com/introducing-fabricated-data-breaches-to-have-i-been-pwned"" target=""_blank"" rel=""noopener"">fabricated</a>; it's highly unlikely the data was sourced from zoosk.",https://haveibeenpwned.com/content/images/pwnedlogos/zoosk.png,"['email addresses', 'passwords']",False,True,True,False,False,False,False
zoosk2020,zoosk (2020),zoosk.com,2020-01-12,2020-08-07 03:46:38+00:00,2020-08-07 03:46:38+00:00,23927853,"in january 2020, the online dating service <a href=""https://grahamcluley.com/zoosk-hacking/"" target=""_blank"" rel=""noopener"">zoosk suffered a data breach</a> which was subsequently shared extensively across online hacking communities. the breach contained 24 million unique email addresses alongside extensive personal information including genders, sexualities, dates of birth, physical attributes such as height and weight, religions, ethnicities and political views. the breach also allegedly exposed md5 password hashes, although the data circulating in hacking circles had this field nulled out. the breach was provided to hibp by <a href=""https://breachbase.pw/"" target=""_blank"" rel=""noopener"">breachbase.pw</a>.",https://haveibeenpwned.com/content/images/pwnedlogos/zoosk.png,"['dates of birth', 'drinking habits', 'education levels', 'email addresses', 'ethnicities', 'family structure', 'genders', 'geographic locations', 'income levels', 'names', 'nicknames', 'physical attributes', 'political views', 'relationship statuses', 'religions', 'sexual orientations', 'smoking habits']",True,False,True,False,False,False,False
zooville,zooville,zooville.org,2019-09-27,2019-10-19 21:22:44+00:00,2019-10-20 21:58:16+00:00,71407,"in september 2019, the zoophilia and bestiality forum <a href=""https://www.zooville.org/threads/security-incident-and-site-rebuild-september-2019.9/"" target=""_blank"" rel=""noopener"">zooville suffered a data breach</a>. the usernames and email addresses of 71k members were accessed via an unpatched vulnerability in the vbulletin forum software then subsequently distributed online. a second data set was later provided to hibp which contained a complete vbulletin database dump including ip addresses, dates of birth and passwords stored as bcrypt hashes. the site administrator advised that following the breach, all data had been deleted from the forum and a new one had been stood up on the xenforo platform. the data was provided to hibp by a source who requested it be attributed to &quot;burger vault&quot;.",https://haveibeenpwned.com/content/images/pwnedlogos/zooville.png,"['dates of birth', 'email addresses', 'ip addresses', 'passwords', 'usernames']",True,False,True,False,False,False,False
zurich,zurich,zurich.co.jp,2023-01-08,2023-01-22 22:30:56+00:00,2023-01-22 22:30:56+00:00,756737,"in january 2023, <a href=""https://therecord.media/millions-of-aflac-zurich-insurance-customers-in-japan-have-data-leaked-after-breach/"" target=""_blank"" rel=""noopener"">the japanese arm of zurich insurance suffered a data breach that exposed 2.6m customer records with over 756k unique email addresses</a>. the data was subsequently posted to a popular hacking forum and also included names, genders, dates of birth and details of insured vehicles. the data was provided to hibp by a source who requested it be attributed to &quot;intelbroker&quot;.",https://haveibeenpwned.com/content/images/pwnedlogos/zurich.png,"['dates of birth', 'email addresses', 'genders', 'names', 'vehicle details']",True,False,False,False,False,False,False
zynga,zynga,zynga.com,2019-09-01,2019-12-19 04:54:45+00:00,2020-01-11 00:41:51+00:00,172869660,"in september 2019, game developer <a href=""https://www.cnet.com/news/words-with-friends-hack-reportedly-exposes-data-of-more-than-200m-players/"" target=""_blank"" rel=""noopener"">zynga (the creator of words with friends) suffered a data breach</a>. the incident exposed 173m unique email addresses alongside usernames and passwords stored as salted sha-1 hashes. the data was provided to hibp by <a href=""https://dehashed.com/"" target=""_blank"" rel=""noopener"">dehashed.com</a>.",https://haveibeenpwned.com/content/images/pwnedlogos/zynga.png,"['email addresses', 'passwords', 'phone numbers', 'usernames']",True,False,False,False,False,False,False
parapa,пара па,parapa.mail.ru,2016-08-08,2016-12-28 07:03:17+00:00,2016-12-28 07:03:17+00:00,4946850,"in august 2016, <a href=""http://www.zdnet.com/article/over-25-million-accounts-stolen-after-mail-ru-forums-raided-by-hackers/"" target=""_blank"" rel=""noopener"">the russian gaming site known as пара па (or parapa.mail.ru) was hacked</a> along with a number of other forums on the russian mail provider, mail.ru. the vbulletin forum contained 4.9 million accounts including usernames, email addresses and passwords stored as salted md5 hashes.",https://haveibeenpwned.com/content/images/pwnedlogos/parapa.png,"['email addresses', 'passwords', 'usernames']",True,False,False,False,False,False,False
sprashivairu,спрашивай.ру,sprashivai.ru,2015-05-11,2015-05-12 23:50:08+00:00,2015-05-12 23:50:08+00:00,3474763,"in may 2015, <a href=""http://sprashivai.ru/"" target=""_blank"" rel=""noopener"">спрашивай.ру</a> (a the russian website for anonymous reviews) was <a href=""http://tjournal.ru/p/sprashivairu-passwords-leak"" target=""_blank"" rel=""noopener"">reported to have had 6.7 million user details exposed</a> by a hacker known as &quot;w0rm&quot;. intended to be a site for expressing anonymous opinions, the leaked data included email addresses, birth dates and other personally identifiable data about almost 3.5 million unique email addresses found in the leak.",https://haveibeenpwned.com/content/images/pwnedlogos/sprashivairu.png,"['dates of birth', 'email addresses', 'genders', 'geographic locations', 'ip addresses', 'passwords', 'spoken languages']",True,False,False,False,False,False,False
decoratingthehouse,집꾸미기,ggumim.co.kr,2020-03-27,2020-08-02 05:34:42+00:00,2020-08-02 05:34:42+00:00,1298651,"in march 2020, the korean interior decoration website <a href=""https://www.bleepingcomputer.com/news/security/hacker-leaks-386-million-user-records-from-18-companies-for-free/"" target=""_blank"" rel=""noopener"">???? (decorating the house) suffered a data breach</a> which impacted almost 1.3 million members. served via the url <a href=""https://www.ggumim.co.kr/"" target=""_blank"" rel=""noopener"">ggumim.co.kr</a>, the exposed data included email addresses, names, usernames and phone numbers, all of which was subsequently shared extensively throughout online hacking communities. the data was provided to hibp by <a href=""https://breachbase.pw/"" target=""_blank"" rel=""noopener"">breachbase.pw</a>.",https://haveibeenpwned.com/content/images/pwnedlogos/decoratingthehouse.png,"['email addresses', 'names', 'phone numbers', 'usernames']",True,False,False,False,False,False,False
